week_ending,influenza_season,estimate,mmwr_year,mmwr_week,as_of_date,race_and_ethnicity,current_season_week_ending_label
2022-08-27T00:00:00.000,2022-2023,0.841,2022,34,,Overall,2025-08-23 00:00:00.0000000
2022-09-03T00:00:00.000,2022-2023,1.61,2022,35,,Overall,2025-08-30 00:00:00.0000000
2021-05-01T00:00:00.000,2020-2021,37.17,2021,17,,Hispanic,2026-04-25 00:00:00.0000000
2021-05-08T00:00:00.000,2020-2021,37.19,2021,18,,Hispanic,2026-05-02 00:00:00.0000000
2021-05-15T00:00:00.000,2020-2021,37.2,2021,19,,Hispanic,2026-05-09 00:00:00.0000000
2021-05-22T00:00:00.000,2020-2021,37.21,2021,20,,Hispanic,2026-05-16 00:00:00.0000000
2021-05-29T00:00:00.000,2020-2021,37.23,2021,21,,Hispanic,2026-05-23 00:00:00.0000000
2021-08-07T00:00:00.000,2021-2022,0.0698,2021,31,,Hispanic,2025-08-02 00:00:00.0000000
2021-08-14T00:00:00.000,2021-2022,0.204,2021,32,,Hispanic,2025-08-09 00:00:00.0000000
2021-08-21T00:00:00.000,2021-2022,0.4749999999999999,2021,33,,Hispanic,2025-08-16 00:00:00.0000000
2021-08-28T00:00:00.000,2021-2022,0.8840000000000001,2021,34,,Hispanic,2025-08-23 00:00:00.0000000
2021-09-04T00:00:00.000,2021-2022,1.61,2021,35,,Hispanic,2025-08-30 00:00:00.0000000
2021-09-11T00:00:00.000,2021-2022,2.75,2021,36,,Hispanic,2025-09-06 00:00:00.0000000
2021-09-18T00:00:00.000,2021-2022,4.57,2021,37,,Hispanic,2025-09-13 00:00:00.0000000
2021-09-25T00:00:00.000,2021-2022,7.03,2021,38,,Hispanic,2025-09-20 00:00:00.0000000
2019-08-10T00:00:00.000,2019-2020,0.184,2019,32,,Overall,2025-08-02 00:00:00.0000000
2019-08-17T00:00:00.000,2019-2020,0.447,2019,33,,Overall,2025-08-09 00:00:00.0000000
2019-08-24T00:00:00.000,2019-2020,0.881,2019,34,,Overall,2025-08-16 00:00:00.0000000
2019-08-31T00:00:00.000,2019-2020,1.58,2019,35,,Overall,2025-08-23 00:00:00.0000000
2019-09-07T00:00:00.000,2019-2020,2.75,2019,36,,Overall,2025-08-30 00:00:00.0000000
2019-09-14T00:00:00.000,2019-2020,5.1,2019,37,,Overall,2025-09-06 00:00:00.0000000
2019-09-21T00:00:00.000,2019-2020,8.66,2019,38,,Overall,2025-09-13 00:00:00.0000000
2019-09-28T00:00:00.000,2019-2020,13.56,2019,39,,Overall,2025-09-20 00:00:00.0000000
2019-10-05T00:00:00.000,2019-2020,19.92,2019,40,,Overall,2025-09-27 00:00:00.0000000
2019-10-12T00:00:00.000,2019-2020,26.700000000000003,2019,41,,Overall,2025-10-04 00:00:00.0000000
2019-10-19T00:00:00.000,2019-2020,32.85,2019,42,,Overall,2025-10-11 00:00:00.0000000
2019-10-26T00:00:00.000,2019-2020,38.36,2019,43,,Overall,2025-10-18 00:00:00.0000000
2019-11-02T00:00:00.000,2019-2020,42.36,2019,44,,Overall,2025-10-25 00:00:00.0000000
2019-11-09T00:00:00.000,2019-2020,45.42,2019,45,,Overall,2025-11-01 00:00:00.0000000
2019-11-16T00:00:00.000,2019-2020,47.66,2019,46,,Overall,2025-11-08 00:00:00.0000000
2019-11-23T00:00:00.000,2019-2020,49.53,2019,47,,Overall,2025-11-15 00:00:00.0000000
2019-11-30T00:00:00.000,2019-2020,50.370000000000005,2019,48,,Overall,2025-11-22 00:00:00.0000000
2019-12-07T00:00:00.000,2019-2020,51.48,2019,49,,Overall,2025-11-29 00:00:00.0000000
2019-12-14T00:00:00.000,2019-2020,52.45,2019,50,,Overall,2025-12-06 00:00:00.0000000
2019-12-21T00:00:00.000,2019-2020,53.17,2019,51,,Overall,2025-12-13 00:00:00.0000000
2019-12-28T00:00:00.000,2019-2020,53.45,2019,52,,Overall,2025-12-20 00:00:00.0000000
2020-01-04T00:00:00.000,2019-2020,53.75,2020,1,,Overall,2025-12-27 00:00:00.0000000
2020-01-11T00:00:00.000,2019-2020,54.2,2020,2,,Overall,2026-01-03 00:00:00.0000000
2020-01-18T00:00:00.000,2019-2020,54.56,2020,3,,Overall,2026-01-10 00:00:00.0000000
2020-01-25T00:00:00.000,2019-2020,54.83,2020,4,,Overall,2026-01-17 00:00:00.0000000
2020-02-01T00:00:00.000,2019-2020,55.08,2020,5,,Overall,2026-01-24 00:00:00.0000000
2020-02-08T00:00:00.000,2019-2020,55.28,2020,6,,Overall,2026-01-31 00:00:00.0000000
2020-02-15T00:00:00.000,2019-2020,55.44,2020,7,,Overall,2026-02-07 00:00:00.0000000
2020-02-22T00:00:00.000,2019-2020,55.58,2020,8,,Overall,2026-02-14 00:00:00.0000000
2020-02-29T00:00:00.000,2019-2020,55.73,2020,9,,Overall,2026-02-21 00:00:00.0000000
2020-03-07T00:00:00.000,2019-2020,55.900000000000006,2020,10,,Overall,2026-02-28 00:00:00.0000000
2020-03-14T00:00:00.000,2019-2020,56.05,2020,11,,Overall,2026-03-07 00:00:00.0000000
2020-03-21T00:00:00.000,2019-2020,56.11000000000001,2020,12,,Overall,2026-03-14 00:00:00.0000000
2020-03-28T00:00:00.000,2019-2020,56.14,2020,13,,Overall,2026-03-21 00:00:00.0000000
2020-04-04T00:00:00.000,2019-2020,56.15,2020,14,,Overall,2026-03-28 00:00:00.0000000
2020-04-11T00:00:00.000,2019-2020,56.16,2020,15,,Overall,2026-04-04 00:00:00.0000000
2020-04-18T00:00:00.000,2019-2020,56.17,2020,16,,Overall,2026-04-11 00:00:00.0000000
2020-04-25T00:00:00.000,2019-2020,56.18,2020,17,,Overall,2026-04-18 00:00:00.0000000
2020-05-02T00:00:00.000,2019-2020,56.18,2020,18,,Overall,2026-04-25 00:00:00.0000000
2020-05-09T00:00:00.000,2019-2020,56.19,2020,19,,Overall,2026-05-02 00:00:00.0000000
2020-05-16T00:00:00.000,2019-2020,56.2,2020,20,,Overall,2026-05-09 00:00:00.0000000
2020-05-23T00:00:00.000,2019-2020,56.21000000000001,2020,21,,Overall,2026-05-16 00:00:00.0000000
2020-05-30T00:00:00.000,2019-2020,56.220000000000006,2020,22,,Overall,2026-05-23 00:00:00.0000000
2020-08-08T00:00:00.000,2020-2021,0.0952,2020,32,,Overall,2025-08-02 00:00:00.0000000
2020-08-15T00:00:00.000,2020-2021,0.4849999999999999,2020,33,,Overall,2025-08-09 00:00:00.0000000
2020-08-22T00:00:00.000,2020-2021,1.72,2020,34,,Overall,2025-08-16 00:00:00.0000000
2020-08-29T00:00:00.000,2020-2021,3.49,2020,35,,Overall,2025-08-23 00:00:00.0000000
2020-09-05T00:00:00.000,2020-2021,6.370000000000001,2020,36,,Overall,2025-08-30 00:00:00.0000000
2020-09-12T00:00:00.000,2020-2021,10.33,2020,37,,Overall,2025-09-06 00:00:00.0000000
2020-09-19T00:00:00.000,2020-2021,15.96,2020,38,,Overall,2025-09-13 00:00:00.0000000
2020-09-26T00:00:00.000,2020-2021,22.02,2020,39,,Overall,2025-09-20 00:00:00.0000000
2020-10-03T00:00:00.000,2020-2021,28.58,2020,40,,Overall,2025-09-27 00:00:00.0000000
2020-10-10T00:00:00.000,2020-2021,35.54,2020,41,,Overall,2025-10-04 00:00:00.0000000
2020-10-17T00:00:00.000,2020-2021,41.260000000000005,2020,42,,Overall,2025-10-11 00:00:00.0000000
2020-10-24T00:00:00.000,2020-2021,45.86,2020,43,,Overall,2025-10-18 00:00:00.0000000
2020-10-31T00:00:00.000,2020-2021,49.09,2020,44,,Overall,2025-10-25 00:00:00.0000000
2020-11-07T00:00:00.000,2020-2021,51.190000000000005,2020,45,,Overall,2025-11-01 00:00:00.0000000
2020-11-14T00:00:00.000,2020-2021,52.82,2020,46,,Overall,2025-11-08 00:00:00.0000000
2020-11-21T00:00:00.000,2020-2021,54.1,2020,47,,Overall,2025-11-15 00:00:00.0000000
2020-11-28T00:00:00.000,2020-2021,54.67,2020,48,,Overall,2025-11-22 00:00:00.0000000
2020-12-05T00:00:00.000,2020-2021,55.36,2020,49,,Overall,2025-11-29 00:00:00.0000000
2020-12-12T00:00:00.000,2020-2021,55.92,2020,50,,Overall,2025-12-06 00:00:00.0000000
2020-12-19T00:00:00.000,2020-2021,56.330000000000005,2020,51,,Overall,2025-12-13 00:00:00.0000000
2020-12-26T00:00:00.000,2020-2021,56.52,2020,52,,Overall,2025-12-20 00:00:00.0000000
2021-01-02T00:00:00.000,2020-2021,56.69,2020,53,,Overall,2025-12-27 00:00:00.0000000
2021-01-09T00:00:00.000,2020-2021,56.89999999999999,2021,1,,Overall,2026-01-03 00:00:00.0000000
2021-01-16T00:00:00.000,2020-2021,57.07,2021,2,,Overall,2026-01-10 00:00:00.0000000
2021-01-23T00:00:00.000,2020-2021,57.2,2021,3,,Overall,2026-01-17 00:00:00.0000000
2021-01-30T00:00:00.000,2020-2021,57.31,2021,4,,Overall,2026-01-24 00:00:00.0000000
2021-02-06T00:00:00.000,2020-2021,57.38999999999999,2021,5,,Overall,2026-01-31 00:00:00.0000000
2021-02-13T00:00:00.000,2020-2021,57.45,2021,6,,Overall,2026-02-07 00:00:00.0000000
2021-02-20T00:00:00.000,2020-2021,57.49,2021,7,,Overall,2026-02-14 00:00:00.0000000
2021-02-27T00:00:00.000,2020-2021,57.55,2021,8,,Overall,2026-02-21 00:00:00.0000000
2021-03-06T00:00:00.000,2020-2021,57.59,2021,9,,Overall,2026-02-28 00:00:00.0000000
2021-03-13T00:00:00.000,2020-2021,57.63,2021,10,,Overall,2026-03-07 00:00:00.0000000
2021-03-20T00:00:00.000,2020-2021,57.66,2021,11,,Overall,2026-03-14 00:00:00.0000000
2021-03-27T00:00:00.000,2020-2021,57.69,2021,12,,Overall,2026-03-21 00:00:00.0000000
2023-09-30T00:00:00.000,2023-2024,9.64,2023,39,,Hispanic,2025-09-27 00:00:00.0000000
2023-09-23T00:00:00.000,2023-2024,7.199999999999999,2023,38,,Hispanic,2025-09-20 00:00:00.0000000
2023-08-26T00:00:00.000,2023-2024,1.35,2023,34,,"Other, Non-Hispanic",2025-08-23 00:00:00.0000000
2023-08-05T00:00:00.000,2023-2024,0.102,2023,31,,"Asian, Non-Hispanic",2025-08-02 00:00:00.0000000
2023-08-19T00:00:00.000,2023-2024,0.7359999999999999,2023,33,,"Other, Non-Hispanic",2025-08-16 00:00:00.0000000
2023-08-26T00:00:00.000,2023-2024,1.91,2023,34,,"Asian, Non-Hispanic",2025-08-23 00:00:00.0000000
2023-08-12T00:00:00.000,2023-2024,0.4089999999999999,2023,32,,"Asian, Non-Hispanic",2025-08-09 00:00:00.0000000
2019-08-10T00:00:00.000,2019-2020,0.184,2019,32,,"White, Non-Hispanic",2025-08-02 00:00:00.0000000
2019-08-17T00:00:00.000,2019-2020,0.447,2019,33,,"White, Non-Hispanic",2025-08-09 00:00:00.0000000
2022-01-29T00:00:00.000,2021-2022,53.13,2022,4,,Overall,2026-01-24 00:00:00.0000000
2022-02-05T00:00:00.000,2021-2022,53.290000000000006,2022,5,,Overall,2026-01-31 00:00:00.0000000
2022-02-12T00:00:00.000,2021-2022,53.43,2022,6,,Overall,2026-02-07 00:00:00.0000000
2022-02-19T00:00:00.000,2021-2022,53.54,2022,7,,Overall,2026-02-14 00:00:00.0000000
2022-02-26T00:00:00.000,2021-2022,53.63,2022,8,,Overall,2026-02-21 00:00:00.0000000
2022-03-05T00:00:00.000,2021-2022,53.71,2022,9,,Overall,2026-02-28 00:00:00.0000000
2022-03-12T00:00:00.000,2021-2022,53.77,2022,10,,Overall,2026-03-07 00:00:00.0000000
2022-03-19T00:00:00.000,2021-2022,53.82,2022,11,,Overall,2026-03-14 00:00:00.0000000
2022-03-26T00:00:00.000,2021-2022,53.86,2022,12,,Overall,2026-03-21 00:00:00.0000000
2022-04-02T00:00:00.000,2021-2022,53.900000000000006,2022,13,,Overall,2026-03-28 00:00:00.0000000
2022-04-09T00:00:00.000,2021-2022,53.92,2022,14,,Overall,2026-04-04 00:00:00.0000000
2022-04-16T00:00:00.000,2021-2022,53.94,2022,15,,Overall,2026-04-11 00:00:00.0000000
2022-04-23T00:00:00.000,2021-2022,53.96,2022,16,,Overall,2026-04-18 00:00:00.0000000
2022-04-30T00:00:00.000,2021-2022,53.98,2022,17,,Overall,2026-04-25 00:00:00.0000000
2022-05-07T00:00:00.000,2021-2022,53.99,2022,18,,Overall,2026-05-02 00:00:00.0000000
2022-05-14T00:00:00.000,2021-2022,54.0,2022,19,,Overall,2026-05-09 00:00:00.0000000
2022-05-21T00:00:00.000,2021-2022,54.02,2022,20,,Overall,2026-05-16 00:00:00.0000000
2022-05-28T00:00:00.000,2021-2022,54.03,2022,21,,Overall,2026-05-23 00:00:00.0000000
2022-01-01T00:00:00.000,2021-2022,53.510000000000005,2021,52,,"White, Non-Hispanic",2025-12-27 00:00:00.0000000
2022-01-08T00:00:00.000,2021-2022,53.89000000000001,2022,1,,"White, Non-Hispanic",2026-01-03 00:00:00.0000000
2022-01-15T00:00:00.000,2021-2022,54.23,2022,2,,"White, Non-Hispanic",2026-01-10 00:00:00.0000000
2022-01-22T00:00:00.000,2021-2022,54.46,2022,3,,"White, Non-Hispanic",2026-01-17 00:00:00.0000000
2022-01-29T00:00:00.000,2021-2022,54.67,2022,4,,"White, Non-Hispanic",2026-01-24 00:00:00.0000000
2022-02-05T00:00:00.000,2021-2022,54.82,2022,5,,"White, Non-Hispanic",2026-01-31 00:00:00.0000000
2022-02-12T00:00:00.000,2021-2022,54.96,2022,6,,"White, Non-Hispanic",2026-02-07 00:00:00.0000000
2022-02-19T00:00:00.000,2021-2022,55.06999999999999,2022,7,,"White, Non-Hispanic",2026-02-14 00:00:00.0000000
2022-02-26T00:00:00.000,2021-2022,55.15,2022,8,,"White, Non-Hispanic",2026-02-21 00:00:00.0000000
2022-03-05T00:00:00.000,2021-2022,55.23,2022,9,,"White, Non-Hispanic",2026-02-28 00:00:00.0000000
2022-03-12T00:00:00.000,2021-2022,55.28,2022,10,,"White, Non-Hispanic",2026-03-07 00:00:00.0000000
2022-03-19T00:00:00.000,2021-2022,55.33,2022,11,,"White, Non-Hispanic",2026-03-14 00:00:00.0000000
2022-03-26T00:00:00.000,2021-2022,55.37,2022,12,,"White, Non-Hispanic",2026-03-21 00:00:00.0000000
2022-04-02T00:00:00.000,2021-2022,55.41,2022,13,,"White, Non-Hispanic",2026-03-28 00:00:00.0000000
2022-04-09T00:00:00.000,2021-2022,55.43,2022,14,,"White, Non-Hispanic",2026-04-04 00:00:00.0000000
2022-04-16T00:00:00.000,2021-2022,55.45,2022,15,,"White, Non-Hispanic",2026-04-11 00:00:00.0000000
2022-04-23T00:00:00.000,2021-2022,55.47,2022,16,,"White, Non-Hispanic",2026-04-18 00:00:00.0000000
2022-04-30T00:00:00.000,2021-2022,55.48,2022,17,,"White, Non-Hispanic",2026-04-25 00:00:00.0000000
2022-05-07T00:00:00.000,2021-2022,55.50000000000001,2022,18,,"White, Non-Hispanic",2026-05-02 00:00:00.0000000
2022-05-14T00:00:00.000,2021-2022,55.510000000000005,2022,19,,"White, Non-Hispanic",2026-05-09 00:00:00.0000000
2022-05-21T00:00:00.000,2021-2022,55.52,2022,20,,"White, Non-Hispanic",2026-05-16 00:00:00.0000000
2022-05-28T00:00:00.000,2021-2022,55.53,2022,21,,"White, Non-Hispanic",2026-05-23 00:00:00.0000000
2022-01-01T00:00:00.000,2021-2022,37.52,2021,52,,"Black, Non-Hispanic",2025-12-27 00:00:00.0000000
2022-01-08T00:00:00.000,2021-2022,37.88,2022,1,,"Black, Non-Hispanic",2026-01-03 00:00:00.0000000
2022-01-15T00:00:00.000,2021-2022,38.25,2022,2,,"Black, Non-Hispanic",2026-01-10 00:00:00.0000000
2022-01-22T00:00:00.000,2021-2022,38.52,2022,3,,"Black, Non-Hispanic",2026-01-17 00:00:00.0000000
2022-01-29T00:00:00.000,2021-2022,38.8,2022,4,,"Black, Non-Hispanic",2026-01-24 00:00:00.0000000
2022-02-05T00:00:00.000,2021-2022,39.0,2022,5,,"Black, Non-Hispanic",2026-01-31 00:00:00.0000000
2022-02-12T00:00:00.000,2021-2022,39.2,2022,6,,"Black, Non-Hispanic",2026-02-07 00:00:00.0000000
2022-02-19T00:00:00.000,2021-2022,39.36,2022,7,,"Black, Non-Hispanic",2026-02-14 00:00:00.0000000
2022-02-26T00:00:00.000,2021-2022,39.49,2022,8,,"Black, Non-Hispanic",2026-02-21 00:00:00.0000000
2022-03-05T00:00:00.000,2021-2022,39.6,2022,9,,"Black, Non-Hispanic",2026-02-28 00:00:00.0000000
2022-03-12T00:00:00.000,2021-2022,39.68,2022,10,,"Black, Non-Hispanic",2026-03-07 00:00:00.0000000
2022-03-19T00:00:00.000,2021-2022,39.75,2022,11,,"Black, Non-Hispanic",2026-03-14 00:00:00.0000000
2022-03-26T00:00:00.000,2021-2022,39.81,2022,12,,"Black, Non-Hispanic",2026-03-21 00:00:00.0000000
2022-04-02T00:00:00.000,2021-2022,39.87,2022,13,,"Black, Non-Hispanic",2026-03-28 00:00:00.0000000
2022-04-09T00:00:00.000,2021-2022,39.900000000000006,2022,14,,"Black, Non-Hispanic",2026-04-04 00:00:00.0000000
2022-04-16T00:00:00.000,2021-2022,39.92,2022,15,,"Black, Non-Hispanic",2026-04-11 00:00:00.0000000
2022-04-23T00:00:00.000,2021-2022,39.95,2022,16,,"Black, Non-Hispanic",2026-04-18 00:00:00.0000000
2022-04-30T00:00:00.000,2021-2022,39.97,2022,17,,"Black, Non-Hispanic",2026-04-25 00:00:00.0000000
2022-05-07T00:00:00.000,2021-2022,39.99,2022,18,,"Black, Non-Hispanic",2026-05-02 00:00:00.0000000
2022-05-14T00:00:00.000,2021-2022,40.0,2022,19,,"Black, Non-Hispanic",2026-05-09 00:00:00.0000000
2022-05-21T00:00:00.000,2021-2022,40.02,2022,20,,"Black, Non-Hispanic",2026-05-16 00:00:00.0000000
2022-05-28T00:00:00.000,2021-2022,40.03,2022,21,,"Black, Non-Hispanic",2026-05-23 00:00:00.0000000
2022-01-01T00:00:00.000,2021-2022,49.51,2021,52,,"Other, Non-Hispanic",2025-12-27 00:00:00.0000000
2022-01-08T00:00:00.000,2021-2022,49.86,2022,1,,"Other, Non-Hispanic",2026-01-03 00:00:00.0000000
2022-01-15T00:00:00.000,2021-2022,50.2,2022,2,,"Other, Non-Hispanic",2026-01-10 00:00:00.0000000
2022-01-22T00:00:00.000,2021-2022,50.44,2022,3,,"Other, Non-Hispanic",2026-01-17 00:00:00.0000000
2022-01-29T00:00:00.000,2021-2022,50.66,2022,4,,"Other, Non-Hispanic",2026-01-24 00:00:00.0000000
2022-02-05T00:00:00.000,2021-2022,50.82,2022,5,,"Other, Non-Hispanic",2026-01-31 00:00:00.0000000
2022-02-12T00:00:00.000,2021-2022,50.98,2022,6,,"Other, Non-Hispanic",2026-02-07 00:00:00.0000000
2022-02-19T00:00:00.000,2021-2022,51.11,2022,7,,"Other, Non-Hispanic",2026-02-14 00:00:00.0000000
2022-02-26T00:00:00.000,2021-2022,51.2,2022,8,,"Other, Non-Hispanic",2026-02-21 00:00:00.0000000
2022-03-05T00:00:00.000,2021-2022,51.29,2022,9,,"Other, Non-Hispanic",2026-02-28 00:00:00.0000000
2022-03-12T00:00:00.000,2021-2022,51.370000000000005,2022,10,,"Other, Non-Hispanic",2026-03-07 00:00:00.0000000
2022-03-19T00:00:00.000,2021-2022,51.43,2022,11,,"Other, Non-Hispanic",2026-03-14 00:00:00.0000000
2022-03-26T00:00:00.000,2021-2022,51.48,2022,12,,"Other, Non-Hispanic",2026-03-21 00:00:00.0000000
2022-04-02T00:00:00.000,2021-2022,51.54,2022,13,,"Other, Non-Hispanic",2026-03-28 00:00:00.0000000
2022-04-09T00:00:00.000,2021-2022,51.57000000000001,2022,14,,"Other, Non-Hispanic",2026-04-04 00:00:00.0000000
2022-04-16T00:00:00.000,2021-2022,51.59,2022,15,,"Other, Non-Hispanic",2026-04-11 00:00:00.0000000
2020-11-21T00:00:00.000,2020-2021,38.3,2020,47,,"Black, Non-Hispanic",2025-11-15 00:00:00.0000000
2020-11-28T00:00:00.000,2020-2021,38.87,2020,48,,"Black, Non-Hispanic",2025-11-22 00:00:00.0000000
2020-12-05T00:00:00.000,2020-2021,39.58,2020,49,,"Black, Non-Hispanic",2025-11-29 00:00:00.0000000
2020-12-12T00:00:00.000,2020-2021,40.22,2020,50,,"Black, Non-Hispanic",2025-12-06 00:00:00.0000000
2020-12-19T00:00:00.000,2020-2021,40.69,2020,51,,"Black, Non-Hispanic",2025-12-13 00:00:00.0000000
2020-12-26T00:00:00.000,2020-2021,40.93,2020,52,,"Black, Non-Hispanic",2025-12-20 00:00:00.0000000
2021-01-02T00:00:00.000,2020-2021,41.15,2020,53,,"Black, Non-Hispanic",2025-12-27 00:00:00.0000000
2021-01-09T00:00:00.000,2020-2021,41.41,2021,1,,"Black, Non-Hispanic",2026-01-03 00:00:00.0000000
2021-01-16T00:00:00.000,2020-2021,41.64,2021,2,,"Black, Non-Hispanic",2026-01-10 00:00:00.0000000
2021-01-23T00:00:00.000,2020-2021,41.82,2021,3,,"Black, Non-Hispanic",2026-01-17 00:00:00.0000000
2021-01-30T00:00:00.000,2020-2021,41.97,2021,4,,"Black, Non-Hispanic",2026-01-24 00:00:00.0000000
2021-02-06T00:00:00.000,2020-2021,42.08,2021,5,,"Black, Non-Hispanic",2026-01-31 00:00:00.0000000
2021-02-13T00:00:00.000,2020-2021,42.18,2021,6,,"Black, Non-Hispanic",2026-02-07 00:00:00.0000000
2021-02-20T00:00:00.000,2020-2021,42.24,2021,7,,"Black, Non-Hispanic",2026-02-14 00:00:00.0000000
2021-02-27T00:00:00.000,2020-2021,42.32,2021,8,,"Black, Non-Hispanic",2026-02-21 00:00:00.0000000
2021-03-06T00:00:00.000,2020-2021,42.39,2021,9,,"Black, Non-Hispanic",2026-02-28 00:00:00.0000000
2021-03-13T00:00:00.000,2020-2021,42.45,2021,10,,"Black, Non-Hispanic",2026-03-07 00:00:00.0000000
2021-03-20T00:00:00.000,2020-2021,42.49,2021,11,,"Black, Non-Hispanic",2026-03-14 00:00:00.0000000
2021-03-27T00:00:00.000,2020-2021,42.53,2021,12,,"Black, Non-Hispanic",2026-03-21 00:00:00.0000000
2019-08-10T00:00:00.000,2019-2020,0.1809999999999999,2019,32,,"Other, Non-Hispanic",2025-08-02 00:00:00.0000000
2019-08-17T00:00:00.000,2019-2020,0.4689999999999999,2019,33,,"Other, Non-Hispanic",2025-08-09 00:00:00.0000000
2019-08-24T00:00:00.000,2019-2020,0.927,2019,34,,"Other, Non-Hispanic",2025-08-16 00:00:00.0000000
2019-08-31T00:00:00.000,2019-2020,1.73,2019,35,,"Other, Non-Hispanic",2025-08-23 00:00:00.0000000
2019-09-07T00:00:00.000,2019-2020,3.04,2019,36,,"Other, Non-Hispanic",2025-08-30 00:00:00.0000000
2019-09-14T00:00:00.000,2019-2020,5.52,2019,37,,"Other, Non-Hispanic",2025-09-06 00:00:00.0000000
2019-09-21T00:00:00.000,2019-2020,9.13,2019,38,,"Other, Non-Hispanic",2025-09-13 00:00:00.0000000
2019-09-28T00:00:00.000,2019-2020,13.77,2019,39,,"Other, Non-Hispanic",2025-09-20 00:00:00.0000000
2019-10-05T00:00:00.000,2019-2020,19.47,2019,40,,"Other, Non-Hispanic",2025-09-27 00:00:00.0000000
2019-10-12T00:00:00.000,2019-2020,25.290000000000003,2019,41,,"Other, Non-Hispanic",2025-10-04 00:00:00.0000000
2019-10-19T00:00:00.000,2019-2020,30.49,2019,42,,"Other, Non-Hispanic",2025-10-11 00:00:00.0000000
2019-10-26T00:00:00.000,2019-2020,35.13,2019,43,,"Other, Non-Hispanic",2025-10-18 00:00:00.0000000
2019-11-02T00:00:00.000,2019-2020,38.57,2019,44,,"Other, Non-Hispanic",2025-10-25 00:00:00.0000000
2019-11-09T00:00:00.000,2019-2020,41.370000000000005,2019,45,,"Other, Non-Hispanic",2025-11-01 00:00:00.0000000
2019-11-16T00:00:00.000,2019-2020,43.43,2019,46,,"Other, Non-Hispanic",2025-11-08 00:00:00.0000000
2019-11-23T00:00:00.000,2019-2020,45.25,2019,47,,"Other, Non-Hispanic",2025-11-15 00:00:00.0000000
2019-11-30T00:00:00.000,2019-2020,46.09,2019,48,,"Other, Non-Hispanic",2025-11-22 00:00:00.0000000
2019-12-07T00:00:00.000,2019-2020,47.22,2019,49,,"Other, Non-Hispanic",2025-11-29 00:00:00.0000000
2019-12-14T00:00:00.000,2019-2020,48.19,2019,50,,"Other, Non-Hispanic",2025-12-06 00:00:00.0000000
2019-12-21T00:00:00.000,2019-2020,48.96,2019,51,,"Other, Non-Hispanic",2025-12-13 00:00:00.0000000
2019-12-28T00:00:00.000,2019-2020,49.27,2019,52,,"Other, Non-Hispanic",2025-12-20 00:00:00.0000000
2020-01-04T00:00:00.000,2019-2020,49.58,2020,1,,"Other, Non-Hispanic",2025-12-27 00:00:00.0000000
2020-01-11T00:00:00.000,2019-2020,50.03999999999999,2020,2,,"Other, Non-Hispanic",2026-01-03 00:00:00.0000000
2020-01-18T00:00:00.000,2019-2020,50.43,2020,3,,"Other, Non-Hispanic",2026-01-10 00:00:00.0000000
2020-11-28T00:00:00.000,2020-2021,50.72,2020,48,,"Other, Non-Hispanic",2025-11-22 00:00:00.0000000
2020-12-05T00:00:00.000,2020-2021,51.33,2020,49,,"Other, Non-Hispanic",2025-11-29 00:00:00.0000000
2020-12-12T00:00:00.000,2020-2021,51.84,2020,50,,"Other, Non-Hispanic",2025-12-06 00:00:00.0000000
2020-12-19T00:00:00.000,2020-2021,52.22,2020,51,,"Other, Non-Hispanic",2025-12-13 00:00:00.0000000
2020-12-26T00:00:00.000,2020-2021,52.42,2020,52,,"Other, Non-Hispanic",2025-12-20 00:00:00.0000000
2021-01-02T00:00:00.000,2020-2021,52.580000000000005,2020,53,,"Other, Non-Hispanic",2025-12-27 00:00:00.0000000
2021-01-09T00:00:00.000,2020-2021,52.76,2021,1,,"Other, Non-Hispanic",2026-01-03 00:00:00.0000000
2021-01-16T00:00:00.000,2020-2021,52.91,2021,2,,"Other, Non-Hispanic",2026-01-10 00:00:00.0000000
2021-01-23T00:00:00.000,2020-2021,53.03,2021,3,,"Other, Non-Hispanic",2026-01-17 00:00:00.0000000
2021-01-30T00:00:00.000,2020-2021,53.12,2021,4,,"Other, Non-Hispanic",2026-01-24 00:00:00.0000000
2021-02-06T00:00:00.000,2020-2021,53.2,2021,5,,"Other, Non-Hispanic",2026-01-31 00:00:00.0000000
2021-02-13T00:00:00.000,2020-2021,53.26,2021,6,,"Other, Non-Hispanic",2026-02-07 00:00:00.0000000
2021-02-20T00:00:00.000,2020-2021,53.31,2021,7,,"Other, Non-Hispanic",2026-02-14 00:00:00.0000000
2021-02-27T00:00:00.000,2020-2021,53.36,2021,8,,"Other, Non-Hispanic",2026-02-21 00:00:00.0000000
2021-03-06T00:00:00.000,2020-2021,53.400000000000006,2021,9,,"Other, Non-Hispanic",2026-02-28 00:00:00.0000000
2021-03-13T00:00:00.000,2020-2021,53.44,2021,10,,"Other, Non-Hispanic",2026-03-07 00:00:00.0000000
2021-03-20T00:00:00.000,2020-2021,53.48,2021,11,,"Other, Non-Hispanic",2026-03-14 00:00:00.0000000
2021-03-27T00:00:00.000,2020-2021,53.52,2021,12,,"Other, Non-Hispanic",2026-03-21 00:00:00.0000000
2019-08-10T00:00:00.000,2019-2020,0.251,2019,32,,"Asian, Non-Hispanic",2025-08-02 00:00:00.0000000
2019-08-17T00:00:00.000,2019-2020,0.688,2019,33,,"Asian, Non-Hispanic",2025-08-09 00:00:00.0000000
2019-08-24T00:00:00.000,2019-2020,1.44,2019,34,,"Asian, Non-Hispanic",2025-08-16 00:00:00.0000000
2019-08-31T00:00:00.000,2019-2020,2.6100000000000003,2019,35,,"Asian, Non-Hispanic",2025-08-23 00:00:00.0000000
2019-09-07T00:00:00.000,2019-2020,4.51,2019,36,,"Asian, Non-Hispanic",2025-08-30 00:00:00.0000000
2019-09-14T00:00:00.000,2019-2020,7.8,2019,37,,"Asian, Non-Hispanic",2025-09-06 00:00:00.0000000
2019-09-21T00:00:00.000,2019-2020,12.35,2019,38,,"Asian, Non-Hispanic",2025-09-13 00:00:00.0000000
2019-09-28T00:00:00.000,2019-2020,17.64,2019,39,,"Asian, Non-Hispanic",2025-09-20 00:00:00.0000000
2019-10-05T00:00:00.000,2019-2020,23.59,2019,40,,"Asian, Non-Hispanic",2025-09-27 00:00:00.0000000
2019-10-12T00:00:00.000,2019-2020,29.33,2019,41,,"Asian, Non-Hispanic",2025-10-04 00:00:00.0000000
2019-10-19T00:00:00.000,2019-2020,34.37,2019,42,,"Asian, Non-Hispanic",2025-10-11 00:00:00.0000000
2019-10-26T00:00:00.000,2019-2020,38.76,2019,43,,"Asian, Non-Hispanic",2025-10-18 00:00:00.0000000
2019-11-02T00:00:00.000,2019-2020,42.04,2019,44,,"Asian, Non-Hispanic",2025-10-25 00:00:00.0000000
2019-11-09T00:00:00.000,2019-2020,44.77,2019,45,,"Asian, Non-Hispanic",2025-11-01 00:00:00.0000000
2019-11-16T00:00:00.000,2019-2020,46.87,2019,46,,"Asian, Non-Hispanic",2025-11-08 00:00:00.0000000
2019-11-23T00:00:00.000,2019-2020,48.63,2019,47,,"Asian, Non-Hispanic",2025-11-15 00:00:00.0000000
2019-11-30T00:00:00.000,2019-2020,49.5,2019,48,,"Asian, Non-Hispanic",2025-11-22 00:00:00.0000000
2019-12-07T00:00:00.000,2019-2020,50.580000000000005,2019,49,,"Asian, Non-Hispanic",2025-11-29 00:00:00.0000000
2019-12-14T00:00:00.000,2019-2020,51.52,2019,50,,"Asian, Non-Hispanic",2025-12-06 00:00:00.0000000
2019-12-21T00:00:00.000,2019-2020,52.290000000000006,2019,51,,"Asian, Non-Hispanic",2025-12-13 00:00:00.0000000
2019-12-28T00:00:00.000,2019-2020,52.62,2019,52,,"Asian, Non-Hispanic",2025-12-20 00:00:00.0000000
2020-01-04T00:00:00.000,2019-2020,52.94,2020,1,,"Asian, Non-Hispanic",2025-12-27 00:00:00.0000000
2020-01-11T00:00:00.000,2019-2020,53.39,2020,2,,"Asian, Non-Hispanic",2026-01-03 00:00:00.0000000
2020-01-18T00:00:00.000,2019-2020,53.790000000000006,2020,3,,"Asian, Non-Hispanic",2026-01-10 00:00:00.0000000
2020-01-25T00:00:00.000,2019-2020,54.09,2020,4,,"Asian, Non-Hispanic",2026-01-17 00:00:00.0000000
2020-02-01T00:00:00.000,2019-2020,54.41,2020,5,,"Asian, Non-Hispanic",2026-01-24 00:00:00.0000000
2020-02-08T00:00:00.000,2019-2020,54.71,2020,6,,"Asian, Non-Hispanic",2026-01-31 00:00:00.0000000
2020-02-15T00:00:00.000,2019-2020,54.96,2020,7,,"Asian, Non-Hispanic",2026-02-07 00:00:00.0000000
2020-02-22T00:00:00.000,2019-2020,55.17,2020,8,,"Asian, Non-Hispanic",2026-02-14 00:00:00.0000000
2020-02-29T00:00:00.000,2019-2020,55.400000000000006,2020,9,,"Asian, Non-Hispanic",2026-02-21 00:00:00.0000000
2020-03-07T00:00:00.000,2019-2020,55.63,2020,10,,"Asian, Non-Hispanic",2026-02-28 00:00:00.0000000
2020-03-14T00:00:00.000,2019-2020,55.82,2020,11,,"Asian, Non-Hispanic",2026-03-07 00:00:00.0000000
2020-03-21T00:00:00.000,2019-2020,55.900000000000006,2020,12,,"Asian, Non-Hispanic",2026-03-14 00:00:00.0000000
2020-03-28T00:00:00.000,2019-2020,55.93,2020,13,,"Asian, Non-Hispanic",2026-03-21 00:00:00.0000000
2020-04-04T00:00:00.000,2019-2020,55.94,2020,14,,"Asian, Non-Hispanic",2026-03-28 00:00:00.0000000
2020-04-11T00:00:00.000,2019-2020,55.95,2020,15,,"Asian, Non-Hispanic",2026-04-04 00:00:00.0000000
2020-04-18T00:00:00.000,2019-2020,55.96,2020,16,,"Asian, Non-Hispanic",2026-04-11 00:00:00.0000000
2020-04-25T00:00:00.000,2019-2020,55.96,2020,17,,"Asian, Non-Hispanic",2026-04-18 00:00:00.0000000
2020-05-02T00:00:00.000,2019-2020,55.97,2020,18,,"Asian, Non-Hispanic",2026-04-25 00:00:00.0000000
2020-05-09T00:00:00.000,2019-2020,55.97,2020,19,,"Asian, Non-Hispanic",2026-05-02 00:00:00.0000000
2020-05-16T00:00:00.000,2019-2020,55.98,2020,20,,"Asian, Non-Hispanic",2026-05-09 00:00:00.0000000
2020-05-23T00:00:00.000,2019-2020,55.99,2020,21,,"Asian, Non-Hispanic",2026-05-16 00:00:00.0000000
2020-05-30T00:00:00.000,2019-2020,55.99,2020,22,,"Asian, Non-Hispanic",2026-05-23 00:00:00.0000000
2020-08-08T00:00:00.000,2020-2021,0.094,2020,32,,"Asian, Non-Hispanic",2025-08-02 00:00:00.0000000
2020-08-15T00:00:00.000,2020-2021,0.6039999999999999,2020,33,,"Asian, Non-Hispanic",2025-08-09 00:00:00.0000000
2020-08-22T00:00:00.000,2020-2021,1.93,2020,34,,"Asian, Non-Hispanic",2025-08-16 00:00:00.0000000
2020-08-29T00:00:00.000,2020-2021,4.01,2020,35,,"Asian, Non-Hispanic",2025-08-23 00:00:00.0000000
2020-09-05T00:00:00.000,2020-2021,7.389999999999999,2020,36,,"Asian, Non-Hispanic",2025-08-30 00:00:00.0000000
2020-09-12T00:00:00.000,2020-2021,11.76,2020,37,,"Asian, Non-Hispanic",2025-09-06 00:00:00.0000000
2020-09-19T00:00:00.000,2020-2021,18.17,2020,38,,"Asian, Non-Hispanic",2025-09-13 00:00:00.0000000
2020-09-26T00:00:00.000,2020-2021,24.74,2020,39,,"Asian, Non-Hispanic",2025-09-20 00:00:00.0000000
2020-10-03T00:00:00.000,2020-2021,30.95,2020,40,,"Asian, Non-Hispanic",2025-09-27 00:00:00.0000000
2020-10-10T00:00:00.000,2020-2021,37.32,2020,41,,"Asian, Non-Hispanic",2025-10-04 00:00:00.0000000
2020-10-17T00:00:00.000,2020-2021,42.26,2020,42,,"Asian, Non-Hispanic",2025-10-11 00:00:00.0000000
2020-10-24T00:00:00.000,2020-2021,46.17,2020,43,,"Asian, Non-Hispanic",2025-10-18 00:00:00.0000000
2020-10-31T00:00:00.000,2020-2021,48.93,2020,44,,"Asian, Non-Hispanic",2025-10-25 00:00:00.0000000
2020-11-07T00:00:00.000,2020-2021,50.85,2020,45,,"Asian, Non-Hispanic",2025-11-01 00:00:00.0000000
2020-11-14T00:00:00.000,2020-2021,52.33,2020,46,,"Asian, Non-Hispanic",2025-11-08 00:00:00.0000000
2020-11-21T00:00:00.000,2020-2021,53.510000000000005,2020,47,,"Asian, Non-Hispanic",2025-11-15 00:00:00.0000000
2020-11-28T00:00:00.000,2020-2021,54.1,2020,48,,"Asian, Non-Hispanic",2025-11-22 00:00:00.0000000
2020-12-05T00:00:00.000,2020-2021,54.72,2020,49,,"Asian, Non-Hispanic",2025-11-29 00:00:00.0000000
2020-12-12T00:00:00.000,2020-2021,55.22,2020,50,,"Asian, Non-Hispanic",2025-12-06 00:00:00.0000000
2020-12-19T00:00:00.000,2020-2021,55.59,2020,51,,"Asian, Non-Hispanic",2025-12-13 00:00:00.0000000
2020-12-26T00:00:00.000,2020-2021,55.81,2020,52,,"Asian, Non-Hispanic",2025-12-20 00:00:00.0000000
2021-01-02T00:00:00.000,2020-2021,55.98,2020,53,,"Asian, Non-Hispanic",2025-12-27 00:00:00.0000000
2021-01-09T00:00:00.000,2020-2021,56.17,2021,1,,"Asian, Non-Hispanic",2026-01-03 00:00:00.0000000
2021-01-16T00:00:00.000,2020-2021,56.34,2021,2,,"Asian, Non-Hispanic",2026-01-10 00:00:00.0000000
2021-01-23T00:00:00.000,2020-2021,56.46,2021,3,,"Asian, Non-Hispanic",2026-01-17 00:00:00.0000000
2021-01-30T00:00:00.000,2020-2021,56.55,2021,4,,"Asian, Non-Hispanic",2026-01-24 00:00:00.0000000
2021-02-06T00:00:00.000,2020-2021,56.63,2021,5,,"Asian, Non-Hispanic",2026-01-31 00:00:00.0000000
2021-02-13T00:00:00.000,2020-2021,56.7,2021,6,,"Asian, Non-Hispanic",2026-02-07 00:00:00.0000000
2021-02-20T00:00:00.000,2020-2021,56.74,2021,7,,"Asian, Non-Hispanic",2026-02-14 00:00:00.0000000
2021-02-27T00:00:00.000,2020-2021,56.79,2021,8,,"Asian, Non-Hispanic",2026-02-21 00:00:00.0000000
2021-03-06T00:00:00.000,2020-2021,56.84,2021,9,,"Asian, Non-Hispanic",2026-02-28 00:00:00.0000000
2021-03-13T00:00:00.000,2020-2021,56.87,2021,10,,"Asian, Non-Hispanic",2026-03-07 00:00:00.0000000
2021-03-20T00:00:00.000,2020-2021,56.89999999999999,2021,11,,"Asian, Non-Hispanic",2026-03-14 00:00:00.0000000
2021-03-27T00:00:00.000,2020-2021,56.93,2021,12,,"Asian, Non-Hispanic",2026-03-21 00:00:00.0000000
2019-08-10T00:00:00.000,2019-2020,0.238,2019,32,,Hispanic,2025-08-02 00:00:00.0000000
2019-08-17T00:00:00.000,2019-2020,0.5559999999999999,2019,33,,Hispanic,2025-08-09 00:00:00.0000000
2023-10-28T00:00:00.000,2023-2024,35.85,2023,43,,Overall,2025-10-25 00:00:00.0000000
2023-10-21T00:00:00.000,2023-2024,18.15,2023,42,,Hispanic,2025-10-18 00:00:00.0000000
2023-10-07T00:00:00.000,2023-2024,12.68,2023,40,,Hispanic,2025-10-04 00:00:00.0000000
2023-10-14T00:00:00.000,2023-2024,15.62,2023,41,,Hispanic,2025-10-11 00:00:00.0000000
2023-10-14T00:00:00.000,2023-2024,27.17,2023,41,,"White, Non-Hispanic",2025-10-11 00:00:00.0000000
2023-10-07T00:00:00.000,2023-2024,21.35,2023,40,,"White, Non-Hispanic",2025-10-04 00:00:00.0000000
2023-10-28T00:00:00.000,2023-2024,20.29,2023,43,,Hispanic,2025-10-25 00:00:00.0000000
2019-08-24T00:00:00.000,2019-2020,1.01,2019,34,,Hispanic,2025-08-16 00:00:00.0000000
2019-08-31T00:00:00.000,2019-2020,1.62,2019,35,,Hispanic,2025-08-23 00:00:00.0000000
2019-09-07T00:00:00.000,2019-2020,2.46,2019,36,,Hispanic,2025-08-30 00:00:00.0000000
2019-09-14T00:00:00.000,2019-2020,4.23,2019,37,,Hispanic,2025-09-06 00:00:00.0000000
2019-09-21T00:00:00.000,2019-2020,6.58,2019,38,,Hispanic,2025-09-13 00:00:00.0000000
2019-09-28T00:00:00.000,2019-2020,9.41,2019,39,,Hispanic,2025-09-20 00:00:00.0000000
2019-10-05T00:00:00.000,2019-2020,12.73,2019,40,,Hispanic,2025-09-27 00:00:00.0000000
2019-10-12T00:00:00.000,2019-2020,16.2,2019,41,,Hispanic,2025-10-04 00:00:00.0000000
2019-10-19T00:00:00.000,2019-2020,19.33,2019,42,,Hispanic,2025-10-11 00:00:00.0000000
2019-10-26T00:00:00.000,2019-2020,22.2,2019,43,,Hispanic,2025-10-18 00:00:00.0000000
2019-11-02T00:00:00.000,2019-2020,24.45,2019,44,,Hispanic,2025-10-25 00:00:00.0000000
2019-11-09T00:00:00.000,2019-2020,26.41,2019,45,,Hispanic,2025-11-01 00:00:00.0000000
2019-11-16T00:00:00.000,2019-2020,27.99,2019,46,,Hispanic,2025-11-08 00:00:00.0000000
2019-11-23T00:00:00.000,2019-2020,29.44,2019,47,,Hispanic,2025-11-15 00:00:00.0000000
2019-11-30T00:00:00.000,2019-2020,30.22,2019,48,,Hispanic,2025-11-22 00:00:00.0000000
2019-12-07T00:00:00.000,2019-2020,31.17,2019,49,,Hispanic,2025-11-29 00:00:00.0000000
2019-12-14T00:00:00.000,2019-2020,32.02,2019,50,,Hispanic,2025-12-06 00:00:00.0000000
2019-12-21T00:00:00.000,2019-2020,32.690000000000005,2019,51,,Hispanic,2025-12-13 00:00:00.0000000
2019-12-28T00:00:00.000,2019-2020,32.98,2019,52,,Hispanic,2025-12-20 00:00:00.0000000
2020-01-04T00:00:00.000,2019-2020,33.25,2020,1,,Hispanic,2025-12-27 00:00:00.0000000
2020-01-11T00:00:00.000,2019-2020,33.71,2020,2,,Hispanic,2026-01-03 00:00:00.0000000
2020-01-18T00:00:00.000,2019-2020,34.14,2020,3,,Hispanic,2026-01-10 00:00:00.0000000
2020-01-25T00:00:00.000,2019-2020,34.489999999999995,2020,4,,Hispanic,2026-01-17 00:00:00.0000000
2020-02-01T00:00:00.000,2019-2020,34.84,2020,5,,Hispanic,2026-01-24 00:00:00.0000000
2020-02-08T00:00:00.000,2019-2020,35.099999999999994,2020,6,,Hispanic,2026-01-31 00:00:00.0000000
2020-02-15T00:00:00.000,2019-2020,35.35,2020,7,,Hispanic,2026-02-07 00:00:00.0000000
2020-02-22T00:00:00.000,2019-2020,35.56,2020,8,,Hispanic,2026-02-14 00:00:00.0000000
2020-02-29T00:00:00.000,2019-2020,35.77,2020,9,,Hispanic,2026-02-21 00:00:00.0000000
2020-03-07T00:00:00.000,2019-2020,36.01,2020,10,,Hispanic,2026-02-28 00:00:00.0000000
2020-03-14T00:00:00.000,2019-2020,36.25,2020,11,,Hispanic,2026-03-07 00:00:00.0000000
2020-03-21T00:00:00.000,2019-2020,36.36,2020,12,,Hispanic,2026-03-14 00:00:00.0000000
2020-03-28T00:00:00.000,2019-2020,36.4,2020,13,,Hispanic,2026-03-21 00:00:00.0000000
2020-04-04T00:00:00.000,2019-2020,36.43,2020,14,,Hispanic,2026-03-28 00:00:00.0000000
2020-04-11T00:00:00.000,2019-2020,36.44,2020,15,,Hispanic,2026-04-04 00:00:00.0000000
2020-04-18T00:00:00.000,2019-2020,36.45,2020,16,,Hispanic,2026-04-11 00:00:00.0000000
2020-04-25T00:00:00.000,2019-2020,36.46,2020,17,,Hispanic,2026-04-18 00:00:00.0000000
2020-05-02T00:00:00.000,2019-2020,36.48,2020,18,,Hispanic,2026-04-25 00:00:00.0000000
2020-05-09T00:00:00.000,2019-2020,36.49,2020,19,,Hispanic,2026-05-02 00:00:00.0000000
2020-05-16T00:00:00.000,2019-2020,36.5,2020,20,,Hispanic,2026-05-09 00:00:00.0000000
2020-05-23T00:00:00.000,2019-2020,36.51,2020,21,,Hispanic,2026-05-16 00:00:00.0000000
2020-05-30T00:00:00.000,2019-2020,36.52,2020,22,,Hispanic,2026-05-23 00:00:00.0000000
2020-08-08T00:00:00.000,2020-2021,0.0729,2020,32,,Hispanic,2025-08-02 00:00:00.0000000
2020-08-15T00:00:00.000,2020-2021,0.3459999999999999,2020,33,,Hispanic,2025-08-09 00:00:00.0000000
2020-08-22T00:00:00.000,2020-2021,1.12,2020,34,,Hispanic,2025-08-16 00:00:00.0000000
2020-08-29T00:00:00.000,2020-2021,2.15,2020,35,,Hispanic,2025-08-23 00:00:00.0000000
2020-09-05T00:00:00.000,2020-2021,3.74,2020,36,,Hispanic,2025-08-30 00:00:00.0000000
2020-09-12T00:00:00.000,2020-2021,5.84,2020,37,,Hispanic,2025-09-06 00:00:00.0000000
2020-09-19T00:00:00.000,2020-2021,9.33,2020,38,,Hispanic,2025-09-13 00:00:00.0000000
2020-09-26T00:00:00.000,2020-2021,13.08,2020,39,,Hispanic,2025-09-20 00:00:00.0000000
2020-10-03T00:00:00.000,2020-2021,16.77,2020,40,,Hispanic,2025-09-27 00:00:00.0000000
2020-10-10T00:00:00.000,2020-2021,20.67,2020,41,,Hispanic,2025-10-04 00:00:00.0000000
2020-10-17T00:00:00.000,2020-2021,24.0,2020,42,,Hispanic,2025-10-11 00:00:00.0000000
2020-10-24T00:00:00.000,2020-2021,26.78,2020,43,,Hispanic,2025-10-18 00:00:00.0000000
2020-10-31T00:00:00.000,2020-2021,28.97,2020,44,,Hispanic,2025-10-25 00:00:00.0000000
2020-11-07T00:00:00.000,2020-2021,30.61,2020,45,,Hispanic,2025-11-01 00:00:00.0000000
2020-11-14T00:00:00.000,2020-2021,31.94,2020,46,,Hispanic,2025-11-08 00:00:00.0000000
2020-11-21T00:00:00.000,2020-2021,33.08,2020,47,,Hispanic,2025-11-15 00:00:00.0000000
2020-11-28T00:00:00.000,2020-2021,33.64,2020,48,,Hispanic,2025-11-22 00:00:00.0000000
2020-12-05T00:00:00.000,2020-2021,34.33,2020,49,,Hispanic,2025-11-29 00:00:00.0000000
2020-12-12T00:00:00.000,2020-2021,34.9,2020,50,,Hispanic,2025-12-06 00:00:00.0000000
2020-12-19T00:00:00.000,2020-2021,35.33,2020,51,,Hispanic,2025-12-13 00:00:00.0000000
2020-12-26T00:00:00.000,2020-2021,35.55,2020,52,,Hispanic,2025-12-20 00:00:00.0000000
2021-01-02T00:00:00.000,2020-2021,35.74,2020,53,,Hispanic,2025-12-27 00:00:00.0000000
2021-01-09T00:00:00.000,2020-2021,35.97,2021,1,,Hispanic,2026-01-03 00:00:00.0000000
2021-01-16T00:00:00.000,2020-2021,36.18,2021,2,,Hispanic,2026-01-10 00:00:00.0000000
2021-01-23T00:00:00.000,2020-2021,36.35,2021,3,,Hispanic,2026-01-17 00:00:00.0000000
2021-01-30T00:00:00.000,2020-2021,36.5,2021,4,,Hispanic,2026-01-24 00:00:00.0000000
2021-02-06T00:00:00.000,2020-2021,36.61,2021,5,,Hispanic,2026-01-31 00:00:00.0000000
2021-02-13T00:00:00.000,2020-2021,36.720000000000006,2021,6,,Hispanic,2026-02-07 00:00:00.0000000
2021-02-20T00:00:00.000,2020-2021,36.78,2021,7,,Hispanic,2026-02-14 00:00:00.0000000
2021-02-27T00:00:00.000,2020-2021,36.86,2021,8,,Hispanic,2026-02-21 00:00:00.0000000
2021-03-06T00:00:00.000,2020-2021,36.92,2021,9,,Hispanic,2026-02-28 00:00:00.0000000
2021-03-13T00:00:00.000,2020-2021,36.98,2021,10,,Hispanic,2026-03-07 00:00:00.0000000
2021-03-20T00:00:00.000,2020-2021,37.03,2021,11,,Hispanic,2026-03-14 00:00:00.0000000
2021-03-27T00:00:00.000,2020-2021,37.07,2021,12,,Hispanic,2026-03-21 00:00:00.0000000
2021-04-03T00:00:00.000,2020-2021,57.71,2021,13,,Overall,2026-03-28 00:00:00.0000000
2021-04-10T00:00:00.000,2020-2021,57.73,2021,14,,Overall,2026-04-04 00:00:00.0000000
2021-04-17T00:00:00.000,2020-2021,57.74,2021,15,,Overall,2026-04-11 00:00:00.0000000
2021-04-24T00:00:00.000,2020-2021,57.76,2021,16,,Overall,2026-04-18 00:00:00.0000000
2021-05-01T00:00:00.000,2020-2021,57.77,2021,17,,Overall,2026-04-25 00:00:00.0000000
2021-05-08T00:00:00.000,2020-2021,57.78,2021,18,,Overall,2026-05-02 00:00:00.0000000
2021-05-15T00:00:00.000,2020-2021,57.79,2021,19,,Overall,2026-05-09 00:00:00.0000000
2021-05-22T00:00:00.000,2020-2021,57.8,2021,20,,Overall,2026-05-16 00:00:00.0000000
2021-05-29T00:00:00.000,2020-2021,57.81,2021,21,,Overall,2026-05-23 00:00:00.0000000
2021-08-07T00:00:00.000,2021-2022,0.0851999999999999,2021,31,,Overall,2025-08-02 00:00:00.0000000
2021-08-14T00:00:00.000,2021-2022,0.238,2021,32,,Overall,2025-08-09 00:00:00.0000000
2021-08-21T00:00:00.000,2021-2022,0.5869999999999999,2021,33,,Overall,2025-08-16 00:00:00.0000000
2021-08-28T00:00:00.000,2021-2022,1.12,2021,34,,Overall,2025-08-23 00:00:00.0000000
2021-09-04T00:00:00.000,2021-2022,2.19,2021,35,,Overall,2025-08-30 00:00:00.0000000
2021-09-11T00:00:00.000,2021-2022,4.06,2021,36,,Overall,2025-09-06 00:00:00.0000000
2023-11-11T00:00:00.000,2023-2024,41.55,2023,45,,Overall,2025-11-08 00:00:00.0000000
2023-11-11T00:00:00.000,2023-2024,42.65,2023,45,,"White, Non-Hispanic",2025-11-08 00:00:00.0000000
2023-11-25T00:00:00.000,2023-2024,32.68,2023,47,,"Black, Non-Hispanic",2025-11-22 00:00:00.0000000
2023-11-04T00:00:00.000,2023-2024,39.03,2023,44,,Overall,2025-11-01 00:00:00.0000000
2023-11-04T00:00:00.000,2023-2024,40.05,2023,44,,"White, Non-Hispanic",2025-11-01 00:00:00.0000000
2023-11-25T00:00:00.000,2023-2024,44.64,2023,47,,Overall,2025-11-22 00:00:00.0000000
2023-11-18T00:00:00.000,2023-2024,43.64,2023,46,,Overall,2025-11-15 00:00:00.0000000
2023-11-25T00:00:00.000,2023-2024,45.82,2023,47,,"White, Non-Hispanic",2025-11-22 00:00:00.0000000
2023-11-18T00:00:00.000,2023-2024,44.81,2023,46,,"White, Non-Hispanic",2025-11-15 00:00:00.0000000
2023-11-04T00:00:00.000,2023-2024,22.02,2023,44,,Hispanic,2025-11-01 00:00:00.0000000
2021-09-18T00:00:00.000,2021-2022,7.3,2021,37,,Overall,2025-09-13 00:00:00.0000000
2021-09-25T00:00:00.000,2021-2022,11.79,2021,38,,Overall,2025-09-20 00:00:00.0000000
2021-10-02T00:00:00.000,2021-2022,17.47,2021,39,,Overall,2025-09-27 00:00:00.0000000
2021-04-03T00:00:00.000,2020-2021,59.51,2021,13,,"White, Non-Hispanic",2026-03-28 00:00:00.0000000
2021-04-10T00:00:00.000,2020-2021,59.53000000000001,2021,14,,"White, Non-Hispanic",2026-04-04 00:00:00.0000000
2021-04-17T00:00:00.000,2020-2021,59.540000000000006,2021,15,,"White, Non-Hispanic",2026-04-11 00:00:00.0000000
2021-10-09T00:00:00.000,2021-2022,24.98,2021,40,,"White, Non-Hispanic",2025-10-04 00:00:00.0000000
2021-10-23T00:00:00.000,2021-2022,23.76,2021,42,,"Black, Non-Hispanic",2025-10-18 00:00:00.0000000
2021-10-09T00:00:00.000,2021-2022,24.21,2021,40,,Overall,2025-10-04 00:00:00.0000000
2021-10-16T00:00:00.000,2021-2022,31.5,2021,41,,"White, Non-Hispanic",2025-10-11 00:00:00.0000000
2021-10-30T00:00:00.000,2021-2022,26.76,2021,43,,"Black, Non-Hispanic",2025-10-25 00:00:00.0000000
2021-10-23T00:00:00.000,2021-2022,36.86,2021,42,,"White, Non-Hispanic",2025-10-18 00:00:00.0000000
2021-10-23T00:00:00.000,2021-2022,35.67,2021,42,,Overall,2025-10-18 00:00:00.0000000
2021-10-30T00:00:00.000,2021-2022,41.0,2021,43,,"White, Non-Hispanic",2025-10-25 00:00:00.0000000
2021-10-16T00:00:00.000,2021-2022,30.49,2021,41,,Overall,2025-10-11 00:00:00.0000000
2021-10-30T00:00:00.000,2021-2022,39.68,2021,43,,Overall,2025-10-25 00:00:00.0000000
2021-10-09T00:00:00.000,2021-2022,13.47,2021,40,,Hispanic,2025-10-04 00:00:00.0000000
2021-10-23T00:00:00.000,2021-2022,20.03,2021,42,,Hispanic,2025-10-18 00:00:00.0000000
2021-10-16T00:00:00.000,2021-2022,17.080000000000002,2021,41,,Hispanic,2025-10-11 00:00:00.0000000
2021-10-30T00:00:00.000,2021-2022,22.41,2021,43,,Hispanic,2025-10-25 00:00:00.0000000
2021-10-09T00:00:00.000,2021-2022,27.16,2021,40,,"Asian, Non-Hispanic",2025-10-04 00:00:00.0000000
2021-10-30T00:00:00.000,2021-2022,38.33,2021,43,,"Other, Non-Hispanic",2025-10-25 00:00:00.0000000
2021-10-16T00:00:00.000,2021-2022,32.73,2021,41,,"Asian, Non-Hispanic",2025-10-11 00:00:00.0000000
2021-10-09T00:00:00.000,2021-2022,15.6,2021,40,,"Black, Non-Hispanic",2025-10-04 00:00:00.0000000
2021-10-09T00:00:00.000,2021-2022,24.38,2021,40,,"Other, Non-Hispanic",2025-10-04 00:00:00.0000000
2021-10-23T00:00:00.000,2021-2022,34.760000000000005,2021,42,,"Other, Non-Hispanic",2025-10-18 00:00:00.0000000
2021-10-23T00:00:00.000,2021-2022,37.34,2021,42,,"Asian, Non-Hispanic",2025-10-18 00:00:00.0000000
2021-10-16T00:00:00.000,2021-2022,19.99,2021,41,,"Black, Non-Hispanic",2025-10-11 00:00:00.0000000
2021-10-16T00:00:00.000,2021-2022,30.1,2021,41,,"Other, Non-Hispanic",2025-10-11 00:00:00.0000000
2021-10-30T00:00:00.000,2021-2022,40.91,2021,43,,"Asian, Non-Hispanic",2025-10-25 00:00:00.0000000
2021-11-06T00:00:00.000,2021-2022,42.64,2021,44,,Overall,2025-11-01 00:00:00.0000000
2021-11-13T00:00:00.000,2021-2022,44.940000000000005,2021,45,,Overall,2025-11-08 00:00:00.0000000
2021-11-20T00:00:00.000,2021-2022,46.97,2021,46,,Overall,2025-11-15 00:00:00.0000000
2021-11-27T00:00:00.000,2021-2022,47.94,2021,47,,Overall,2025-11-22 00:00:00.0000000
2021-12-04T00:00:00.000,2021-2022,49.24,2021,48,,Overall,2025-11-29 00:00:00.0000000
2021-12-11T00:00:00.000,2021-2022,50.27,2021,49,,Overall,2025-12-06 00:00:00.0000000
2021-12-18T00:00:00.000,2021-2022,51.13,2021,50,,Overall,2025-12-13 00:00:00.0000000
2021-12-25T00:00:00.000,2021-2022,51.6,2021,51,,Overall,2025-12-20 00:00:00.0000000
2021-11-06T00:00:00.000,2021-2022,44.05,2021,44,,"White, Non-Hispanic",2025-11-01 00:00:00.0000000
2021-11-13T00:00:00.000,2021-2022,46.400000000000006,2021,45,,"White, Non-Hispanic",2025-11-08 00:00:00.0000000
2021-11-20T00:00:00.000,2021-2022,48.47,2021,46,,"White, Non-Hispanic",2025-11-15 00:00:00.0000000
2021-11-27T00:00:00.000,2021-2022,49.45,2021,47,,"White, Non-Hispanic",2025-11-22 00:00:00.0000000
2021-12-04T00:00:00.000,2021-2022,50.77,2021,48,,"White, Non-Hispanic",2025-11-29 00:00:00.0000000
2021-12-11T00:00:00.000,2021-2022,51.81,2021,49,,"White, Non-Hispanic",2025-12-06 00:00:00.0000000
2021-12-18T00:00:00.000,2021-2022,52.68000000000001,2021,50,,"White, Non-Hispanic",2025-12-13 00:00:00.0000000
2021-12-25T00:00:00.000,2021-2022,53.15,2021,51,,"White, Non-Hispanic",2025-12-20 00:00:00.0000000
2021-11-06T00:00:00.000,2021-2022,29.1,2021,44,,"Black, Non-Hispanic",2025-11-01 00:00:00.0000000
2021-11-13T00:00:00.000,2021-2022,31.04,2021,45,,"Black, Non-Hispanic",2025-11-08 00:00:00.0000000
2021-11-20T00:00:00.000,2021-2022,32.78,2021,46,,"Black, Non-Hispanic",2025-11-15 00:00:00.0000000
2021-11-27T00:00:00.000,2021-2022,33.629999999999995,2021,47,,"Black, Non-Hispanic",2025-11-22 00:00:00.0000000
2021-12-04T00:00:00.000,2021-2022,34.82,2021,48,,"Black, Non-Hispanic",2025-11-29 00:00:00.0000000
2021-12-11T00:00:00.000,2021-2022,35.8,2021,49,,"Black, Non-Hispanic",2025-12-06 00:00:00.0000000
2021-12-18T00:00:00.000,2021-2022,36.64,2021,50,,"Black, Non-Hispanic",2025-12-13 00:00:00.0000000
2021-12-25T00:00:00.000,2021-2022,37.13,2021,51,,"Black, Non-Hispanic",2025-12-20 00:00:00.0000000
2021-11-06T00:00:00.000,2021-2022,41.02,2021,44,,"Other, Non-Hispanic",2025-11-01 00:00:00.0000000
2021-11-13T00:00:00.000,2021-2022,43.11,2021,45,,"Other, Non-Hispanic",2025-11-08 00:00:00.0000000
2021-11-20T00:00:00.000,2021-2022,44.940000000000005,2021,46,,"Other, Non-Hispanic",2025-11-15 00:00:00.0000000
2021-11-27T00:00:00.000,2021-2022,45.84,2021,47,,"Other, Non-Hispanic",2025-11-22 00:00:00.0000000
2021-12-04T00:00:00.000,2021-2022,47.03,2021,48,,"Other, Non-Hispanic",2025-11-29 00:00:00.0000000
2021-12-11T00:00:00.000,2021-2022,47.99,2021,49,,"Other, Non-Hispanic",2025-12-06 00:00:00.0000000
2021-12-18T00:00:00.000,2021-2022,48.77,2021,50,,"Other, Non-Hispanic",2025-12-13 00:00:00.0000000
2021-12-25T00:00:00.000,2021-2022,49.2,2021,51,,"Other, Non-Hispanic",2025-12-20 00:00:00.0000000
2021-11-06T00:00:00.000,2021-2022,43.62,2021,44,,"Asian, Non-Hispanic",2025-11-01 00:00:00.0000000
2021-11-13T00:00:00.000,2021-2022,45.82,2021,45,,"Asian, Non-Hispanic",2025-11-08 00:00:00.0000000
2021-11-20T00:00:00.000,2021-2022,47.67,2021,46,,"Asian, Non-Hispanic",2025-11-15 00:00:00.0000000
2021-11-27T00:00:00.000,2021-2022,48.64,2021,47,,"Asian, Non-Hispanic",2025-11-22 00:00:00.0000000
2021-12-04T00:00:00.000,2021-2022,49.84,2021,48,,"Asian, Non-Hispanic",2025-11-29 00:00:00.0000000
2021-12-11T00:00:00.000,2021-2022,50.81,2021,49,,"Asian, Non-Hispanic",2025-12-06 00:00:00.0000000
2021-12-18T00:00:00.000,2021-2022,51.59,2021,50,,"Asian, Non-Hispanic",2025-12-13 00:00:00.0000000
2021-12-25T00:00:00.000,2021-2022,52.07000000000001,2021,51,,"Asian, Non-Hispanic",2025-12-20 00:00:00.0000000
2021-11-06T00:00:00.000,2021-2022,24.36,2021,44,,Hispanic,2025-11-01 00:00:00.0000000
2021-11-13T00:00:00.000,2021-2022,26.05,2021,45,,Hispanic,2025-11-08 00:00:00.0000000
2021-11-20T00:00:00.000,2021-2022,27.55,2021,46,,Hispanic,2025-11-15 00:00:00.0000000
2021-11-27T00:00:00.000,2021-2022,28.38,2021,47,,Hispanic,2025-11-22 00:00:00.0000000
2021-12-04T00:00:00.000,2021-2022,29.47,2021,48,,Hispanic,2025-11-29 00:00:00.0000000
2021-12-11T00:00:00.000,2021-2022,30.39,2021,49,,Hispanic,2025-12-06 00:00:00.0000000
2021-12-18T00:00:00.000,2021-2022,31.09,2021,50,,Hispanic,2025-12-13 00:00:00.0000000
2023-12-02T00:00:00.000,2023-2024,33.82,2023,48,,"Black, Non-Hispanic",2025-11-29 00:00:00.0000000
2023-12-16T00:00:00.000,2023-2024,50.470000000000006,2023,50,,"Asian, Non-Hispanic",2025-12-13 00:00:00.0000000
2023-12-30T00:00:00.000,2023-2024,46.67,2023,52,,"Other, Non-Hispanic",2025-12-27 00:00:00.0000000
2023-12-23T00:00:00.000,2023-2024,51.09,2023,51,,"Asian, Non-Hispanic",2025-12-20 00:00:00.0000000
2023-12-09T00:00:00.000,2023-2024,49.61,2023,49,,"Asian, Non-Hispanic",2025-12-06 00:00:00.0000000
2023-12-02T00:00:00.000,2023-2024,47.260000000000005,2023,48,,"White, Non-Hispanic",2025-11-29 00:00:00.0000000
2021-12-25T00:00:00.000,2021-2022,31.51,2021,51,,Hispanic,2025-12-20 00:00:00.0000000
2022-09-10T00:00:00.000,2022-2023,3.44,2022,36,,Overall,2025-09-06 00:00:00.0000000
2022-09-17T00:00:00.000,2022-2023,6.64,2022,37,,Overall,2025-09-13 00:00:00.0000000
2022-09-24T00:00:00.000,2022-2023,10.65,2022,38,,Overall,2025-09-20 00:00:00.0000000
2022-10-01T00:00:00.000,2022-2023,15.310000000000002,2022,39,,Overall,2025-09-27 00:00:00.0000000
2022-08-06T00:00:00.000,2022-2023,0.0987,2022,31,,"White, Non-Hispanic",2025-08-02 00:00:00.0000000
2022-08-13T00:00:00.000,2022-2023,0.232,2022,32,,"White, Non-Hispanic",2025-08-09 00:00:00.0000000
2022-08-20T00:00:00.000,2022-2023,0.4709999999999999,2022,33,,"White, Non-Hispanic",2025-08-16 00:00:00.0000000
2022-08-27T00:00:00.000,2022-2023,0.825,2022,34,,"White, Non-Hispanic",2025-08-23 00:00:00.0000000
2022-09-03T00:00:00.000,2022-2023,1.58,2022,35,,"White, Non-Hispanic",2025-08-30 00:00:00.0000000
2022-09-10T00:00:00.000,2022-2023,3.44,2022,36,,"White, Non-Hispanic",2025-09-06 00:00:00.0000000
2022-09-17T00:00:00.000,2022-2023,6.710000000000001,2022,37,,"White, Non-Hispanic",2025-09-13 00:00:00.0000000
2022-09-24T00:00:00.000,2022-2023,10.83,2022,38,,"White, Non-Hispanic",2025-09-20 00:00:00.0000000
2022-10-01T00:00:00.000,2022-2023,15.61,2022,39,,"White, Non-Hispanic",2025-09-27 00:00:00.0000000
2022-04-23T00:00:00.000,2021-2022,51.62,2022,16,,"Other, Non-Hispanic",2026-04-18 00:00:00.0000000
2022-04-30T00:00:00.000,2021-2022,51.64,2022,17,,"Other, Non-Hispanic",2026-04-25 00:00:00.0000000
2022-05-07T00:00:00.000,2021-2022,51.65,2022,18,,"Other, Non-Hispanic",2026-05-02 00:00:00.0000000
2022-05-14T00:00:00.000,2021-2022,51.67,2022,19,,"Other, Non-Hispanic",2026-05-09 00:00:00.0000000
2022-05-21T00:00:00.000,2021-2022,51.68000000000001,2022,20,,"Other, Non-Hispanic",2026-05-16 00:00:00.0000000
2022-05-28T00:00:00.000,2021-2022,51.7,2022,21,,"Other, Non-Hispanic",2026-05-23 00:00:00.0000000
2022-01-01T00:00:00.000,2021-2022,52.41,2021,52,,"Asian, Non-Hispanic",2025-12-27 00:00:00.0000000
2022-01-08T00:00:00.000,2021-2022,52.78,2022,1,,"Asian, Non-Hispanic",2026-01-03 00:00:00.0000000
2022-01-15T00:00:00.000,2021-2022,53.09,2022,2,,"Asian, Non-Hispanic",2026-01-10 00:00:00.0000000
2022-01-22T00:00:00.000,2021-2022,53.33,2022,3,,"Asian, Non-Hispanic",2026-01-17 00:00:00.0000000
2022-01-29T00:00:00.000,2021-2022,53.54,2022,4,,"Asian, Non-Hispanic",2026-01-24 00:00:00.0000000
2022-02-05T00:00:00.000,2021-2022,53.7,2022,5,,"Asian, Non-Hispanic",2026-01-31 00:00:00.0000000
2022-02-12T00:00:00.000,2021-2022,53.86,2022,6,,"Asian, Non-Hispanic",2026-02-07 00:00:00.0000000
2022-02-19T00:00:00.000,2021-2022,53.98,2022,7,,"Asian, Non-Hispanic",2026-02-14 00:00:00.0000000
2022-02-26T00:00:00.000,2021-2022,54.08,2022,8,,"Asian, Non-Hispanic",2026-02-21 00:00:00.0000000
2022-03-05T00:00:00.000,2021-2022,54.17,2022,9,,"Asian, Non-Hispanic",2026-02-28 00:00:00.0000000
2022-03-12T00:00:00.000,2021-2022,54.24,2022,10,,"Asian, Non-Hispanic",2026-03-07 00:00:00.0000000
2022-03-19T00:00:00.000,2021-2022,54.3,2022,11,,"Asian, Non-Hispanic",2026-03-14 00:00:00.0000000
2022-03-26T00:00:00.000,2021-2022,54.34,2022,12,,"Asian, Non-Hispanic",2026-03-21 00:00:00.0000000
2022-04-02T00:00:00.000,2021-2022,54.39000000000001,2022,13,,"Asian, Non-Hispanic",2026-03-28 00:00:00.0000000
2022-04-09T00:00:00.000,2021-2022,54.41,2022,14,,"Asian, Non-Hispanic",2026-04-04 00:00:00.0000000
2022-04-16T00:00:00.000,2021-2022,54.43,2022,15,,"Asian, Non-Hispanic",2026-04-11 00:00:00.0000000
2022-04-23T00:00:00.000,2021-2022,54.45,2022,16,,"Asian, Non-Hispanic",2026-04-18 00:00:00.0000000
2022-04-30T00:00:00.000,2021-2022,54.47,2022,17,,"Asian, Non-Hispanic",2026-04-25 00:00:00.0000000
2022-05-07T00:00:00.000,2021-2022,54.48,2022,18,,"Asian, Non-Hispanic",2026-05-02 00:00:00.0000000
2022-05-14T00:00:00.000,2021-2022,54.50000000000001,2022,19,,"Asian, Non-Hispanic",2026-05-09 00:00:00.0000000
2022-05-21T00:00:00.000,2021-2022,54.510000000000005,2022,20,,"Asian, Non-Hispanic",2026-05-16 00:00:00.0000000
2022-05-28T00:00:00.000,2021-2022,54.52,2022,21,,"Asian, Non-Hispanic",2026-05-23 00:00:00.0000000
2022-01-01T00:00:00.000,2021-2022,31.85,2021,52,,Hispanic,2025-12-27 00:00:00.0000000
2022-01-08T00:00:00.000,2021-2022,32.24,2022,1,,Hispanic,2026-01-03 00:00:00.0000000
2022-01-15T00:00:00.000,2021-2022,32.59,2022,2,,Hispanic,2026-01-10 00:00:00.0000000
2022-01-22T00:00:00.000,2021-2022,32.879999999999995,2022,3,,Hispanic,2026-01-17 00:00:00.0000000
2022-01-29T00:00:00.000,2021-2022,33.129999999999995,2022,4,,Hispanic,2026-01-24 00:00:00.0000000
2022-02-05T00:00:00.000,2021-2022,33.33,2022,5,,Hispanic,2026-01-31 00:00:00.0000000
2022-02-12T00:00:00.000,2021-2022,33.51,2022,6,,Hispanic,2026-02-07 00:00:00.0000000
2022-02-19T00:00:00.000,2021-2022,33.67,2022,7,,Hispanic,2026-02-14 00:00:00.0000000
2022-02-26T00:00:00.000,2021-2022,33.800000000000004,2022,8,,Hispanic,2026-02-21 00:00:00.0000000
2022-03-05T00:00:00.000,2021-2022,33.910000000000004,2022,9,,Hispanic,2026-02-28 00:00:00.0000000
2022-03-12T00:00:00.000,2021-2022,34.0,2022,10,,Hispanic,2026-03-07 00:00:00.0000000
2022-03-19T00:00:00.000,2021-2022,34.09,2022,11,,Hispanic,2026-03-14 00:00:00.0000000
2022-03-26T00:00:00.000,2021-2022,34.160000000000004,2022,12,,Hispanic,2026-03-21 00:00:00.0000000
2022-04-02T00:00:00.000,2021-2022,34.22,2022,13,,Hispanic,2026-03-28 00:00:00.0000000
2022-04-09T00:00:00.000,2021-2022,34.260000000000005,2022,14,,Hispanic,2026-04-04 00:00:00.0000000
2022-04-16T00:00:00.000,2021-2022,34.29,2022,15,,Hispanic,2026-04-11 00:00:00.0000000
2022-04-23T00:00:00.000,2021-2022,34.32,2022,16,,Hispanic,2026-04-18 00:00:00.0000000
2022-04-30T00:00:00.000,2021-2022,34.34,2022,17,,Hispanic,2026-04-25 00:00:00.0000000
2022-05-07T00:00:00.000,2021-2022,34.36,2022,18,,Hispanic,2026-05-02 00:00:00.0000000
2022-05-14T00:00:00.000,2021-2022,34.38,2022,19,,Hispanic,2026-05-09 00:00:00.0000000
2022-05-21T00:00:00.000,2021-2022,34.4,2022,20,,Hispanic,2026-05-16 00:00:00.0000000
2022-05-28T00:00:00.000,2021-2022,34.410000000000004,2022,21,,Hispanic,2026-05-23 00:00:00.0000000
2020-03-14T00:00:00.000,2019-2020,40.64,2020,11,,"Black, Non-Hispanic",2026-03-07 00:00:00.0000000
2021-04-24T00:00:00.000,2020-2021,59.55,2021,16,,"White, Non-Hispanic",2026-04-18 00:00:00.0000000
2020-03-21T00:00:00.000,2019-2020,40.73,2020,12,,"Black, Non-Hispanic",2026-03-14 00:00:00.0000000
2020-03-28T00:00:00.000,2019-2020,40.760000000000005,2020,13,,"Black, Non-Hispanic",2026-03-21 00:00:00.0000000
2020-04-04T00:00:00.000,2019-2020,40.78,2020,14,,"Black, Non-Hispanic",2026-03-28 00:00:00.0000000
2020-04-11T00:00:00.000,2019-2020,40.8,2020,15,,"Black, Non-Hispanic",2026-04-04 00:00:00.0000000
2020-04-18T00:00:00.000,2019-2020,40.81,2020,16,,"Black, Non-Hispanic",2026-04-11 00:00:00.0000000
2020-04-25T00:00:00.000,2019-2020,40.82,2020,17,,"Black, Non-Hispanic",2026-04-18 00:00:00.0000000
2020-05-02T00:00:00.000,2019-2020,40.83,2020,18,,"Black, Non-Hispanic",2026-04-25 00:00:00.0000000
2020-05-09T00:00:00.000,2019-2020,40.84,2020,19,,"Black, Non-Hispanic",2026-05-02 00:00:00.0000000
2020-05-16T00:00:00.000,2019-2020,40.85,2020,20,,"Black, Non-Hispanic",2026-05-09 00:00:00.0000000
2020-05-23T00:00:00.000,2019-2020,40.86,2020,21,,"Black, Non-Hispanic",2026-05-16 00:00:00.0000000
2020-05-30T00:00:00.000,2019-2020,40.87,2020,22,,"Black, Non-Hispanic",2026-05-23 00:00:00.0000000
2024-01-13T00:00:00.000,2023-2024,47.4,2024,2,,"Other, Non-Hispanic",2026-01-10 00:00:00.0000000
2024-01-06T00:00:00.000,2023-2024,47.03,2024,1,,"Other, Non-Hispanic",2026-01-03 00:00:00.0000000
2024-01-06T00:00:00.000,2023-2024,51.77,2024,1,,"Asian, Non-Hispanic",2026-01-03 00:00:00.0000000
2024-01-27T00:00:00.000,2023-2024,52.62,2024,4,,"Asian, Non-Hispanic",2026-01-24 00:00:00.0000000
2024-01-13T00:00:00.000,2023-2024,52.14,2024,2,,"Asian, Non-Hispanic",2026-01-10 00:00:00.0000000
2024-01-20T00:00:00.000,2023-2024,52.39,2024,3,,"Asian, Non-Hispanic",2026-01-17 00:00:00.0000000
2024-01-06T00:00:00.000,2023-2024,36.94,2024,1,,"Black, Non-Hispanic",2026-01-03 00:00:00.0000000
2024-01-20T00:00:00.000,2023-2024,47.67,2024,3,,"Other, Non-Hispanic",2026-01-17 00:00:00.0000000
2024-01-13T00:00:00.000,2023-2024,37.34,2024,2,,"Black, Non-Hispanic",2026-01-10 00:00:00.0000000
2020-08-08T00:00:00.000,2020-2021,0.0840999999999999,2020,32,,"Black, Non-Hispanic",2025-08-02 00:00:00.0000000
2020-08-15T00:00:00.000,2020-2021,0.3429999999999999,2020,33,,"Black, Non-Hispanic",2025-08-09 00:00:00.0000000
2020-08-22T00:00:00.000,2020-2021,1.06,2020,34,,"Black, Non-Hispanic",2025-08-16 00:00:00.0000000
2020-08-29T00:00:00.000,2020-2021,2.09,2020,35,,"Black, Non-Hispanic",2025-08-23 00:00:00.0000000
2020-09-05T00:00:00.000,2020-2021,3.86,2020,36,,"Black, Non-Hispanic",2025-08-30 00:00:00.0000000
2020-09-12T00:00:00.000,2020-2021,6.36,2020,37,,"Black, Non-Hispanic",2025-09-06 00:00:00.0000000
2020-09-19T00:00:00.000,2020-2021,10.43,2020,38,,"Black, Non-Hispanic",2025-09-13 00:00:00.0000000
2020-09-26T00:00:00.000,2020-2021,14.93,2020,39,,"Black, Non-Hispanic",2025-09-20 00:00:00.0000000
2020-10-03T00:00:00.000,2020-2021,19.35,2020,40,,"Black, Non-Hispanic",2025-09-27 00:00:00.0000000
2020-10-10T00:00:00.000,2020-2021,24.06,2020,41,,"Black, Non-Hispanic",2025-10-04 00:00:00.0000000
2020-10-17T00:00:00.000,2020-2021,27.99,2020,42,,"Black, Non-Hispanic",2025-10-11 00:00:00.0000000
2020-10-24T00:00:00.000,2020-2021,31.33,2020,43,,"Black, Non-Hispanic",2025-10-18 00:00:00.0000000
2020-10-31T00:00:00.000,2020-2021,33.82,2020,44,,"Black, Non-Hispanic",2025-10-25 00:00:00.0000000
2020-11-07T00:00:00.000,2020-2021,35.6,2020,45,,"Black, Non-Hispanic",2025-11-01 00:00:00.0000000
2020-11-14T00:00:00.000,2020-2021,37.05,2020,46,,"Black, Non-Hispanic",2025-11-08 00:00:00.0000000
2021-05-01T00:00:00.000,2020-2021,59.56,2021,17,,"White, Non-Hispanic",2026-04-25 00:00:00.0000000
2021-05-08T00:00:00.000,2020-2021,59.58,2021,18,,"White, Non-Hispanic",2026-05-02 00:00:00.0000000
2021-05-15T00:00:00.000,2020-2021,59.59,2021,19,,"White, Non-Hispanic",2026-05-09 00:00:00.0000000
2021-05-22T00:00:00.000,2020-2021,59.6,2021,20,,"White, Non-Hispanic",2026-05-16 00:00:00.0000000
2021-05-29T00:00:00.000,2020-2021,59.61,2021,21,,"White, Non-Hispanic",2026-05-23 00:00:00.0000000
2021-08-07T00:00:00.000,2021-2022,0.0869,2021,31,,"White, Non-Hispanic",2025-08-02 00:00:00.0000000
2021-08-14T00:00:00.000,2021-2022,0.2419999999999999,2021,32,,"White, Non-Hispanic",2025-08-09 00:00:00.0000000
2021-08-21T00:00:00.000,2021-2022,0.595,2021,33,,"White, Non-Hispanic",2025-08-16 00:00:00.0000000
2021-08-28T00:00:00.000,2021-2022,1.14,2021,34,,"White, Non-Hispanic",2025-08-23 00:00:00.0000000
2021-09-04T00:00:00.000,2021-2022,2.22,2021,35,,"White, Non-Hispanic",2025-08-30 00:00:00.0000000
2021-09-11T00:00:00.000,2021-2022,4.12,2021,36,,"White, Non-Hispanic",2025-09-06 00:00:00.0000000
2021-09-18T00:00:00.000,2021-2022,7.439999999999999,2021,37,,"White, Non-Hispanic",2025-09-13 00:00:00.0000000
2021-09-25T00:00:00.000,2021-2022,12.09,2021,38,,"White, Non-Hispanic",2025-09-20 00:00:00.0000000
2021-10-02T00:00:00.000,2021-2022,17.97,2021,39,,"White, Non-Hispanic",2025-09-27 00:00:00.0000000
2021-04-03T00:00:00.000,2020-2021,42.56,2021,13,,"Black, Non-Hispanic",2026-03-28 00:00:00.0000000
2021-04-10T00:00:00.000,2020-2021,42.58,2021,14,,"Black, Non-Hispanic",2026-04-04 00:00:00.0000000
2021-04-17T00:00:00.000,2020-2021,42.6,2021,15,,"Black, Non-Hispanic",2026-04-11 00:00:00.0000000
2021-04-24T00:00:00.000,2020-2021,42.61,2021,16,,"Black, Non-Hispanic",2026-04-18 00:00:00.0000000
2021-05-01T00:00:00.000,2020-2021,42.63,2021,17,,"Black, Non-Hispanic",2026-04-25 00:00:00.0000000
2021-05-08T00:00:00.000,2020-2021,42.64,2021,18,,"Black, Non-Hispanic",2026-05-02 00:00:00.0000000
2021-05-15T00:00:00.000,2020-2021,42.66,2021,19,,"Black, Non-Hispanic",2026-05-09 00:00:00.0000000
2021-05-22T00:00:00.000,2020-2021,42.67,2021,20,,"Black, Non-Hispanic",2026-05-16 00:00:00.0000000
2021-05-29T00:00:00.000,2020-2021,42.68,2021,21,,"Black, Non-Hispanic",2026-05-23 00:00:00.0000000
2021-08-07T00:00:00.000,2021-2022,0.0730999999999999,2021,31,,"Black, Non-Hispanic",2025-08-02 00:00:00.0000000
2021-08-14T00:00:00.000,2021-2022,0.19,2021,32,,"Black, Non-Hispanic",2025-08-09 00:00:00.0000000
2021-08-21T00:00:00.000,2021-2022,0.4179999999999999,2021,33,,"Black, Non-Hispanic",2025-08-16 00:00:00.0000000
2021-08-28T00:00:00.000,2021-2022,0.75,2021,34,,"Black, Non-Hispanic",2025-08-23 00:00:00.0000000
2021-09-04T00:00:00.000,2021-2022,1.4,2021,35,,"Black, Non-Hispanic",2025-08-30 00:00:00.0000000
2021-09-11T00:00:00.000,2021-2022,2.6,2021,36,,"Black, Non-Hispanic",2025-09-06 00:00:00.0000000
2021-09-18T00:00:00.000,2021-2022,4.67,2021,37,,"Black, Non-Hispanic",2025-09-13 00:00:00.0000000
2021-09-25T00:00:00.000,2021-2022,7.51,2021,38,,"Black, Non-Hispanic",2025-09-20 00:00:00.0000000
2021-10-02T00:00:00.000,2021-2022,11.16,2021,39,,"Black, Non-Hispanic",2025-09-27 00:00:00.0000000
2021-04-03T00:00:00.000,2020-2021,53.54,2021,13,,"Other, Non-Hispanic",2026-03-28 00:00:00.0000000
2021-04-10T00:00:00.000,2020-2021,53.56,2021,14,,"Other, Non-Hispanic",2026-04-04 00:00:00.0000000
2021-04-17T00:00:00.000,2020-2021,53.580000000000005,2021,15,,"Other, Non-Hispanic",2026-04-11 00:00:00.0000000
2021-04-24T00:00:00.000,2020-2021,53.59,2021,16,,"Other, Non-Hispanic",2026-04-18 00:00:00.0000000
2021-05-01T00:00:00.000,2020-2021,53.61,2021,17,,"Other, Non-Hispanic",2026-04-25 00:00:00.0000000
2021-05-08T00:00:00.000,2020-2021,53.620000000000005,2021,18,,"Other, Non-Hispanic",2026-05-02 00:00:00.0000000
2021-05-15T00:00:00.000,2020-2021,53.64,2021,19,,"Other, Non-Hispanic",2026-05-09 00:00:00.0000000
2021-05-22T00:00:00.000,2020-2021,53.65,2021,20,,"Other, Non-Hispanic",2026-05-16 00:00:00.0000000
2021-05-29T00:00:00.000,2020-2021,53.66,2021,21,,"Other, Non-Hispanic",2026-05-23 00:00:00.0000000
2021-08-07T00:00:00.000,2021-2022,0.0800999999999999,2021,31,,"Other, Non-Hispanic",2025-08-02 00:00:00.0000000
2021-08-14T00:00:00.000,2021-2022,0.246,2021,32,,"Other, Non-Hispanic",2025-08-09 00:00:00.0000000
2021-08-21T00:00:00.000,2021-2022,0.681,2021,33,,"Other, Non-Hispanic",2025-08-16 00:00:00.0000000
2021-08-28T00:00:00.000,2021-2022,1.36,2021,34,,"Other, Non-Hispanic",2025-08-23 00:00:00.0000000
2021-09-04T00:00:00.000,2021-2022,2.75,2021,35,,"Other, Non-Hispanic",2025-08-30 00:00:00.0000000
2021-09-11T00:00:00.000,2021-2022,4.86,2021,36,,"Other, Non-Hispanic",2025-09-06 00:00:00.0000000
2021-09-18T00:00:00.000,2021-2022,8.25,2021,37,,"Other, Non-Hispanic",2025-09-13 00:00:00.0000000
2021-09-25T00:00:00.000,2021-2022,12.72,2021,38,,"Other, Non-Hispanic",2025-09-20 00:00:00.0000000
2021-10-02T00:00:00.000,2021-2022,18.24,2021,39,,"Other, Non-Hispanic",2025-09-27 00:00:00.0000000
2021-04-03T00:00:00.000,2020-2021,56.95,2021,13,,"Asian, Non-Hispanic",2026-03-28 00:00:00.0000000
2021-04-10T00:00:00.000,2020-2021,56.97,2021,14,,"Asian, Non-Hispanic",2026-04-04 00:00:00.0000000
2021-04-17T00:00:00.000,2020-2021,56.98,2021,15,,"Asian, Non-Hispanic",2026-04-11 00:00:00.0000000
2021-04-24T00:00:00.000,2020-2021,56.99999999999999,2021,16,,"Asian, Non-Hispanic",2026-04-18 00:00:00.0000000
2021-05-01T00:00:00.000,2020-2021,57.010000000000005,2021,17,,"Asian, Non-Hispanic",2026-04-25 00:00:00.0000000
2021-05-08T00:00:00.000,2020-2021,57.02,2021,18,,"Asian, Non-Hispanic",2026-05-02 00:00:00.0000000
2021-05-15T00:00:00.000,2020-2021,57.03,2021,19,,"Asian, Non-Hispanic",2026-05-09 00:00:00.0000000
2021-05-22T00:00:00.000,2020-2021,57.03,2021,20,,"Asian, Non-Hispanic",2026-05-16 00:00:00.0000000
2021-05-29T00:00:00.000,2020-2021,57.04,2021,21,,"Asian, Non-Hispanic",2026-05-23 00:00:00.0000000
2021-08-07T00:00:00.000,2021-2022,0.0841999999999999,2021,31,,"Asian, Non-Hispanic",2025-08-02 00:00:00.0000000
2021-08-14T00:00:00.000,2021-2022,0.2769999999999999,2021,32,,"Asian, Non-Hispanic",2025-08-09 00:00:00.0000000
2021-08-21T00:00:00.000,2021-2022,0.749,2021,33,,"Asian, Non-Hispanic",2025-08-16 00:00:00.0000000
2021-08-28T00:00:00.000,2021-2022,1.5699999999999998,2021,34,,"Asian, Non-Hispanic",2025-08-23 00:00:00.0000000
2021-09-04T00:00:00.000,2021-2022,3.2300000000000004,2021,35,,"Asian, Non-Hispanic",2025-08-30 00:00:00.0000000
2021-09-11T00:00:00.000,2021-2022,5.88,2021,36,,"Asian, Non-Hispanic",2025-09-06 00:00:00.0000000
2021-09-18T00:00:00.000,2021-2022,10.09,2021,37,,"Asian, Non-Hispanic",2025-09-13 00:00:00.0000000
2021-09-25T00:00:00.000,2021-2022,15.1,2021,38,,"Asian, Non-Hispanic",2025-09-20 00:00:00.0000000
2021-10-02T00:00:00.000,2021-2022,21.0,2021,39,,"Asian, Non-Hispanic",2025-09-27 00:00:00.0000000
2021-04-03T00:00:00.000,2020-2021,37.1,2021,13,,Hispanic,2026-03-28 00:00:00.0000000
2021-04-10T00:00:00.000,2020-2021,37.12,2021,14,,Hispanic,2026-04-04 00:00:00.0000000
2021-04-17T00:00:00.000,2020-2021,37.14,2021,15,,Hispanic,2026-04-11 00:00:00.0000000
2021-04-24T00:00:00.000,2020-2021,37.16,2021,16,,Hispanic,2026-04-18 00:00:00.0000000
2022-08-06T00:00:00.000,2022-2023,0.0985999999999999,2022,31,,Overall,2025-08-02 00:00:00.0000000
2022-08-13T00:00:00.000,2022-2023,0.233,2022,32,,Overall,2025-08-09 00:00:00.0000000
2022-08-20T00:00:00.000,2022-2023,0.478,2022,33,,Overall,2025-08-16 00:00:00.0000000
2022-08-06T00:00:00.000,2022-2023,0.0876,2022,31,,"Black, Non-Hispanic",2025-08-02 00:00:00.0000000
2022-08-13T00:00:00.000,2022-2023,0.2089999999999999,2022,32,,"Black, Non-Hispanic",2025-08-09 00:00:00.0000000
2022-08-20T00:00:00.000,2022-2023,0.4129999999999999,2022,33,,"Black, Non-Hispanic",2025-08-16 00:00:00.0000000
2022-08-27T00:00:00.000,2022-2023,0.7009999999999998,2022,34,,"Black, Non-Hispanic",2025-08-23 00:00:00.0000000
2022-09-03T00:00:00.000,2022-2023,1.26,2022,35,,"Black, Non-Hispanic",2025-08-30 00:00:00.0000000
2022-09-10T00:00:00.000,2022-2023,2.55,2022,36,,"Black, Non-Hispanic",2025-09-06 00:00:00.0000000
2022-09-17T00:00:00.000,2022-2023,4.82,2022,37,,"Black, Non-Hispanic",2025-09-13 00:00:00.0000000
2022-09-24T00:00:00.000,2022-2023,7.679999999999999,2022,38,,"Black, Non-Hispanic",2025-09-20 00:00:00.0000000
2022-10-01T00:00:00.000,2022-2023,11.06,2022,39,,"Black, Non-Hispanic",2025-09-27 00:00:00.0000000
2022-08-06T00:00:00.000,2022-2023,0.0951,2022,31,,"Other, Non-Hispanic",2025-08-02 00:00:00.0000000
2022-08-13T00:00:00.000,2022-2023,0.231,2022,32,,"Other, Non-Hispanic",2025-08-09 00:00:00.0000000
2022-08-20T00:00:00.000,2022-2023,0.593,2022,33,,"Other, Non-Hispanic",2025-08-16 00:00:00.0000000
2022-08-27T00:00:00.000,2022-2023,1.13,2022,34,,"Other, Non-Hispanic",2025-08-23 00:00:00.0000000
2022-09-03T00:00:00.000,2022-2023,2.21,2022,35,,"Other, Non-Hispanic",2025-08-30 00:00:00.0000000
2022-09-10T00:00:00.000,2022-2023,4.33,2022,36,,"Other, Non-Hispanic",2025-09-06 00:00:00.0000000
2022-09-17T00:00:00.000,2022-2023,7.8,2022,37,,"Other, Non-Hispanic",2025-09-13 00:00:00.0000000
2022-09-24T00:00:00.000,2022-2023,11.84,2022,38,,"Other, Non-Hispanic",2025-09-20 00:00:00.0000000
2022-10-01T00:00:00.000,2022-2023,16.39,2022,39,,"Other, Non-Hispanic",2025-09-27 00:00:00.0000000
2022-08-06T00:00:00.000,2022-2023,0.1369999999999999,2022,31,,"Asian, Non-Hispanic",2025-08-02 00:00:00.0000000
2022-08-13T00:00:00.000,2022-2023,0.3469999999999999,2022,32,,"Asian, Non-Hispanic",2025-08-09 00:00:00.0000000
2022-08-20T00:00:00.000,2022-2023,0.803,2022,33,,"Asian, Non-Hispanic",2025-08-16 00:00:00.0000000
2022-08-27T00:00:00.000,2022-2023,1.5,2022,34,,"Asian, Non-Hispanic",2025-08-23 00:00:00.0000000
2022-09-03T00:00:00.000,2022-2023,2.9000000000000004,2022,35,,"Asian, Non-Hispanic",2025-08-30 00:00:00.0000000
2022-09-10T00:00:00.000,2022-2023,5.18,2022,36,,"Asian, Non-Hispanic",2025-09-06 00:00:00.0000000
2022-09-17T00:00:00.000,2022-2023,9.05,2022,37,,"Asian, Non-Hispanic",2025-09-13 00:00:00.0000000
2022-09-24T00:00:00.000,2022-2023,13.73,2022,38,,"Asian, Non-Hispanic",2025-09-20 00:00:00.0000000
2022-10-01T00:00:00.000,2022-2023,18.71,2022,39,,"Asian, Non-Hispanic",2025-09-27 00:00:00.0000000
2022-08-06T00:00:00.000,2022-2023,0.109,2022,31,,Hispanic,2025-08-02 00:00:00.0000000
2022-08-13T00:00:00.000,2022-2023,0.252,2022,32,,Hispanic,2025-08-09 00:00:00.0000000
2022-08-20T00:00:00.000,2022-2023,0.506,2022,33,,Hispanic,2025-08-16 00:00:00.0000000
2022-08-27T00:00:00.000,2022-2023,0.8689999999999999,2022,34,,Hispanic,2025-08-23 00:00:00.0000000
2022-09-03T00:00:00.000,2022-2023,1.49,2022,35,,Hispanic,2025-08-30 00:00:00.0000000
2022-09-10T00:00:00.000,2022-2023,2.47,2022,36,,Hispanic,2025-09-06 00:00:00.0000000
2022-09-17T00:00:00.000,2022-2023,4.14,2022,37,,Hispanic,2025-09-13 00:00:00.0000000
2022-09-24T00:00:00.000,2022-2023,6.32,2022,38,,Hispanic,2025-09-20 00:00:00.0000000
2022-10-01T00:00:00.000,2022-2023,8.82,2022,39,,Hispanic,2025-09-27 00:00:00.0000000
2020-04-18T00:00:00.000,2019-2020,58.03,2020,16,,"White, Non-Hispanic",2026-04-11 00:00:00.0000000
2020-04-25T00:00:00.000,2019-2020,58.040000000000006,2020,17,,"White, Non-Hispanic",2026-04-18 00:00:00.0000000
2020-05-02T00:00:00.000,2019-2020,58.05,2020,18,,"White, Non-Hispanic",2026-04-25 00:00:00.0000000
2020-05-09T00:00:00.000,2019-2020,58.06,2020,19,,"White, Non-Hispanic",2026-05-02 00:00:00.0000000
2020-05-16T00:00:00.000,2019-2020,58.06,2020,20,,"White, Non-Hispanic",2026-05-09 00:00:00.0000000
2020-05-23T00:00:00.000,2019-2020,58.07,2020,21,,"White, Non-Hispanic",2026-05-16 00:00:00.0000000
2020-05-30T00:00:00.000,2019-2020,58.08,2020,22,,"White, Non-Hispanic",2026-05-23 00:00:00.0000000
2020-08-08T00:00:00.000,2020-2021,0.0974999999999999,2020,32,,"White, Non-Hispanic",2025-08-02 00:00:00.0000000
2020-08-15T00:00:00.000,2020-2021,0.4969999999999999,2020,33,,"White, Non-Hispanic",2025-08-09 00:00:00.0000000
2020-08-22T00:00:00.000,2020-2021,1.78,2020,34,,"White, Non-Hispanic",2025-08-16 00:00:00.0000000
2020-08-29T00:00:00.000,2020-2021,3.61,2020,35,,"White, Non-Hispanic",2025-08-23 00:00:00.0000000
2020-09-05T00:00:00.000,2020-2021,6.6000000000000005,2020,36,,"White, Non-Hispanic",2025-08-30 00:00:00.0000000
2020-09-12T00:00:00.000,2020-2021,10.7,2020,37,,"White, Non-Hispanic",2025-09-06 00:00:00.0000000
2020-09-19T00:00:00.000,2020-2021,16.49,2020,38,,"White, Non-Hispanic",2025-09-13 00:00:00.0000000
2020-09-26T00:00:00.000,2020-2021,22.71,2020,39,,"White, Non-Hispanic",2025-09-20 00:00:00.0000000
2020-10-03T00:00:00.000,2020-2021,29.520000000000003,2020,40,,"White, Non-Hispanic",2025-09-27 00:00:00.0000000
2020-10-10T00:00:00.000,2020-2021,36.77,2020,41,,"White, Non-Hispanic",2025-10-04 00:00:00.0000000
2020-10-17T00:00:00.000,2020-2021,42.73,2020,42,,"White, Non-Hispanic",2025-10-11 00:00:00.0000000
2020-10-24T00:00:00.000,2020-2021,47.5,2020,43,,"White, Non-Hispanic",2025-10-18 00:00:00.0000000
2020-10-31T00:00:00.000,2020-2021,50.85,2020,44,,"White, Non-Hispanic",2025-10-25 00:00:00.0000000
2020-11-07T00:00:00.000,2020-2021,53.0,2020,45,,"White, Non-Hispanic",2025-11-01 00:00:00.0000000
2024-02-17T00:00:00.000,2023-2024,30.92,2024,7,,Hispanic,2026-02-14 00:00:00.0000000
2024-02-03T00:00:00.000,2023-2024,30.58,2024,5,,Hispanic,2026-01-31 00:00:00.0000000
2024-02-10T00:00:00.000,2023-2024,30.76,2024,6,,Hispanic,2026-02-07 00:00:00.0000000
2024-02-24T00:00:00.000,2023-2024,31.03,2024,8,,Hispanic,2026-02-21 00:00:00.0000000
2024-02-17T00:00:00.000,2023-2024,48.43,2024,7,,"Other, Non-Hispanic",2026-02-14 00:00:00.0000000
2024-02-17T00:00:00.000,2023-2024,51.95,2024,7,,"White, Non-Hispanic",2026-02-14 00:00:00.0000000
2024-02-03T00:00:00.000,2023-2024,48.120000000000005,2024,5,,"Other, Non-Hispanic",2026-01-31 00:00:00.0000000
2024-02-24T00:00:00.000,2023-2024,52.03,2024,8,,"White, Non-Hispanic",2026-02-21 00:00:00.0000000
2024-02-10T00:00:00.000,2023-2024,51.85,2024,6,,"White, Non-Hispanic",2026-02-07 00:00:00.0000000
2020-11-14T00:00:00.000,2020-2021,54.65,2020,46,,"White, Non-Hispanic",2025-11-08 00:00:00.0000000
2020-11-21T00:00:00.000,2020-2021,55.95,2020,47,,"White, Non-Hispanic",2025-11-15 00:00:00.0000000
2020-11-28T00:00:00.000,2020-2021,56.52,2020,48,,"White, Non-Hispanic",2025-11-22 00:00:00.0000000
2020-12-05T00:00:00.000,2020-2021,57.2,2020,49,,"White, Non-Hispanic",2025-11-29 00:00:00.0000000
2020-12-12T00:00:00.000,2020-2021,57.76,2020,50,,"White, Non-Hispanic",2025-12-06 00:00:00.0000000
2020-12-19T00:00:00.000,2020-2021,58.17,2020,51,,"White, Non-Hispanic",2025-12-13 00:00:00.0000000
2020-12-26T00:00:00.000,2020-2021,58.36,2020,52,,"White, Non-Hispanic",2025-12-20 00:00:00.0000000
2021-01-02T00:00:00.000,2020-2021,58.52,2020,53,,"White, Non-Hispanic",2025-12-27 00:00:00.0000000
2021-01-09T00:00:00.000,2020-2021,58.720000000000006,2021,1,,"White, Non-Hispanic",2026-01-03 00:00:00.0000000
2021-01-16T00:00:00.000,2020-2021,58.89,2021,2,,"White, Non-Hispanic",2026-01-10 00:00:00.0000000
2021-01-23T00:00:00.000,2020-2021,59.02,2021,3,,"White, Non-Hispanic",2026-01-17 00:00:00.0000000
2021-01-30T00:00:00.000,2020-2021,59.12,2021,4,,"White, Non-Hispanic",2026-01-24 00:00:00.0000000
2021-02-06T00:00:00.000,2020-2021,59.2,2021,5,,"White, Non-Hispanic",2026-01-31 00:00:00.0000000
2021-02-13T00:00:00.000,2020-2021,59.260000000000005,2021,6,,"White, Non-Hispanic",2026-02-07 00:00:00.0000000
2021-02-20T00:00:00.000,2020-2021,59.3,2021,7,,"White, Non-Hispanic",2026-02-14 00:00:00.0000000
2021-02-27T00:00:00.000,2020-2021,59.35,2021,8,,"White, Non-Hispanic",2026-02-21 00:00:00.0000000
2021-03-06T00:00:00.000,2020-2021,59.39,2021,9,,"White, Non-Hispanic",2026-02-28 00:00:00.0000000
2021-03-13T00:00:00.000,2020-2021,59.43000000000001,2021,10,,"White, Non-Hispanic",2026-03-07 00:00:00.0000000
2021-03-20T00:00:00.000,2020-2021,59.46,2021,11,,"White, Non-Hispanic",2026-03-14 00:00:00.0000000
2022-12-17T00:00:00.000,2022-2023,49.97,2022,50,,"Other, Non-Hispanic",2025-12-13 00:00:00.0000000
2022-12-24T00:00:00.000,2022-2023,52.21,2022,51,,"Asian, Non-Hispanic",2025-12-20 00:00:00.0000000
2022-12-24T00:00:00.000,2022-2023,50.53,2022,51,,"Other, Non-Hispanic",2025-12-20 00:00:00.0000000
2022-12-31T00:00:00.000,2022-2023,52.580000000000005,2022,52,,"Asian, Non-Hispanic",2025-12-27 00:00:00.0000000
2022-12-10T00:00:00.000,2022-2023,49.09,2022,49,,"Other, Non-Hispanic",2025-12-06 00:00:00.0000000
2022-12-17T00:00:00.000,2022-2023,38.28,2022,50,,"Black, Non-Hispanic",2025-12-13 00:00:00.0000000
2022-12-10T00:00:00.000,2022-2023,37.37,2022,49,,"Black, Non-Hispanic",2025-12-06 00:00:00.0000000
2022-12-17T00:00:00.000,2022-2023,51.6,2022,50,,"Asian, Non-Hispanic",2025-12-13 00:00:00.0000000
2022-12-31T00:00:00.000,2022-2023,39.17,2022,52,,"Black, Non-Hispanic",2025-12-27 00:00:00.0000000
2022-12-10T00:00:00.000,2022-2023,51.2,2022,49,,Overall,2025-12-06 00:00:00.0000000
2022-12-31T00:00:00.000,2022-2023,50.84,2022,52,,"Other, Non-Hispanic",2025-12-27 00:00:00.0000000
2022-12-24T00:00:00.000,2022-2023,38.84,2022,51,,"Black, Non-Hispanic",2025-12-20 00:00:00.0000000
2022-12-10T00:00:00.000,2022-2023,50.68,2022,49,,"Asian, Non-Hispanic",2025-12-06 00:00:00.0000000
2022-12-24T00:00:00.000,2022-2023,52.65,2022,51,,Overall,2025-12-20 00:00:00.0000000
2022-12-31T00:00:00.000,2022-2023,54.43,2022,52,,"White, Non-Hispanic",2025-12-27 00:00:00.0000000
2022-12-24T00:00:00.000,2022-2023,54.16,2022,51,,"White, Non-Hispanic",2025-12-20 00:00:00.0000000
2022-12-31T00:00:00.000,2022-2023,52.93,2022,52,,Overall,2025-12-27 00:00:00.0000000
2022-12-17T00:00:00.000,2022-2023,52.13,2022,50,,Overall,2025-12-13 00:00:00.0000000
2022-12-10T00:00:00.000,2022-2023,29.48,2022,49,,Hispanic,2025-12-06 00:00:00.0000000
2022-12-17T00:00:00.000,2022-2023,30.28,2022,50,,Hispanic,2025-12-13 00:00:00.0000000
2022-12-24T00:00:00.000,2022-2023,30.78,2022,51,,Hispanic,2025-12-20 00:00:00.0000000
2022-12-31T00:00:00.000,2022-2023,31.1,2022,52,,Hispanic,2025-12-27 00:00:00.0000000
2022-12-10T00:00:00.000,2022-2023,52.72,2022,49,,"White, Non-Hispanic",2025-12-06 00:00:00.0000000
2022-12-17T00:00:00.000,2022-2023,53.65,2022,50,,"White, Non-Hispanic",2025-12-13 00:00:00.0000000
2023-01-07T00:00:00.000,2022-2023,52.89,2023,1,,"Asian, Non-Hispanic",2026-01-03 00:00:00.0000000
2023-01-21T00:00:00.000,2022-2023,31.96,2023,3,,Hispanic,2026-01-17 00:00:00.0000000
2023-01-28T00:00:00.000,2022-2023,32.190000000000005,2023,4,,Hispanic,2026-01-24 00:00:00.0000000
2023-01-21T00:00:00.000,2022-2023,53.42,2023,3,,"Asian, Non-Hispanic",2026-01-17 00:00:00.0000000
2023-01-14T00:00:00.000,2022-2023,53.190000000000005,2023,2,,"Asian, Non-Hispanic",2026-01-10 00:00:00.0000000
2023-01-28T00:00:00.000,2022-2023,55.28999999999999,2023,4,,"White, Non-Hispanic",2026-01-24 00:00:00.0000000
2023-01-28T00:00:00.000,2022-2023,51.84,2023,4,,"Other, Non-Hispanic",2026-01-24 00:00:00.0000000
2023-01-14T00:00:00.000,2022-2023,51.43,2023,2,,"Other, Non-Hispanic",2026-01-10 00:00:00.0000000
2023-01-21T00:00:00.000,2022-2023,51.64,2023,3,,"Other, Non-Hispanic",2026-01-17 00:00:00.0000000
2023-01-07T00:00:00.000,2022-2023,39.47,2023,1,,"Black, Non-Hispanic",2026-01-03 00:00:00.0000000
2023-01-07T00:00:00.000,2022-2023,51.13,2023,1,,"Other, Non-Hispanic",2026-01-03 00:00:00.0000000
2023-01-14T00:00:00.000,2022-2023,39.78,2023,2,,"Black, Non-Hispanic",2026-01-10 00:00:00.0000000
2023-01-21T00:00:00.000,2022-2023,40.02,2023,3,,"Black, Non-Hispanic",2026-01-17 00:00:00.0000000
2023-01-14T00:00:00.000,2022-2023,54.95,2023,2,,"White, Non-Hispanic",2026-01-10 00:00:00.0000000
2023-01-07T00:00:00.000,2022-2023,53.190000000000005,2023,1,,Overall,2026-01-03 00:00:00.0000000
2023-01-28T00:00:00.000,2022-2023,40.23,2023,4,,"Black, Non-Hispanic",2026-01-24 00:00:00.0000000
2023-01-14T00:00:00.000,2022-2023,53.46,2023,2,,Overall,2026-01-10 00:00:00.0000000
2023-01-21T00:00:00.000,2022-2023,55.13,2023,3,,"White, Non-Hispanic",2026-01-17 00:00:00.0000000
2023-01-07T00:00:00.000,2022-2023,54.690000000000005,2023,1,,"White, Non-Hispanic",2026-01-03 00:00:00.0000000
2023-01-28T00:00:00.000,2022-2023,53.81,2023,4,,Overall,2026-01-24 00:00:00.0000000
2023-01-28T00:00:00.000,2022-2023,53.61,2023,4,,"Asian, Non-Hispanic",2026-01-24 00:00:00.0000000
2023-01-21T00:00:00.000,2022-2023,53.65,2023,3,,Overall,2026-01-17 00:00:00.0000000
2023-01-14T00:00:00.000,2022-2023,31.7,2023,2,,Hispanic,2026-01-10 00:00:00.0000000
2023-01-07T00:00:00.000,2022-2023,31.39,2023,1,,Hispanic,2026-01-03 00:00:00.0000000
2023-02-25T00:00:00.000,2022-2023,54.190000000000005,2023,8,,Overall,2026-02-21 00:00:00.0000000
2023-02-04T00:00:00.000,2022-2023,32.379999999999995,2023,5,,Hispanic,2026-01-31 00:00:00.0000000
2023-02-11T00:00:00.000,2022-2023,32.54,2023,6,,Hispanic,2026-02-07 00:00:00.0000000
2023-02-18T00:00:00.000,2022-2023,32.67,2023,7,,Hispanic,2026-02-14 00:00:00.0000000
2023-02-25T00:00:00.000,2022-2023,32.79,2023,8,,Hispanic,2026-02-21 00:00:00.0000000
2023-02-04T00:00:00.000,2022-2023,55.400000000000006,2023,5,,"White, Non-Hispanic",2026-01-31 00:00:00.0000000
2023-02-25T00:00:00.000,2022-2023,55.65,2023,8,,"White, Non-Hispanic",2026-02-21 00:00:00.0000000
2023-02-11T00:00:00.000,2022-2023,55.50000000000001,2023,6,,"White, Non-Hispanic",2026-02-07 00:00:00.0000000
2023-02-18T00:00:00.000,2022-2023,55.58,2023,7,,"White, Non-Hispanic",2026-02-14 00:00:00.0000000
2024-02-24T00:00:00.000,2023-2024,50.8,2024,8,,Overall,2026-02-21 00:00:00.0000000
2024-03-30T00:00:00.000,2023-2024,52.24,2024,13,,"White, Non-Hispanic",2026-03-28 00:00:00.0000000
2024-03-16T00:00:00.000,2023-2024,50.96000000000001,2024,11,,Overall,2026-03-14 00:00:00.0000000
2024-03-16T00:00:00.000,2023-2024,52.18000000000001,2024,11,,"White, Non-Hispanic",2026-03-14 00:00:00.0000000
2024-03-23T00:00:00.000,2023-2024,50.99,2024,12,,Overall,2026-03-21 00:00:00.0000000
2024-03-23T00:00:00.000,2023-2024,52.22,2024,12,,"White, Non-Hispanic",2026-03-21 00:00:00.0000000
2024-03-30T00:00:00.000,2023-2024,51.02,2024,13,,Overall,2026-03-28 00:00:00.0000000
2024-03-02T00:00:00.000,2023-2024,31.14,2024,9,,Hispanic,2026-02-28 00:00:00.0000000
2023-02-18T00:00:00.000,2022-2023,52.26,2023,7,,"Other, Non-Hispanic",2026-02-14 00:00:00.0000000
2023-02-25T00:00:00.000,2022-2023,52.34,2023,8,,"Other, Non-Hispanic",2026-02-21 00:00:00.0000000
2023-02-11T00:00:00.000,2022-2023,52.13,2023,6,,"Other, Non-Hispanic",2026-02-07 00:00:00.0000000
2023-02-04T00:00:00.000,2022-2023,40.39,2023,5,,"Black, Non-Hispanic",2026-01-31 00:00:00.0000000
2023-02-04T00:00:00.000,2022-2023,51.99,2023,5,,"Other, Non-Hispanic",2026-01-31 00:00:00.0000000
2023-02-04T00:00:00.000,2022-2023,53.77,2023,5,,"Asian, Non-Hispanic",2026-01-31 00:00:00.0000000
2023-02-11T00:00:00.000,2022-2023,40.54,2023,6,,"Black, Non-Hispanic",2026-02-07 00:00:00.0000000
2023-02-25T00:00:00.000,2022-2023,40.760000000000005,2023,8,,"Black, Non-Hispanic",2026-02-21 00:00:00.0000000
2023-02-11T00:00:00.000,2022-2023,53.92,2023,6,,"Asian, Non-Hispanic",2026-02-07 00:00:00.0000000
2023-02-04T00:00:00.000,2022-2023,53.93,2023,5,,Overall,2026-01-31 00:00:00.0000000
2023-02-18T00:00:00.000,2022-2023,40.66,2023,7,,"Black, Non-Hispanic",2026-02-14 00:00:00.0000000
2023-02-18T00:00:00.000,2022-2023,54.05,2023,7,,"Asian, Non-Hispanic",2026-02-14 00:00:00.0000000
2023-02-11T00:00:00.000,2022-2023,54.04,2023,6,,Overall,2026-02-07 00:00:00.0000000
2023-02-25T00:00:00.000,2022-2023,54.13,2023,8,,"Asian, Non-Hispanic",2026-02-21 00:00:00.0000000
2023-02-18T00:00:00.000,2022-2023,54.120000000000005,2023,7,,Overall,2026-02-14 00:00:00.0000000
2023-03-11T00:00:00.000,2022-2023,54.3,2023,10,,Overall,2026-03-07 00:00:00.0000000
2023-03-18T00:00:00.000,2022-2023,40.97,2023,11,,"Black, Non-Hispanic",2026-03-14 00:00:00.0000000
2023-04-01T00:00:00.000,2022-2023,41.06,2023,13,,"Black, Non-Hispanic",2026-03-28 00:00:00.0000000
2023-03-04T00:00:00.000,2022-2023,54.25,2023,9,,Overall,2026-02-28 00:00:00.0000000
2023-03-11T00:00:00.000,2022-2023,55.74,2023,10,,"White, Non-Hispanic",2026-03-07 00:00:00.0000000
2023-03-25T00:00:00.000,2022-2023,41.02,2023,12,,"Black, Non-Hispanic",2026-03-21 00:00:00.0000000
2023-03-04T00:00:00.000,2022-2023,55.7,2023,9,,"White, Non-Hispanic",2026-02-28 00:00:00.0000000
2023-03-18T00:00:00.000,2022-2023,55.78,2023,11,,"White, Non-Hispanic",2026-03-14 00:00:00.0000000
2023-03-18T00:00:00.000,2022-2023,54.33,2023,11,,Overall,2026-03-14 00:00:00.0000000
2023-03-25T00:00:00.000,2022-2023,55.81,2023,12,,"White, Non-Hispanic",2026-03-21 00:00:00.0000000
2023-03-25T00:00:00.000,2022-2023,54.37,2023,12,,Overall,2026-03-21 00:00:00.0000000
2021-03-27T00:00:00.000,2020-2021,59.49,2021,12,,"White, Non-Hispanic",2026-03-21 00:00:00.0000000
2019-08-10T00:00:00.000,2019-2020,0.151,2019,32,,"Black, Non-Hispanic",2025-08-02 00:00:00.0000000
2019-08-17T00:00:00.000,2019-2020,0.338,2019,33,,"Black, Non-Hispanic",2025-08-09 00:00:00.0000000
2019-08-24T00:00:00.000,2019-2020,0.624,2019,34,,"Black, Non-Hispanic",2025-08-16 00:00:00.0000000
2019-08-31T00:00:00.000,2019-2020,1.06,2019,35,,"Black, Non-Hispanic",2025-08-23 00:00:00.0000000
2019-09-07T00:00:00.000,2019-2020,1.79,2019,36,,"Black, Non-Hispanic",2025-08-30 00:00:00.0000000
2019-09-14T00:00:00.000,2019-2020,3.44,2019,37,,"Black, Non-Hispanic",2025-09-06 00:00:00.0000000
2019-09-21T00:00:00.000,2019-2020,5.970000000000001,2019,38,,"Black, Non-Hispanic",2025-09-13 00:00:00.0000000
2019-09-28T00:00:00.000,2019-2020,9.28,2019,39,,"Black, Non-Hispanic",2025-09-20 00:00:00.0000000
2019-10-05T00:00:00.000,2019-2020,13.31,2019,40,,"Black, Non-Hispanic",2025-09-27 00:00:00.0000000
2019-10-12T00:00:00.000,2019-2020,17.69,2019,41,,"Black, Non-Hispanic",2025-10-04 00:00:00.0000000
2019-10-19T00:00:00.000,2019-2020,21.64,2019,42,,"Black, Non-Hispanic",2025-10-11 00:00:00.0000000
2019-10-26T00:00:00.000,2019-2020,25.24,2019,43,,"Black, Non-Hispanic",2025-10-18 00:00:00.0000000
2019-11-02T00:00:00.000,2019-2020,28.07,2019,44,,"Black, Non-Hispanic",2025-10-25 00:00:00.0000000
2019-11-09T00:00:00.000,2019-2020,30.380000000000003,2019,45,,"Black, Non-Hispanic",2025-11-01 00:00:00.0000000
2019-11-16T00:00:00.000,2019-2020,32.2,2019,46,,"Black, Non-Hispanic",2025-11-08 00:00:00.0000000
2019-11-23T00:00:00.000,2019-2020,33.83,2019,47,,"Black, Non-Hispanic",2025-11-15 00:00:00.0000000
2019-11-30T00:00:00.000,2019-2020,34.62,2019,48,,"Black, Non-Hispanic",2025-11-22 00:00:00.0000000
2019-12-07T00:00:00.000,2019-2020,35.67,2019,49,,"Black, Non-Hispanic",2025-11-29 00:00:00.0000000
2019-12-14T00:00:00.000,2019-2020,36.59,2019,50,,"Black, Non-Hispanic",2025-12-06 00:00:00.0000000
2019-12-21T00:00:00.000,2019-2020,37.34,2019,51,,"Black, Non-Hispanic",2025-12-13 00:00:00.0000000
2019-12-28T00:00:00.000,2019-2020,37.64,2019,52,,"Black, Non-Hispanic",2025-12-20 00:00:00.0000000
2020-01-04T00:00:00.000,2019-2020,37.96,2020,1,,"Black, Non-Hispanic",2025-12-27 00:00:00.0000000
2020-01-11T00:00:00.000,2019-2020,38.45,2020,2,,"Black, Non-Hispanic",2026-01-03 00:00:00.0000000
2020-01-18T00:00:00.000,2019-2020,38.87,2020,3,,"Black, Non-Hispanic",2026-01-10 00:00:00.0000000
2020-01-25T00:00:00.000,2019-2020,39.18,2020,4,,"Black, Non-Hispanic",2026-01-17 00:00:00.0000000
2020-02-01T00:00:00.000,2019-2020,39.48,2020,5,,"Black, Non-Hispanic",2026-01-24 00:00:00.0000000
2020-02-08T00:00:00.000,2019-2020,39.71,2020,6,,"Black, Non-Hispanic",2026-01-31 00:00:00.0000000
2020-02-15T00:00:00.000,2019-2020,39.92,2020,7,,"Black, Non-Hispanic",2026-02-07 00:00:00.0000000
2020-02-22T00:00:00.000,2019-2020,40.1,2020,8,,"Black, Non-Hispanic",2026-02-14 00:00:00.0000000
2020-02-29T00:00:00.000,2019-2020,40.28,2020,9,,"Black, Non-Hispanic",2026-02-21 00:00:00.0000000
2022-10-08T00:00:00.000,2022-2023,21.45,2022,40,,Overall,2025-10-04 00:00:00.0000000
2022-10-15T00:00:00.000,2022-2023,28.18,2022,41,,Overall,2025-10-11 00:00:00.0000000
2022-10-22T00:00:00.000,2022-2023,34.260000000000005,2022,42,,Overall,2025-10-18 00:00:00.0000000
2022-10-29T00:00:00.000,2022-2023,39.47,2022,43,,Overall,2025-10-25 00:00:00.0000000
2022-11-05T00:00:00.000,2022-2023,43.08,2022,44,,Overall,2025-11-01 00:00:00.0000000
2022-11-12T00:00:00.000,2022-2023,45.64,2022,45,,Overall,2025-11-08 00:00:00.0000000
2022-11-19T00:00:00.000,2022-2023,47.81,2022,46,,Overall,2025-11-15 00:00:00.0000000
2022-11-26T00:00:00.000,2022-2023,48.79,2022,47,,Overall,2025-11-22 00:00:00.0000000
2022-12-03T00:00:00.000,2022-2023,50.02,2022,48,,Overall,2025-11-29 00:00:00.0000000
2022-10-08T00:00:00.000,2022-2023,21.97,2022,40,,"White, Non-Hispanic",2025-10-04 00:00:00.0000000
2022-10-15T00:00:00.000,2022-2023,28.96,2022,41,,"White, Non-Hispanic",2025-10-11 00:00:00.0000000
2022-10-22T00:00:00.000,2022-2023,35.28,2022,42,,"White, Non-Hispanic",2025-10-18 00:00:00.0000000
2022-10-29T00:00:00.000,2022-2023,40.7,2022,43,,"White, Non-Hispanic",2025-10-25 00:00:00.0000000
2022-11-05T00:00:00.000,2022-2023,44.440000000000005,2022,44,,"White, Non-Hispanic",2025-11-01 00:00:00.0000000
2022-11-12T00:00:00.000,2022-2023,47.07,2022,45,,"White, Non-Hispanic",2025-11-08 00:00:00.0000000
2022-11-19T00:00:00.000,2022-2023,49.29,2022,46,,"White, Non-Hispanic",2025-11-15 00:00:00.0000000
2022-11-26T00:00:00.000,2022-2023,50.28,2022,47,,"White, Non-Hispanic",2025-11-22 00:00:00.0000000
2022-12-03T00:00:00.000,2022-2023,51.53,2022,48,,"White, Non-Hispanic",2025-11-29 00:00:00.0000000
2024-10-19T00:00:00.000,2024-2025,22.56,2024,42,,"Black, Non-Hispanic",2025-10-18 00:00:00.0000000
2024-10-12T00:00:00.000,2024-2025,19.3,2024,41,,"Black, Non-Hispanic",2025-10-11 00:00:00.0000000
2024-10-26T00:00:00.000,2024-2025,25.24,2024,43,,"Black, Non-Hispanic",2025-10-25 00:00:00.0000000
2024-10-12T00:00:00.000,2024-2025,24.93,2024,41,,Overall,2025-10-11 00:00:00.0000000
2024-10-19T00:00:00.000,2024-2025,29.67,2024,42,,Overall,2025-10-18 00:00:00.0000000
2024-10-05T00:00:00.000,2024-2025,19.99,2024,40,,Overall,2025-10-04 00:00:00.0000000
2024-10-19T00:00:00.000,2024-2025,30.28,2024,42,,"White, Non-Hispanic",2025-10-18 00:00:00.0000000
2024-10-12T00:00:00.000,2024-2025,25.35,2024,41,,"White, Non-Hispanic",2025-10-11 00:00:00.0000000
2024-10-26T00:00:00.000,2024-2025,33.67,2024,43,,Overall,2025-10-25 00:00:00.0000000
2024-10-05T00:00:00.000,2024-2025,20.26,2024,40,,"White, Non-Hispanic",2025-10-04 00:00:00.0000000
2022-10-08T00:00:00.000,2022-2023,15.340000000000002,2022,40,,"Black, Non-Hispanic",2025-10-04 00:00:00.0000000
2022-10-15T00:00:00.000,2022-2023,20.03,2022,41,,"Black, Non-Hispanic",2025-10-11 00:00:00.0000000
2022-10-22T00:00:00.000,2022-2023,24.3,2022,42,,"Black, Non-Hispanic",2025-10-18 00:00:00.0000000
2022-10-29T00:00:00.000,2022-2023,28.04,2022,43,,"Black, Non-Hispanic",2025-10-25 00:00:00.0000000
2022-11-05T00:00:00.000,2022-2023,30.65,2022,44,,"Black, Non-Hispanic",2025-11-01 00:00:00.0000000
2022-11-12T00:00:00.000,2022-2023,32.61,2022,45,,"Black, Non-Hispanic",2025-11-08 00:00:00.0000000
2022-11-19T00:00:00.000,2022-2023,34.36,2022,46,,"Black, Non-Hispanic",2025-11-15 00:00:00.0000000
2022-11-26T00:00:00.000,2022-2023,35.2,2022,47,,"Black, Non-Hispanic",2025-11-22 00:00:00.0000000
2022-12-03T00:00:00.000,2022-2023,36.3,2022,48,,"Black, Non-Hispanic",2025-11-29 00:00:00.0000000
2022-10-08T00:00:00.000,2022-2023,22.23,2022,40,,"Other, Non-Hispanic",2025-10-04 00:00:00.0000000
2022-10-15T00:00:00.000,2022-2023,28.32,2022,41,,"Other, Non-Hispanic",2025-10-11 00:00:00.0000000
2022-10-22T00:00:00.000,2022-2023,33.76,2022,42,,"Other, Non-Hispanic",2025-10-18 00:00:00.0000000
2022-10-29T00:00:00.000,2022-2023,38.24,2022,43,,"Other, Non-Hispanic",2025-10-25 00:00:00.0000000
2022-11-05T00:00:00.000,2022-2023,41.45,2022,44,,"Other, Non-Hispanic",2025-11-01 00:00:00.0000000
2022-11-12T00:00:00.000,2022-2023,43.79,2022,45,,"Other, Non-Hispanic",2025-11-08 00:00:00.0000000
2022-11-19T00:00:00.000,2022-2023,45.83,2022,46,,"Other, Non-Hispanic",2025-11-15 00:00:00.0000000
2022-11-26T00:00:00.000,2022-2023,46.79,2022,47,,"Other, Non-Hispanic",2025-11-22 00:00:00.0000000
2022-12-03T00:00:00.000,2022-2023,47.98,2022,48,,"Other, Non-Hispanic",2025-11-29 00:00:00.0000000
2022-10-08T00:00:00.000,2022-2023,24.58,2022,40,,"Asian, Non-Hispanic",2025-10-04 00:00:00.0000000
2022-10-15T00:00:00.000,2022-2023,30.37,2022,41,,"Asian, Non-Hispanic",2025-10-11 00:00:00.0000000
2022-10-22T00:00:00.000,2022-2023,35.43,2022,42,,"Asian, Non-Hispanic",2025-10-18 00:00:00.0000000
2022-10-29T00:00:00.000,2022-2023,39.53,2022,43,,"Asian, Non-Hispanic",2025-10-25 00:00:00.0000000
2022-11-05T00:00:00.000,2022-2023,42.73,2022,44,,"Asian, Non-Hispanic",2025-11-01 00:00:00.0000000
2022-11-12T00:00:00.000,2022-2023,45.18,2022,45,,"Asian, Non-Hispanic",2025-11-08 00:00:00.0000000
2022-11-19T00:00:00.000,2022-2023,47.23,2022,46,,"Asian, Non-Hispanic",2025-11-15 00:00:00.0000000
2022-11-26T00:00:00.000,2022-2023,48.3,2022,47,,"Asian, Non-Hispanic",2025-11-22 00:00:00.0000000
2022-12-03T00:00:00.000,2022-2023,49.55,2022,48,,"Asian, Non-Hispanic",2025-11-29 00:00:00.0000000
2019-08-24T00:00:00.000,2019-2020,0.8840000000000001,2019,34,,"White, Non-Hispanic",2025-08-16 00:00:00.0000000
2019-08-31T00:00:00.000,2019-2020,1.59,2019,35,,"White, Non-Hispanic",2025-08-23 00:00:00.0000000
2019-09-07T00:00:00.000,2019-2020,2.78,2019,36,,"White, Non-Hispanic",2025-08-30 00:00:00.0000000
2019-09-14T00:00:00.000,2019-2020,5.18,2019,37,,"White, Non-Hispanic",2025-09-06 00:00:00.0000000
2019-09-21T00:00:00.000,2019-2020,8.83,2019,38,,"White, Non-Hispanic",2025-09-13 00:00:00.0000000
2019-09-28T00:00:00.000,2019-2020,13.91,2019,39,,"White, Non-Hispanic",2025-09-20 00:00:00.0000000
2019-10-05T00:00:00.000,2019-2020,20.58,2019,40,,"White, Non-Hispanic",2025-09-27 00:00:00.0000000
2019-10-12T00:00:00.000,2019-2020,27.700000000000003,2019,41,,"White, Non-Hispanic",2025-10-04 00:00:00.0000000
2019-10-19T00:00:00.000,2019-2020,34.18,2019,42,,"White, Non-Hispanic",2025-10-11 00:00:00.0000000
2019-10-26T00:00:00.000,2019-2020,39.96,2019,43,,"White, Non-Hispanic",2025-10-18 00:00:00.0000000
2019-11-02T00:00:00.000,2019-2020,44.14,2019,44,,"White, Non-Hispanic",2025-10-25 00:00:00.0000000
2019-11-09T00:00:00.000,2019-2020,47.29,2019,45,,"White, Non-Hispanic",2025-11-01 00:00:00.0000000
2019-11-16T00:00:00.000,2019-2020,49.58,2019,46,,"White, Non-Hispanic",2025-11-08 00:00:00.0000000
2019-11-23T00:00:00.000,2019-2020,51.49,2019,47,,"White, Non-Hispanic",2025-11-15 00:00:00.0000000
2019-11-30T00:00:00.000,2019-2020,52.34,2019,48,,"White, Non-Hispanic",2025-11-22 00:00:00.0000000
2019-12-07T00:00:00.000,2019-2020,53.45,2019,49,,"White, Non-Hispanic",2025-11-29 00:00:00.0000000
2019-12-14T00:00:00.000,2019-2020,54.41,2019,50,,"White, Non-Hispanic",2025-12-06 00:00:00.0000000
2019-12-21T00:00:00.000,2019-2020,55.13,2019,51,,"White, Non-Hispanic",2025-12-13 00:00:00.0000000
2019-12-28T00:00:00.000,2019-2020,55.41,2019,52,,"White, Non-Hispanic",2025-12-20 00:00:00.0000000
2020-01-04T00:00:00.000,2019-2020,55.7,2020,1,,"White, Non-Hispanic",2025-12-27 00:00:00.0000000
2020-01-11T00:00:00.000,2019-2020,56.15,2020,2,,"White, Non-Hispanic",2026-01-03 00:00:00.0000000
2021-10-02T00:00:00.000,2021-2022,9.97,2021,39,,Hispanic,2025-09-27 00:00:00.0000000
2020-01-18T00:00:00.000,2019-2020,56.49999999999999,2020,3,,"White, Non-Hispanic",2026-01-10 00:00:00.0000000
2020-01-25T00:00:00.000,2019-2020,56.76,2020,4,,"White, Non-Hispanic",2026-01-17 00:00:00.0000000
2020-02-01T00:00:00.000,2019-2020,56.99999999999999,2020,5,,"White, Non-Hispanic",2026-01-24 00:00:00.0000000
2020-02-08T00:00:00.000,2019-2020,57.19,2020,6,,"White, Non-Hispanic",2026-01-31 00:00:00.0000000
2020-02-15T00:00:00.000,2019-2020,57.34,2020,7,,"White, Non-Hispanic",2026-02-07 00:00:00.0000000
2020-02-22T00:00:00.000,2019-2020,57.47,2020,8,,"White, Non-Hispanic",2026-02-14 00:00:00.0000000
2020-02-29T00:00:00.000,2019-2020,57.620000000000005,2020,9,,"White, Non-Hispanic",2026-02-21 00:00:00.0000000
2020-03-07T00:00:00.000,2019-2020,57.78,2020,10,,"White, Non-Hispanic",2026-02-28 00:00:00.0000000
2020-03-14T00:00:00.000,2019-2020,57.92,2020,11,,"White, Non-Hispanic",2026-03-07 00:00:00.0000000
2020-03-21T00:00:00.000,2019-2020,57.98,2020,12,,"White, Non-Hispanic",2026-03-14 00:00:00.0000000
2020-03-28T00:00:00.000,2019-2020,57.99999999999999,2020,13,,"White, Non-Hispanic",2026-03-21 00:00:00.0000000
2020-04-04T00:00:00.000,2019-2020,58.02,2020,14,,"White, Non-Hispanic",2026-03-28 00:00:00.0000000
2020-04-11T00:00:00.000,2019-2020,58.02,2020,15,,"White, Non-Hispanic",2026-04-04 00:00:00.0000000
2020-03-07T00:00:00.000,2019-2020,40.48,2020,10,,"Black, Non-Hispanic",2026-02-28 00:00:00.0000000
2020-01-25T00:00:00.000,2019-2020,50.73,2020,4,,"Other, Non-Hispanic",2026-01-17 00:00:00.0000000
2020-02-01T00:00:00.000,2019-2020,51.03,2020,5,,"Other, Non-Hispanic",2026-01-24 00:00:00.0000000
2020-02-08T00:00:00.000,2019-2020,51.3,2020,6,,"Other, Non-Hispanic",2026-01-31 00:00:00.0000000
2020-02-15T00:00:00.000,2019-2020,51.51,2020,7,,"Other, Non-Hispanic",2026-02-07 00:00:00.0000000
2020-02-22T00:00:00.000,2019-2020,51.67,2020,8,,"Other, Non-Hispanic",2026-02-14 00:00:00.0000000
2020-02-29T00:00:00.000,2019-2020,51.870000000000005,2020,9,,"Other, Non-Hispanic",2026-02-21 00:00:00.0000000
2020-03-07T00:00:00.000,2019-2020,52.07000000000001,2020,10,,"Other, Non-Hispanic",2026-02-28 00:00:00.0000000
2020-03-14T00:00:00.000,2019-2020,52.27,2020,11,,"Other, Non-Hispanic",2026-03-07 00:00:00.0000000
2020-03-21T00:00:00.000,2019-2020,52.34,2020,12,,"Other, Non-Hispanic",2026-03-14 00:00:00.0000000
2024-09-28T00:00:00.000,2024-2025,14.99,2024,39,,Overall,2025-09-27 00:00:00.0000000
2024-08-24T00:00:00.000,2024-2025,0.8009999999999999,2024,34,,Hispanic,2025-08-23 00:00:00.0000000
2024-09-14T00:00:00.000,2024-2025,6.75,2024,37,,"White, Non-Hispanic",2025-09-13 00:00:00.0000000
2024-09-21T00:00:00.000,2024-2025,10.61,2024,38,,Overall,2025-09-20 00:00:00.0000000
2020-03-28T00:00:00.000,2019-2020,52.370000000000005,2020,13,,"Other, Non-Hispanic",2026-03-21 00:00:00.0000000
2020-04-04T00:00:00.000,2019-2020,52.39,2020,14,,"Other, Non-Hispanic",2026-03-28 00:00:00.0000000
2020-04-11T00:00:00.000,2019-2020,52.400000000000006,2020,15,,"Other, Non-Hispanic",2026-04-04 00:00:00.0000000
2020-04-18T00:00:00.000,2019-2020,52.400000000000006,2020,16,,"Other, Non-Hispanic",2026-04-11 00:00:00.0000000
2020-04-25T00:00:00.000,2019-2020,52.41,2020,17,,"Other, Non-Hispanic",2026-04-18 00:00:00.0000000
2020-05-02T00:00:00.000,2019-2020,52.42,2020,18,,"Other, Non-Hispanic",2026-04-25 00:00:00.0000000
2020-05-09T00:00:00.000,2019-2020,52.43,2020,19,,"Other, Non-Hispanic",2026-05-02 00:00:00.0000000
2020-05-16T00:00:00.000,2019-2020,52.44,2020,20,,"Other, Non-Hispanic",2026-05-09 00:00:00.0000000
2020-05-23T00:00:00.000,2019-2020,52.45,2020,21,,"Other, Non-Hispanic",2026-05-16 00:00:00.0000000
2020-05-30T00:00:00.000,2019-2020,52.45,2020,22,,"Other, Non-Hispanic",2026-05-23 00:00:00.0000000
2020-08-08T00:00:00.000,2020-2021,0.0836,2020,32,,"Other, Non-Hispanic",2025-08-02 00:00:00.0000000
2020-08-15T00:00:00.000,2020-2021,0.489,2020,33,,"Other, Non-Hispanic",2025-08-09 00:00:00.0000000
2020-08-22T00:00:00.000,2020-2021,1.66,2020,34,,"Other, Non-Hispanic",2025-08-16 00:00:00.0000000
2020-08-29T00:00:00.000,2020-2021,3.49,2020,35,,"Other, Non-Hispanic",2025-08-23 00:00:00.0000000
2020-09-05T00:00:00.000,2020-2021,6.29,2020,36,,"Other, Non-Hispanic",2025-08-30 00:00:00.0000000
2020-09-12T00:00:00.000,2020-2021,10.04,2020,37,,"Other, Non-Hispanic",2025-09-06 00:00:00.0000000
2020-09-19T00:00:00.000,2020-2021,15.52,2020,38,,"Other, Non-Hispanic",2025-09-13 00:00:00.0000000
2020-09-26T00:00:00.000,2020-2021,21.5,2020,39,,"Other, Non-Hispanic",2025-09-20 00:00:00.0000000
2020-10-03T00:00:00.000,2020-2021,27.64,2020,40,,"Other, Non-Hispanic",2025-09-27 00:00:00.0000000
2020-10-10T00:00:00.000,2020-2021,33.900000000000006,2020,41,,"Other, Non-Hispanic",2025-10-04 00:00:00.0000000
2020-10-17T00:00:00.000,2020-2021,38.88,2020,42,,"Other, Non-Hispanic",2025-10-11 00:00:00.0000000
2020-10-24T00:00:00.000,2020-2021,42.92,2020,43,,"Other, Non-Hispanic",2025-10-18 00:00:00.0000000
2020-10-31T00:00:00.000,2020-2021,45.73,2020,44,,"Other, Non-Hispanic",2025-10-25 00:00:00.0000000
2020-11-07T00:00:00.000,2020-2021,47.59,2020,45,,"Other, Non-Hispanic",2025-11-01 00:00:00.0000000
2020-11-14T00:00:00.000,2020-2021,49.01,2020,46,,"Other, Non-Hispanic",2025-11-08 00:00:00.0000000
2020-11-21T00:00:00.000,2020-2021,50.18,2020,47,,"Other, Non-Hispanic",2025-11-15 00:00:00.0000000
2022-01-01T00:00:00.000,2021-2022,51.96,2021,52,,Overall,2025-12-27 00:00:00.0000000
2022-01-08T00:00:00.000,2021-2022,52.34,2022,1,,Overall,2026-01-03 00:00:00.0000000
2022-01-15T00:00:00.000,2021-2022,52.68000000000001,2022,2,,Overall,2026-01-10 00:00:00.0000000
2022-01-22T00:00:00.000,2021-2022,52.92,2022,3,,Overall,2026-01-17 00:00:00.0000000
2023-03-04T00:00:00.000,2022-2023,32.9,2023,9,,Hispanic,2026-02-28 00:00:00.0000000
2023-04-01T00:00:00.000,2022-2023,54.400000000000006,2023,13,,Overall,2026-03-28 00:00:00.0000000
2023-03-18T00:00:00.000,2022-2023,33.07,2023,11,,Hispanic,2026-03-14 00:00:00.0000000
2023-03-11T00:00:00.000,2022-2023,32.99,2023,10,,Hispanic,2026-03-07 00:00:00.0000000
2023-04-01T00:00:00.000,2022-2023,33.19,2023,13,,Hispanic,2026-03-28 00:00:00.0000000
2023-03-04T00:00:00.000,2022-2023,54.22,2023,9,,"Asian, Non-Hispanic",2026-02-28 00:00:00.0000000
2023-03-04T00:00:00.000,2022-2023,52.43,2023,9,,"Other, Non-Hispanic",2026-02-28 00:00:00.0000000
2023-03-25T00:00:00.000,2022-2023,33.129999999999995,2023,12,,Hispanic,2026-03-21 00:00:00.0000000
2023-03-11T00:00:00.000,2022-2023,54.28,2023,10,,"Asian, Non-Hispanic",2026-03-07 00:00:00.0000000
2023-03-25T00:00:00.000,2022-2023,54.39000000000001,2023,12,,"Asian, Non-Hispanic",2026-03-21 00:00:00.0000000
2023-03-18T00:00:00.000,2022-2023,54.34,2023,11,,"Asian, Non-Hispanic",2026-03-14 00:00:00.0000000
2023-04-01T00:00:00.000,2022-2023,54.43,2023,13,,"Asian, Non-Hispanic",2026-03-28 00:00:00.0000000
2023-04-01T00:00:00.000,2022-2023,55.83,2023,13,,"White, Non-Hispanic",2026-03-28 00:00:00.0000000
2023-04-01T00:00:00.000,2022-2023,52.66,2023,13,,"Other, Non-Hispanic",2026-03-28 00:00:00.0000000
2023-03-25T00:00:00.000,2022-2023,52.61,2023,12,,"Other, Non-Hispanic",2026-03-21 00:00:00.0000000
2023-03-04T00:00:00.000,2022-2023,40.84,2023,9,,"Black, Non-Hispanic",2026-02-28 00:00:00.0000000
2023-03-18T00:00:00.000,2022-2023,52.56,2023,11,,"Other, Non-Hispanic",2026-03-14 00:00:00.0000000
2023-03-11T00:00:00.000,2022-2023,40.91,2023,10,,"Black, Non-Hispanic",2026-03-07 00:00:00.0000000
2023-03-11T00:00:00.000,2022-2023,52.51,2023,10,,"Other, Non-Hispanic",2026-03-07 00:00:00.0000000
2023-04-29T00:00:00.000,2022-2023,52.74,2023,17,,"Other, Non-Hispanic",2026-04-25 00:00:00.0000000
2023-04-15T00:00:00.000,2022-2023,41.1,2023,15,,"Black, Non-Hispanic",2026-04-11 00:00:00.0000000
2023-04-15T00:00:00.000,2022-2023,52.7,2023,15,,"Other, Non-Hispanic",2026-04-11 00:00:00.0000000
2023-04-08T00:00:00.000,2022-2023,41.08,2023,14,,"Black, Non-Hispanic",2026-04-04 00:00:00.0000000
2023-04-08T00:00:00.000,2022-2023,52.68000000000001,2023,14,,"Other, Non-Hispanic",2026-04-04 00:00:00.0000000
2023-04-22T00:00:00.000,2022-2023,52.72,2023,16,,"Other, Non-Hispanic",2026-04-18 00:00:00.0000000
2023-04-08T00:00:00.000,2022-2023,54.46,2023,14,,"Asian, Non-Hispanic",2026-04-04 00:00:00.0000000
2023-04-29T00:00:00.000,2022-2023,41.120000000000005,2023,17,,"Black, Non-Hispanic",2026-04-25 00:00:00.0000000
2023-04-22T00:00:00.000,2022-2023,41.11,2023,16,,"Black, Non-Hispanic",2026-04-18 00:00:00.0000000
2023-04-15T00:00:00.000,2022-2023,54.48,2023,15,,"Asian, Non-Hispanic",2026-04-11 00:00:00.0000000
2023-04-08T00:00:00.000,2022-2023,54.41,2023,14,,Overall,2026-04-04 00:00:00.0000000
2023-04-22T00:00:00.000,2022-2023,54.50000000000001,2023,16,,"Asian, Non-Hispanic",2026-04-18 00:00:00.0000000
2023-04-29T00:00:00.000,2022-2023,54.45,2023,17,,Overall,2026-04-25 00:00:00.0000000
2023-04-15T00:00:00.000,2022-2023,54.43,2023,15,,Overall,2026-04-11 00:00:00.0000000
2023-04-29T00:00:00.000,2022-2023,54.510000000000005,2023,17,,"Asian, Non-Hispanic",2026-04-25 00:00:00.0000000
2023-04-22T00:00:00.000,2022-2023,54.44,2023,16,,Overall,2026-04-18 00:00:00.0000000
2023-04-08T00:00:00.000,2022-2023,33.22,2023,14,,Hispanic,2026-04-04 00:00:00.0000000
2023-04-22T00:00:00.000,2022-2023,33.28,2023,16,,Hispanic,2026-04-18 00:00:00.0000000
2023-04-15T00:00:00.000,2022-2023,33.25,2023,15,,Hispanic,2026-04-11 00:00:00.0000000
2023-04-15T00:00:00.000,2022-2023,55.86,2023,15,,"White, Non-Hispanic",2026-04-11 00:00:00.0000000
2023-04-08T00:00:00.000,2022-2023,55.85,2023,14,,"White, Non-Hispanic",2026-04-04 00:00:00.0000000
2023-04-29T00:00:00.000,2022-2023,33.300000000000004,2023,17,,Hispanic,2026-04-25 00:00:00.0000000
2023-04-29T00:00:00.000,2022-2023,55.88,2023,17,,"White, Non-Hispanic",2026-04-25 00:00:00.0000000
2023-04-22T00:00:00.000,2022-2023,55.87,2023,16,,"White, Non-Hispanic",2026-04-18 00:00:00.0000000
2023-05-20T00:00:00.000,2022-2023,54.54,2023,20,,"Asian, Non-Hispanic",2026-05-16 00:00:00.0000000
2023-05-06T00:00:00.000,2022-2023,52.75,2023,18,,"Other, Non-Hispanic",2026-05-02 00:00:00.0000000
2023-05-13T00:00:00.000,2022-2023,54.53,2023,19,,"Asian, Non-Hispanic",2026-05-09 00:00:00.0000000
2024-09-21T00:00:00.000,2024-2025,10.63,2024,38,,"White, Non-Hispanic",2025-09-20 00:00:00.0000000
2024-08-03T00:00:00.000,2024-2025,0.0746,2024,31,,"Asian, Non-Hispanic",2025-08-02 00:00:00.0000000
2024-08-17T00:00:00.000,2024-2025,0.4139999999999999,2024,33,,Hispanic,2025-08-16 00:00:00.0000000
2024-09-07T00:00:00.000,2024-2025,3.65,2024,36,,"White, Non-Hispanic",2025-09-06 00:00:00.0000000
2023-05-27T00:00:00.000,2022-2023,54.55,2023,21,,"Asian, Non-Hispanic",2026-05-23 00:00:00.0000000
2023-05-06T00:00:00.000,2022-2023,41.14,2023,18,,"Black, Non-Hispanic",2026-05-02 00:00:00.0000000
2023-05-20T00:00:00.000,2022-2023,41.16,2023,20,,"Black, Non-Hispanic",2026-05-16 00:00:00.0000000
2023-05-20T00:00:00.000,2022-2023,52.77,2023,20,,"Other, Non-Hispanic",2026-05-16 00:00:00.0000000
2023-05-06T00:00:00.000,2022-2023,54.52,2023,18,,"Asian, Non-Hispanic",2026-05-02 00:00:00.0000000
2023-05-13T00:00:00.000,2022-2023,52.76,2023,19,,"Other, Non-Hispanic",2026-05-09 00:00:00.0000000
2023-05-13T00:00:00.000,2022-2023,41.15,2023,19,,"Black, Non-Hispanic",2026-05-09 00:00:00.0000000
2023-05-27T00:00:00.000,2022-2023,52.78,2023,21,,"Other, Non-Hispanic",2026-05-23 00:00:00.0000000
2023-05-13T00:00:00.000,2022-2023,54.47,2023,19,,Overall,2026-05-09 00:00:00.0000000
2023-05-13T00:00:00.000,2022-2023,55.900000000000006,2023,19,,"White, Non-Hispanic",2026-05-09 00:00:00.0000000
2023-05-27T00:00:00.000,2022-2023,41.17,2023,21,,"Black, Non-Hispanic",2026-05-23 00:00:00.0000000
2023-05-06T00:00:00.000,2022-2023,54.46,2023,18,,Overall,2026-05-02 00:00:00.0000000
2023-05-06T00:00:00.000,2022-2023,55.88999999999999,2023,18,,"White, Non-Hispanic",2026-05-02 00:00:00.0000000
2023-05-20T00:00:00.000,2022-2023,55.91,2023,20,,"White, Non-Hispanic",2026-05-16 00:00:00.0000000
2023-05-27T00:00:00.000,2022-2023,54.49,2023,21,,Overall,2026-05-23 00:00:00.0000000
2023-05-20T00:00:00.000,2022-2023,54.48,2023,20,,Overall,2026-05-16 00:00:00.0000000
2023-05-27T00:00:00.000,2022-2023,55.92,2023,21,,"White, Non-Hispanic",2026-05-23 00:00:00.0000000
2023-05-06T00:00:00.000,2022-2023,33.31,2023,18,,Hispanic,2026-05-02 00:00:00.0000000
2023-05-13T00:00:00.000,2022-2023,33.32,2023,19,,Hispanic,2026-05-09 00:00:00.0000000
2023-05-20T00:00:00.000,2022-2023,33.33,2023,20,,Hispanic,2026-05-16 00:00:00.0000000
2023-05-27T00:00:00.000,2022-2023,33.35,2023,21,,Hispanic,2026-05-23 00:00:00.0000000
2022-10-08T00:00:00.000,2022-2023,11.96,2022,40,,Hispanic,2025-10-04 00:00:00.0000000
2022-10-15T00:00:00.000,2022-2023,15.38,2022,41,,Hispanic,2025-10-11 00:00:00.0000000
2022-10-22T00:00:00.000,2022-2023,18.44,2022,42,,Hispanic,2025-10-18 00:00:00.0000000
2022-10-29T00:00:00.000,2022-2023,21.23,2022,43,,Hispanic,2025-10-25 00:00:00.0000000
2022-11-05T00:00:00.000,2022-2023,23.34,2022,44,,Hispanic,2025-11-01 00:00:00.0000000
2022-11-12T00:00:00.000,2022-2023,25.05,2022,45,,Hispanic,2025-11-08 00:00:00.0000000
2022-11-19T00:00:00.000,2022-2023,26.63,2022,46,,Hispanic,2025-11-15 00:00:00.0000000
2022-11-26T00:00:00.000,2022-2023,27.44,2022,47,,Hispanic,2025-11-22 00:00:00.0000000
2022-12-03T00:00:00.000,2022-2023,28.5,2022,48,,Hispanic,2025-11-29 00:00:00.0000000
2023-08-12T00:00:00.000,2023-2024,0.313,2023,32,,"Other, Non-Hispanic",2025-08-09 00:00:00.0000000
2023-08-19T00:00:00.000,2023-2024,0.98,2023,33,,"Asian, Non-Hispanic",2025-08-16 00:00:00.0000000
2023-08-05T00:00:00.000,2023-2024,0.0676999999999999,2023,31,,"Black, Non-Hispanic",2025-08-02 00:00:00.0000000
2023-08-05T00:00:00.000,2023-2024,0.0792999999999999,2023,31,,"Other, Non-Hispanic",2025-08-02 00:00:00.0000000
2023-09-30T00:00:00.000,2023-2024,15.4,2023,39,,"White, Non-Hispanic",2025-09-27 00:00:00.0000000
2023-09-09T00:00:00.000,2023-2024,6.38,2023,36,,"Asian, Non-Hispanic",2025-09-06 00:00:00.0000000
2023-09-30T00:00:00.000,2023-2024,16.619999999999997,2023,39,,"Other, Non-Hispanic",2025-09-27 00:00:00.0000000
2023-08-12T00:00:00.000,2023-2024,0.223,2023,32,,"Black, Non-Hispanic",2025-08-09 00:00:00.0000000
2023-08-26T00:00:00.000,2023-2024,0.8469999999999999,2023,34,,"Black, Non-Hispanic",2025-08-23 00:00:00.0000000
2023-09-02T00:00:00.000,2023-2024,3.61,2023,35,,"Asian, Non-Hispanic",2025-08-30 00:00:00.0000000
2023-09-23T00:00:00.000,2023-2024,11.96,2023,38,,"Other, Non-Hispanic",2025-09-20 00:00:00.0000000
2023-08-19T00:00:00.000,2023-2024,0.4819999999999999,2023,33,,"Black, Non-Hispanic",2025-08-16 00:00:00.0000000
2023-09-02T00:00:00.000,2023-2024,1.53,2023,35,,"Black, Non-Hispanic",2025-08-30 00:00:00.0000000
2023-09-02T00:00:00.000,2023-2024,2.5,2023,35,,"Other, Non-Hispanic",2025-08-30 00:00:00.0000000
2023-09-16T00:00:00.000,2023-2024,7.81,2023,37,,"Other, Non-Hispanic",2025-09-13 00:00:00.0000000
2023-08-12T00:00:00.000,2023-2024,0.2429999999999999,2023,32,,Overall,2025-08-09 00:00:00.0000000
2023-09-16T00:00:00.000,2023-2024,10.59,2023,37,,"Asian, Non-Hispanic",2025-09-13 00:00:00.0000000
2023-09-30T00:00:00.000,2023-2024,20.58,2023,39,,"Asian, Non-Hispanic",2025-09-27 00:00:00.0000000
2023-09-09T00:00:00.000,2023-2024,2.8000000000000003,2023,36,,"Black, Non-Hispanic",2025-09-06 00:00:00.0000000
2023-08-19T00:00:00.000,2023-2024,0.547,2023,33,,Overall,2025-08-16 00:00:00.0000000
2023-09-09T00:00:00.000,2023-2024,4.53,2023,36,,"Other, Non-Hispanic",2025-09-06 00:00:00.0000000
2023-08-05T00:00:00.000,2023-2024,0.0681999999999999,2023,31,,Overall,2025-08-02 00:00:00.0000000
2023-09-23T00:00:00.000,2023-2024,15.4,2023,38,,"Asian, Non-Hispanic",2025-09-20 00:00:00.0000000
2023-09-16T00:00:00.000,2023-2024,5.0200000000000005,2023,37,,"Black, Non-Hispanic",2025-09-13 00:00:00.0000000
2023-08-26T00:00:00.000,2023-2024,1.0,2023,34,,Overall,2025-08-23 00:00:00.0000000
2023-08-26T00:00:00.000,2023-2024,0.979,2023,34,,"White, Non-Hispanic",2025-08-23 00:00:00.0000000
2023-09-09T00:00:00.000,2023-2024,3.4000000000000004,2023,36,,"White, Non-Hispanic",2025-09-06 00:00:00.0000000
2023-09-23T00:00:00.000,2023-2024,8.0,2023,38,,"Black, Non-Hispanic",2025-09-20 00:00:00.0000000
2023-09-02T00:00:00.000,2023-2024,1.83,2023,35,,Overall,2025-08-30 00:00:00.0000000
2023-09-02T00:00:00.000,2023-2024,1.79,2023,35,,"White, Non-Hispanic",2025-08-30 00:00:00.0000000
2023-09-09T00:00:00.000,2023-2024,3.46,2023,36,,Overall,2025-09-06 00:00:00.0000000
2023-09-23T00:00:00.000,2023-2024,10.38,2023,38,,Overall,2025-09-20 00:00:00.0000000
2023-09-16T00:00:00.000,2023-2024,6.3,2023,37,,"White, Non-Hispanic",2025-09-13 00:00:00.0000000
2023-09-30T00:00:00.000,2023-2024,11.43,2023,39,,"Black, Non-Hispanic",2025-09-27 00:00:00.0000000
2023-08-05T00:00:00.000,2023-2024,0.0831999999999999,2023,31,,Hispanic,2025-08-02 00:00:00.0000000
2023-09-16T00:00:00.000,2023-2024,6.34,2023,37,,Overall,2025-09-13 00:00:00.0000000
2023-09-23T00:00:00.000,2023-2024,10.41,2023,38,,"White, Non-Hispanic",2025-09-20 00:00:00.0000000
2023-08-12T00:00:00.000,2023-2024,0.2909999999999999,2023,32,,Hispanic,2025-08-09 00:00:00.0000000
2023-09-02T00:00:00.000,2023-2024,1.81,2023,35,,Hispanic,2025-08-30 00:00:00.0000000
2023-08-19T00:00:00.000,2023-2024,0.62,2023,33,,Hispanic,2025-08-16 00:00:00.0000000
2023-09-30T00:00:00.000,2023-2024,15.22,2023,39,,Overall,2025-09-27 00:00:00.0000000
2023-08-26T00:00:00.000,2023-2024,1.0699999999999998,2023,34,,Hispanic,2025-08-23 00:00:00.0000000
2023-08-05T00:00:00.000,2023-2024,0.0667999999999999,2023,31,,"White, Non-Hispanic",2025-08-02 00:00:00.0000000
2023-09-16T00:00:00.000,2023-2024,4.89,2023,37,,Hispanic,2025-09-13 00:00:00.0000000
2023-08-12T00:00:00.000,2023-2024,0.237,2023,32,,"White, Non-Hispanic",2025-08-09 00:00:00.0000000
2023-09-09T00:00:00.000,2023-2024,3.03,2023,36,,Hispanic,2025-09-06 00:00:00.0000000
2023-08-19T00:00:00.000,2023-2024,0.5329999999999999,2023,33,,"White, Non-Hispanic",2025-08-16 00:00:00.0000000
2024-09-07T00:00:00.000,2024-2025,2.58,2024,36,,Hispanic,2025-09-06 00:00:00.0000000
2024-08-31T00:00:00.000,2024-2025,1.78,2024,35,,"White, Non-Hispanic",2025-08-30 00:00:00.0000000
2024-08-10T00:00:00.000,2024-2025,0.3229999999999999,2024,32,,"Asian, Non-Hispanic",2025-08-09 00:00:00.0000000
2024-08-24T00:00:00.000,2024-2025,0.8389999999999999,2024,34,,"White, Non-Hispanic",2025-08-23 00:00:00.0000000
2024-08-17T00:00:00.000,2024-2025,0.8569999999999999,2024,33,,"Asian, Non-Hispanic",2025-08-16 00:00:00.0000000
2024-08-31T00:00:00.000,2024-2025,1.4500000000000002,2024,35,,Hispanic,2025-08-30 00:00:00.0000000
2024-09-21T00:00:00.000,2024-2025,6.460000000000001,2024,38,,Hispanic,2025-09-20 00:00:00.0000000
2024-08-17T00:00:00.000,2024-2025,0.7169999999999999,2024,33,,"Other, Non-Hispanic",2025-08-16 00:00:00.0000000
2024-09-28T00:00:00.000,2024-2025,8.81,2024,39,,Hispanic,2025-09-27 00:00:00.0000000
2024-08-24T00:00:00.000,2024-2025,1.4,2024,34,,"Other, Non-Hispanic",2025-08-23 00:00:00.0000000
2024-09-14T00:00:00.000,2024-2025,4.34,2024,37,,Hispanic,2025-09-13 00:00:00.0000000
2024-08-10T00:00:00.000,2024-2025,0.2999999999999999,2024,32,,"Other, Non-Hispanic",2025-08-09 00:00:00.0000000
2024-08-03T00:00:00.000,2024-2025,0.0463999999999999,2024,31,,"Black, Non-Hispanic",2025-08-02 00:00:00.0000000
2024-08-03T00:00:00.000,2024-2025,0.0733,2024,31,,"Other, Non-Hispanic",2025-08-02 00:00:00.0000000
2024-09-28T00:00:00.000,2024-2025,15.11,2024,39,,"White, Non-Hispanic",2025-09-27 00:00:00.0000000
2024-09-21T00:00:00.000,2024-2025,12.5,2024,38,,"Other, Non-Hispanic",2025-09-20 00:00:00.0000000
2024-08-17T00:00:00.000,2024-2025,0.4479999999999999,2024,33,,"Black, Non-Hispanic",2025-08-16 00:00:00.0000000
2024-09-14T00:00:00.000,2024-2025,8.519999999999998,2024,37,,"Other, Non-Hispanic",2025-09-13 00:00:00.0000000
2024-09-28T00:00:00.000,2024-2025,16.93,2024,39,,"Other, Non-Hispanic",2025-09-27 00:00:00.0000000
2024-09-28T00:00:00.000,2024-2025,19.87,2024,39,,"Asian, Non-Hispanic",2025-09-27 00:00:00.0000000
2024-08-10T00:00:00.000,2024-2025,0.1949999999999999,2024,32,,"Black, Non-Hispanic",2025-08-09 00:00:00.0000000
2024-08-31T00:00:00.000,2024-2025,1.62,2024,35,,"Black, Non-Hispanic",2025-08-30 00:00:00.0000000
2024-08-31T00:00:00.000,2024-2025,2.74,2024,35,,"Other, Non-Hispanic",2025-08-30 00:00:00.0000000
2024-08-03T00:00:00.000,2024-2025,0.0442,2024,31,,Overall,2025-08-02 00:00:00.0000000
2024-08-24T00:00:00.000,2024-2025,0.8279999999999998,2024,34,,"Black, Non-Hispanic",2025-08-23 00:00:00.0000000
2024-09-07T00:00:00.000,2024-2025,5.050000000000001,2024,36,,"Other, Non-Hispanic",2025-09-06 00:00:00.0000000
2024-08-10T00:00:00.000,2024-2025,0.186,2024,32,,Overall,2025-08-09 00:00:00.0000000
2024-08-17T00:00:00.000,2024-2025,0.429,2024,33,,"White, Non-Hispanic",2025-08-16 00:00:00.0000000
2024-09-07T00:00:00.000,2024-2025,6.23,2024,36,,"Asian, Non-Hispanic",2025-09-06 00:00:00.0000000
2024-08-03T00:00:00.000,2024-2025,0.0425999999999999,2024,31,,"White, Non-Hispanic",2025-08-02 00:00:00.0000000
2024-08-24T00:00:00.000,2024-2025,1.78,2024,34,,"Asian, Non-Hispanic",2025-08-23 00:00:00.0000000
2024-08-31T00:00:00.000,2024-2025,1.84,2024,35,,Overall,2025-08-30 00:00:00.0000000
2024-09-14T00:00:00.000,2024-2025,5.86,2024,37,,"Black, Non-Hispanic",2025-09-13 00:00:00.0000000
2024-08-17T00:00:00.000,2024-2025,0.4479999999999999,2024,33,,Overall,2025-08-16 00:00:00.0000000
2024-08-10T00:00:00.000,2024-2025,0.1789999999999999,2024,32,,"White, Non-Hispanic",2025-08-09 00:00:00.0000000
2024-08-31T00:00:00.000,2024-2025,3.45,2024,35,,"Asian, Non-Hispanic",2025-08-30 00:00:00.0000000
2024-09-07T00:00:00.000,2024-2025,3.2,2024,36,,"Black, Non-Hispanic",2025-09-06 00:00:00.0000000
2024-09-21T00:00:00.000,2024-2025,8.9,2024,38,,"Black, Non-Hispanic",2025-09-20 00:00:00.0000000
2024-08-24T00:00:00.000,2024-2025,0.8750000000000001,2024,34,,Overall,2025-08-23 00:00:00.0000000
2024-08-03T00:00:00.000,2024-2025,0.0424999999999999,2024,31,,Hispanic,2025-08-02 00:00:00.0000000
2024-09-14T00:00:00.000,2024-2025,6.800000000000001,2024,37,,Overall,2025-09-13 00:00:00.0000000
2024-09-21T00:00:00.000,2024-2025,14.94,2024,38,,"Asian, Non-Hispanic",2025-09-20 00:00:00.0000000
2024-09-28T00:00:00.000,2024-2025,12.12,2024,39,,"Black, Non-Hispanic",2025-09-27 00:00:00.0000000
2024-08-10T00:00:00.000,2024-2025,0.176,2024,32,,Hispanic,2025-08-09 00:00:00.0000000
2024-09-14T00:00:00.000,2024-2025,10.36,2024,37,,"Asian, Non-Hispanic",2025-09-13 00:00:00.0000000
2024-09-07T00:00:00.000,2024-2025,3.72,2024,36,,Overall,2025-09-06 00:00:00.0000000
2024-11-30T00:00:00.000,2024-2025,43.52,2024,48,,"Other, Non-Hispanic",2025-11-29 00:00:00.0000000
2024-11-23T00:00:00.000,2024-2025,42.78,2024,47,,"Other, Non-Hispanic",2025-11-22 00:00:00.0000000
2024-11-02T00:00:00.000,2024-2025,27.35,2024,44,,"Black, Non-Hispanic",2025-11-01 00:00:00.0000000
2024-11-02T00:00:00.000,2024-2025,37.17,2024,44,,"Other, Non-Hispanic",2025-11-01 00:00:00.0000000
2024-11-16T00:00:00.000,2024-2025,41.21,2024,46,,"Other, Non-Hispanic",2025-11-15 00:00:00.0000000
2024-11-09T00:00:00.000,2024-2025,29.0,2024,45,,"Black, Non-Hispanic",2025-11-08 00:00:00.0000000
2024-11-09T00:00:00.000,2024-2025,39.41,2024,45,,"Other, Non-Hispanic",2025-11-08 00:00:00.0000000
2024-11-09T00:00:00.000,2024-2025,42.01,2024,45,,"Asian, Non-Hispanic",2025-11-08 00:00:00.0000000
2024-11-16T00:00:00.000,2024-2025,30.53,2024,46,,"Black, Non-Hispanic",2025-11-15 00:00:00.0000000
2024-11-02T00:00:00.000,2024-2025,36.83,2024,44,,Overall,2025-11-01 00:00:00.0000000
2024-11-02T00:00:00.000,2024-2025,39.77,2024,44,,"Asian, Non-Hispanic",2025-11-01 00:00:00.0000000
2024-11-23T00:00:00.000,2024-2025,31.85,2024,47,,"Black, Non-Hispanic",2025-11-22 00:00:00.0000000
2024-11-23T00:00:00.000,2024-2025,45.36,2024,47,,"Asian, Non-Hispanic",2025-11-22 00:00:00.0000000
2024-11-16T00:00:00.000,2024-2025,41.32,2024,46,,Overall,2025-11-15 00:00:00.0000000
2024-11-30T00:00:00.000,2024-2025,32.46,2024,48,,"Black, Non-Hispanic",2025-11-29 00:00:00.0000000
2024-11-16T00:00:00.000,2024-2025,43.85,2024,46,,"Asian, Non-Hispanic",2025-11-15 00:00:00.0000000
2024-11-30T00:00:00.000,2024-2025,46.11,2024,48,,"Asian, Non-Hispanic",2025-11-29 00:00:00.0000000
2024-11-09T00:00:00.000,2024-2025,39.25,2024,45,,Overall,2025-11-08 00:00:00.0000000
2024-11-23T00:00:00.000,2024-2025,43.02,2024,47,,Overall,2025-11-22 00:00:00.0000000
2024-11-30T00:00:00.000,2024-2025,43.75,2024,48,,Overall,2025-11-29 00:00:00.0000000
2024-11-16T00:00:00.000,2024-2025,42.370000000000005,2024,46,,"White, Non-Hispanic",2025-11-15 00:00:00.0000000
2024-11-23T00:00:00.000,2024-2025,44.11,2024,47,,"White, Non-Hispanic",2025-11-22 00:00:00.0000000
2024-11-02T00:00:00.000,2024-2025,20.18,2024,44,,Hispanic,2025-11-01 00:00:00.0000000
2024-11-02T00:00:00.000,2024-2025,37.73,2024,44,,"White, Non-Hispanic",2025-11-01 00:00:00.0000000
2024-11-09T00:00:00.000,2024-2025,21.61,2024,45,,Hispanic,2025-11-08 00:00:00.0000000
2024-11-09T00:00:00.000,2024-2025,40.24,2024,45,,"White, Non-Hispanic",2025-11-08 00:00:00.0000000
2024-11-16T00:00:00.000,2024-2025,22.88,2024,46,,Hispanic,2025-11-15 00:00:00.0000000
2024-11-23T00:00:00.000,2024-2025,24.04,2024,47,,Hispanic,2025-11-22 00:00:00.0000000
2024-11-30T00:00:00.000,2024-2025,24.65,2024,48,,Hispanic,2025-11-29 00:00:00.0000000
2024-12-07T00:00:00.000,2024-2025,47.03,2024,49,,"Asian, Non-Hispanic",2025-12-06 00:00:00.0000000
2024-12-14T00:00:00.000,2024-2025,47.82,2024,50,,"Asian, Non-Hispanic",2025-12-13 00:00:00.0000000
2024-12-28T00:00:00.000,2024-2025,26.88,2024,52,,Hispanic,2025-12-27 00:00:00.0000000
2024-12-21T00:00:00.000,2024-2025,48.47,2024,51,,"Asian, Non-Hispanic",2025-12-20 00:00:00.0000000
2024-12-28T00:00:00.000,2024-2025,48.78,2024,52,,"Asian, Non-Hispanic",2025-12-27 00:00:00.0000000
2024-12-28T00:00:00.000,2024-2025,46.23,2024,52,,"Other, Non-Hispanic",2025-12-27 00:00:00.0000000
2024-12-07T00:00:00.000,2024-2025,44.47,2024,49,,"Other, Non-Hispanic",2025-12-06 00:00:00.0000000
2024-12-21T00:00:00.000,2024-2025,45.96,2024,51,,"Other, Non-Hispanic",2025-12-20 00:00:00.0000000
2024-12-14T00:00:00.000,2024-2025,34.06,2024,50,,"Black, Non-Hispanic",2025-12-13 00:00:00.0000000
2024-12-14T00:00:00.000,2024-2025,45.29,2024,50,,"Other, Non-Hispanic",2025-12-13 00:00:00.0000000
2024-12-07T00:00:00.000,2024-2025,33.31,2024,49,,"Black, Non-Hispanic",2025-12-06 00:00:00.0000000
2024-12-21T00:00:00.000,2024-2025,34.68,2024,51,,"Black, Non-Hispanic",2025-12-20 00:00:00.0000000
2024-12-28T00:00:00.000,2024-2025,34.93,2024,52,,"Black, Non-Hispanic",2025-12-27 00:00:00.0000000
2024-12-07T00:00:00.000,2024-2025,44.77,2024,49,,Overall,2025-12-06 00:00:00.0000000
2024-12-14T00:00:00.000,2024-2025,45.62,2024,50,,Overall,2025-12-13 00:00:00.0000000
2024-12-28T00:00:00.000,2024-2025,46.55,2024,52,,Overall,2025-12-27 00:00:00.0000000
2024-12-21T00:00:00.000,2024-2025,46.3,2024,51,,Overall,2025-12-20 00:00:00.0000000
2024-12-21T00:00:00.000,2024-2025,47.44,2024,51,,"White, Non-Hispanic",2025-12-20 00:00:00.0000000
2024-12-28T00:00:00.000,2024-2025,47.69,2024,52,,"White, Non-Hispanic",2025-12-27 00:00:00.0000000
2024-12-21T00:00:00.000,2024-2025,26.66,2024,51,,Hispanic,2025-12-20 00:00:00.0000000
2024-12-07T00:00:00.000,2024-2025,25.46,2024,49,,Hispanic,2025-12-06 00:00:00.0000000
2024-12-14T00:00:00.000,2024-2025,46.75,2024,50,,"White, Non-Hispanic",2025-12-13 00:00:00.0000000
2024-12-14T00:00:00.000,2024-2025,26.13,2024,50,,Hispanic,2025-12-13 00:00:00.0000000
2024-12-07T00:00:00.000,2024-2025,45.89,2024,49,,"White, Non-Hispanic",2025-12-06 00:00:00.0000000
2025-02-15T00:00:00.000,2024-2025,48.53,2025,7,,Overall,2026-02-14 00:00:00.0000000
2025-02-01T00:00:00.000,2024-2025,48.09,2025,5,,Overall,2026-01-31 00:00:00.0000000
2025-02-01T00:00:00.000,2024-2025,49.23,2025,5,,"White, Non-Hispanic",2026-01-31 00:00:00.0000000
2025-02-08T00:00:00.000,2024-2025,48.29,2025,6,,Overall,2026-02-07 00:00:00.0000000
2025-02-22T00:00:00.000,2024-2025,48.69,2025,8,,Overall,2026-02-21 00:00:00.0000000
2025-02-08T00:00:00.000,2024-2025,28.43,2025,6,,Hispanic,2026-02-07 00:00:00.0000000
2025-02-22T00:00:00.000,2024-2025,49.82,2025,8,,"White, Non-Hispanic",2026-02-21 00:00:00.0000000
2025-02-01T00:00:00.000,2024-2025,28.23,2025,5,,Hispanic,2026-01-31 00:00:00.0000000
2025-02-22T00:00:00.000,2024-2025,28.78,2025,8,,Hispanic,2026-02-21 00:00:00.0000000
2025-02-15T00:00:00.000,2024-2025,49.66,2025,7,,"White, Non-Hispanic",2026-02-14 00:00:00.0000000
2025-02-15T00:00:00.000,2024-2025,28.62,2025,7,,Hispanic,2026-02-14 00:00:00.0000000
2025-02-08T00:00:00.000,2024-2025,49.43,2025,6,,"White, Non-Hispanic",2026-02-07 00:00:00.0000000
2025-02-22T00:00:00.000,2024-2025,51.09,2025,8,,"Asian, Non-Hispanic",2026-02-21 00:00:00.0000000
2025-02-08T00:00:00.000,2024-2025,50.59,2025,6,,"Asian, Non-Hispanic",2026-02-07 00:00:00.0000000
2025-02-01T00:00:00.000,2024-2025,47.77,2025,5,,"Other, Non-Hispanic",2026-01-31 00:00:00.0000000
2025-02-15T00:00:00.000,2024-2025,50.89,2025,7,,"Asian, Non-Hispanic",2026-02-14 00:00:00.0000000
2025-02-08T00:00:00.000,2024-2025,48.02,2025,6,,"Other, Non-Hispanic",2026-02-07 00:00:00.0000000
2025-02-01T00:00:00.000,2024-2025,36.38,2025,5,,"Black, Non-Hispanic",2026-01-31 00:00:00.0000000
2025-02-22T00:00:00.000,2024-2025,36.99,2025,8,,"Black, Non-Hispanic",2026-02-21 00:00:00.0000000
2025-02-22T00:00:00.000,2024-2025,48.45,2025,8,,"Other, Non-Hispanic",2026-02-21 00:00:00.0000000
2025-02-15T00:00:00.000,2024-2025,36.81,2025,7,,"Black, Non-Hispanic",2026-02-14 00:00:00.0000000
2025-02-15T00:00:00.000,2024-2025,48.27,2025,7,,"Other, Non-Hispanic",2026-02-14 00:00:00.0000000
2025-02-01T00:00:00.000,2024-2025,50.29,2025,5,,"Asian, Non-Hispanic",2026-01-31 00:00:00.0000000
2025-02-08T00:00:00.000,2024-2025,36.6,2025,6,,"Black, Non-Hispanic",2026-02-07 00:00:00.0000000
2025-03-01T00:00:00.000,2024-2025,48.82,2025,9,,Overall,2026-02-28 00:00:00.0000000
2025-05-10T00:00:00.000,2024-2025,51.66,2025,19,,"Asian, Non-Hispanic",2026-05-09 00:00:00.0000000
2025-05-24T00:00:00.000,2024-2025,29.46,2025,21,,Hispanic,2026-05-23 00:00:00.0000000
2025-03-08T00:00:00.000,2024-2025,37.25,2025,10,,"Black, Non-Hispanic",2026-03-07 00:00:00.0000000
2025-05-10T00:00:00.000,2024-2025,29.45,2025,19,,Hispanic,2026-05-09 00:00:00.0000000
2025-03-22T00:00:00.000,2024-2025,37.4,2025,12,,"Black, Non-Hispanic",2026-03-21 00:00:00.0000000
2025-04-26T00:00:00.000,2024-2025,51.65,2025,17,,"Asian, Non-Hispanic",2026-04-25 00:00:00.0000000
2025-05-24T00:00:00.000,2024-2025,50.18,2025,21,,"White, Non-Hispanic",2026-05-23 00:00:00.0000000
2025-03-22T00:00:00.000,2024-2025,48.89,2025,12,,"Other, Non-Hispanic",2026-03-21 00:00:00.0000000
2025-04-19T00:00:00.000,2024-2025,49.03,2025,16,,"Other, Non-Hispanic",2026-04-18 00:00:00.0000000
2025-04-05T00:00:00.000,2024-2025,48.98,2025,14,,"Other, Non-Hispanic",2026-04-04 00:00:00.0000000
2025-05-03T00:00:00.000,2024-2025,51.66,2025,18,,"Asian, Non-Hispanic",2026-05-02 00:00:00.0000000
2025-03-01T00:00:00.000,2024-2025,37.15,2025,9,,"Black, Non-Hispanic",2026-02-28 00:00:00.0000000
2025-05-17T00:00:00.000,2024-2025,51.67,2025,20,,"Asian, Non-Hispanic",2026-05-16 00:00:00.0000000
2025-05-17T00:00:00.000,2024-2025,50.18,2025,20,,"White, Non-Hispanic",2026-05-16 00:00:00.0000000
2025-05-17T00:00:00.000,2024-2025,29.45,2025,20,,Hispanic,2026-05-16 00:00:00.0000000
2025-03-15T00:00:00.000,2024-2025,37.34,2025,11,,"Black, Non-Hispanic",2026-03-14 00:00:00.0000000
2025-04-19T00:00:00.000,2024-2025,51.64,2025,16,,"Asian, Non-Hispanic",2026-04-18 00:00:00.0000000
2025-03-29T00:00:00.000,2024-2025,48.95,2025,13,,"Other, Non-Hispanic",2026-03-28 00:00:00.0000000
2025-04-12T00:00:00.000,2024-2025,49.01,2025,15,,"Other, Non-Hispanic",2026-04-11 00:00:00.0000000
2025-05-10T00:00:00.000,2024-2025,49.06,2025,19,,"Other, Non-Hispanic",2026-05-09 00:00:00.0000000
2025-04-26T00:00:00.000,2024-2025,49.04,2025,17,,"Other, Non-Hispanic",2026-04-25 00:00:00.0000000
2025-04-12T00:00:00.000,2024-2025,51.62,2025,15,,"Asian, Non-Hispanic",2026-04-11 00:00:00.0000000
2025-03-08T00:00:00.000,2024-2025,50.02,2025,10,,"White, Non-Hispanic",2026-03-07 00:00:00.0000000
2025-04-05T00:00:00.000,2024-2025,49.04,2025,14,,Overall,2026-04-04 00:00:00.0000000
2025-03-29T00:00:00.000,2024-2025,51.56,2025,13,,"Asian, Non-Hispanic",2026-03-28 00:00:00.0000000
2025-04-05T00:00:00.000,2024-2025,37.48,2025,14,,"Black, Non-Hispanic",2026-04-04 00:00:00.0000000
2025-04-19T00:00:00.000,2024-2025,37.51,2025,16,,"Black, Non-Hispanic",2026-04-18 00:00:00.0000000
2025-03-22T00:00:00.000,2024-2025,48.99,2025,12,,Overall,2026-03-21 00:00:00.0000000
2025-03-15T00:00:00.000,2024-2025,51.45,2025,11,,"Asian, Non-Hispanic",2026-03-14 00:00:00.0000000
2025-05-03T00:00:00.000,2024-2025,49.05,2025,18,,"Other, Non-Hispanic",2026-05-02 00:00:00.0000000
2025-03-08T00:00:00.000,2024-2025,48.9,2025,10,,Overall,2026-03-07 00:00:00.0000000
2025-03-01T00:00:00.000,2024-2025,49.95,2025,9,,"White, Non-Hispanic",2026-02-28 00:00:00.0000000
2025-03-01T00:00:00.000,2024-2025,28.93,2025,9,,Hispanic,2026-02-28 00:00:00.0000000
2023-11-18T00:00:00.000,2023-2024,24.91,2023,46,,Hispanic,2025-11-15 00:00:00.0000000
2023-11-25T00:00:00.000,2023-2024,25.64,2023,47,,Hispanic,2025-11-22 00:00:00.0000000
2023-11-11T00:00:00.000,2023-2024,23.56,2023,45,,Hispanic,2025-11-08 00:00:00.0000000
2023-11-04T00:00:00.000,2023-2024,37.74,2023,44,,"Other, Non-Hispanic",2025-11-01 00:00:00.0000000
2023-11-11T00:00:00.000,2023-2024,44.57,2023,45,,"Asian, Non-Hispanic",2025-11-08 00:00:00.0000000
2023-11-18T00:00:00.000,2023-2024,46.36,2023,46,,"Asian, Non-Hispanic",2025-11-15 00:00:00.0000000
2023-11-25T00:00:00.000,2023-2024,42.64,2023,47,,"Other, Non-Hispanic",2025-11-22 00:00:00.0000000
2023-11-04T00:00:00.000,2023-2024,42.3,2023,44,,"Asian, Non-Hispanic",2025-11-01 00:00:00.0000000
2023-11-18T00:00:00.000,2023-2024,31.9,2023,46,,"Black, Non-Hispanic",2025-11-15 00:00:00.0000000
2023-11-18T00:00:00.000,2023-2024,41.74,2023,46,,"Other, Non-Hispanic",2025-11-15 00:00:00.0000000
2023-11-25T00:00:00.000,2023-2024,47.32,2023,47,,"Asian, Non-Hispanic",2025-11-22 00:00:00.0000000
2023-11-11T00:00:00.000,2023-2024,30.29,2023,45,,"Black, Non-Hispanic",2025-11-08 00:00:00.0000000
2023-11-11T00:00:00.000,2023-2024,39.89,2023,45,,"Other, Non-Hispanic",2025-11-08 00:00:00.0000000
2023-11-04T00:00:00.000,2023-2024,28.43,2023,44,,"Black, Non-Hispanic",2025-11-01 00:00:00.0000000
2023-12-16T00:00:00.000,2023-2024,35.6,2023,50,,"Black, Non-Hispanic",2025-12-13 00:00:00.0000000
2023-12-16T00:00:00.000,2023-2024,45.75,2023,50,,"Other, Non-Hispanic",2025-12-13 00:00:00.0000000
2023-12-30T00:00:00.000,2023-2024,51.43,2023,52,,"Asian, Non-Hispanic",2025-12-27 00:00:00.0000000
2023-12-09T00:00:00.000,2023-2024,34.77,2023,49,,"Black, Non-Hispanic",2025-12-06 00:00:00.0000000
2023-12-23T00:00:00.000,2023-2024,36.23,2023,51,,"Black, Non-Hispanic",2025-12-20 00:00:00.0000000
2023-12-23T00:00:00.000,2023-2024,46.35,2023,51,,"Other, Non-Hispanic",2025-12-20 00:00:00.0000000
2023-12-30T00:00:00.000,2023-2024,36.56,2023,52,,"Black, Non-Hispanic",2025-12-27 00:00:00.0000000
2023-12-16T00:00:00.000,2023-2024,48.05,2023,50,,Overall,2025-12-13 00:00:00.0000000
2023-12-02T00:00:00.000,2023-2024,46.04,2023,48,,Overall,2025-11-29 00:00:00.0000000
2023-12-09T00:00:00.000,2023-2024,47.15,2023,49,,Overall,2025-12-06 00:00:00.0000000
2023-12-30T00:00:00.000,2023-2024,49.02,2023,52,,Overall,2025-12-27 00:00:00.0000000
2023-12-23T00:00:00.000,2023-2024,48.69,2023,51,,Overall,2025-12-20 00:00:00.0000000
2023-12-02T00:00:00.000,2023-2024,26.71,2023,48,,Hispanic,2025-11-29 00:00:00.0000000
2023-12-09T00:00:00.000,2023-2024,27.59,2023,49,,Hispanic,2025-12-06 00:00:00.0000000
2023-12-16T00:00:00.000,2023-2024,28.32,2023,50,,Hispanic,2025-12-13 00:00:00.0000000
2023-12-23T00:00:00.000,2023-2024,28.87,2023,51,,Hispanic,2025-12-20 00:00:00.0000000
2023-12-30T00:00:00.000,2023-2024,29.160000000000004,2023,52,,Hispanic,2025-12-27 00:00:00.0000000
2023-12-16T00:00:00.000,2023-2024,49.3,2023,50,,"White, Non-Hispanic",2025-12-13 00:00:00.0000000
2023-12-02T00:00:00.000,2023-2024,43.9,2023,48,,"Other, Non-Hispanic",2025-11-29 00:00:00.0000000
2023-12-09T00:00:00.000,2023-2024,44.93,2023,49,,"Other, Non-Hispanic",2025-12-06 00:00:00.0000000
2023-12-09T00:00:00.000,2023-2024,48.39,2023,49,,"White, Non-Hispanic",2025-12-06 00:00:00.0000000
2023-12-30T00:00:00.000,2023-2024,50.28,2023,52,,"White, Non-Hispanic",2025-12-27 00:00:00.0000000
2023-12-02T00:00:00.000,2023-2024,48.57,2023,48,,"Asian, Non-Hispanic",2025-11-29 00:00:00.0000000
2023-12-23T00:00:00.000,2023-2024,49.95,2023,51,,"White, Non-Hispanic",2025-12-20 00:00:00.0000000
2024-01-27T00:00:00.000,2023-2024,47.92,2024,4,,"Other, Non-Hispanic",2026-01-24 00:00:00.0000000
2024-01-20T00:00:00.000,2023-2024,37.580000000000005,2024,3,,"Black, Non-Hispanic",2026-01-17 00:00:00.0000000
2024-01-13T00:00:00.000,2023-2024,49.81,2024,2,,Overall,2026-01-10 00:00:00.0000000
2024-01-13T00:00:00.000,2023-2024,51.06,2024,2,,"White, Non-Hispanic",2026-01-10 00:00:00.0000000
2024-01-27T00:00:00.000,2023-2024,37.86,2024,4,,"Black, Non-Hispanic",2026-01-24 00:00:00.0000000
2024-01-20T00:00:00.000,2023-2024,50.05,2024,3,,Overall,2026-01-17 00:00:00.0000000
2024-01-20T00:00:00.000,2023-2024,51.31,2024,3,,"White, Non-Hispanic",2026-01-17 00:00:00.0000000
2024-01-06T00:00:00.000,2023-2024,49.42,2024,1,,Overall,2026-01-03 00:00:00.0000000
2024-01-27T00:00:00.000,2023-2024,50.28,2024,4,,Overall,2026-01-24 00:00:00.0000000
2024-01-27T00:00:00.000,2023-2024,51.53,2024,4,,"White, Non-Hispanic",2026-01-24 00:00:00.0000000
2024-01-06T00:00:00.000,2023-2024,29.48,2024,1,,Hispanic,2026-01-03 00:00:00.0000000
2024-01-13T00:00:00.000,2023-2024,29.84,2024,2,,Hispanic,2026-01-10 00:00:00.0000000
2024-01-20T00:00:00.000,2023-2024,30.09,2024,3,,Hispanic,2026-01-17 00:00:00.0000000
2024-01-27T00:00:00.000,2023-2024,30.35,2024,4,,Hispanic,2026-01-24 00:00:00.0000000
2024-01-06T00:00:00.000,2023-2024,50.68,2024,1,,"White, Non-Hispanic",2026-01-03 00:00:00.0000000
2024-02-10T00:00:00.000,2023-2024,48.3,2024,6,,"Other, Non-Hispanic",2026-02-07 00:00:00.0000000
2024-02-03T00:00:00.000,2023-2024,52.81,2024,5,,"Asian, Non-Hispanic",2026-01-31 00:00:00.0000000
2024-02-10T00:00:00.000,2023-2024,52.95,2024,6,,"Asian, Non-Hispanic",2026-02-07 00:00:00.0000000
2024-02-03T00:00:00.000,2023-2024,38.1,2024,5,,"Black, Non-Hispanic",2026-01-31 00:00:00.0000000
2024-02-17T00:00:00.000,2023-2024,53.06999999999999,2024,7,,"Asian, Non-Hispanic",2026-02-14 00:00:00.0000000
2024-02-10T00:00:00.000,2023-2024,38.28,2024,6,,"Black, Non-Hispanic",2026-02-07 00:00:00.0000000
2024-02-24T00:00:00.000,2023-2024,53.16,2024,8,,"Asian, Non-Hispanic",2026-02-21 00:00:00.0000000
2024-02-17T00:00:00.000,2023-2024,38.43,2024,7,,"Black, Non-Hispanic",2026-02-14 00:00:00.0000000
2024-02-03T00:00:00.000,2023-2024,50.46000000000001,2024,5,,Overall,2026-01-31 00:00:00.0000000
2024-02-24T00:00:00.000,2023-2024,38.55,2024,8,,"Black, Non-Hispanic",2026-02-21 00:00:00.0000000
2024-02-03T00:00:00.000,2023-2024,51.71,2024,5,,"White, Non-Hispanic",2026-01-31 00:00:00.0000000
2024-02-24T00:00:00.000,2023-2024,48.54,2024,8,,"Other, Non-Hispanic",2026-02-21 00:00:00.0000000
2024-02-10T00:00:00.000,2023-2024,50.61,2024,6,,Overall,2026-02-07 00:00:00.0000000
2024-02-17T00:00:00.000,2023-2024,50.71,2024,7,,Overall,2026-02-14 00:00:00.0000000
2024-03-23T00:00:00.000,2023-2024,31.36,2024,12,,Hispanic,2026-03-21 00:00:00.0000000
2024-03-09T00:00:00.000,2023-2024,31.230000000000004,2024,10,,Hispanic,2026-03-07 00:00:00.0000000
2024-03-16T00:00:00.000,2023-2024,31.3,2024,11,,Hispanic,2026-03-14 00:00:00.0000000
2024-03-02T00:00:00.000,2023-2024,52.1,2024,9,,"White, Non-Hispanic",2026-02-28 00:00:00.0000000
2024-03-09T00:00:00.000,2023-2024,52.15,2024,10,,"White, Non-Hispanic",2026-03-07 00:00:00.0000000
2024-03-30T00:00:00.000,2023-2024,31.42,2024,13,,Hispanic,2026-03-28 00:00:00.0000000
2024-03-16T00:00:00.000,2023-2024,48.77,2024,11,,"Other, Non-Hispanic",2026-03-14 00:00:00.0000000
2024-03-09T00:00:00.000,2023-2024,48.7,2024,10,,"Other, Non-Hispanic",2026-03-07 00:00:00.0000000
2024-03-16T00:00:00.000,2023-2024,53.38,2024,11,,"Asian, Non-Hispanic",2026-03-14 00:00:00.0000000
2024-03-02T00:00:00.000,2023-2024,48.63,2024,9,,"Other, Non-Hispanic",2026-02-28 00:00:00.0000000
2024-03-02T00:00:00.000,2023-2024,53.25,2024,9,,"Asian, Non-Hispanic",2026-02-28 00:00:00.0000000
2024-03-09T00:00:00.000,2023-2024,53.32,2024,10,,"Asian, Non-Hispanic",2026-03-07 00:00:00.0000000
2024-03-30T00:00:00.000,2023-2024,53.48,2024,13,,"Asian, Non-Hispanic",2026-03-28 00:00:00.0000000
2024-03-02T00:00:00.000,2023-2024,38.65,2024,9,,"Black, Non-Hispanic",2026-02-28 00:00:00.0000000
2024-03-16T00:00:00.000,2023-2024,38.79,2024,11,,"Black, Non-Hispanic",2026-03-14 00:00:00.0000000
2024-03-23T00:00:00.000,2023-2024,53.44,2024,12,,"Asian, Non-Hispanic",2026-03-21 00:00:00.0000000
2024-03-09T00:00:00.000,2023-2024,38.73,2024,10,,"Black, Non-Hispanic",2026-03-07 00:00:00.0000000
2024-03-30T00:00:00.000,2023-2024,38.89,2024,13,,"Black, Non-Hispanic",2026-03-28 00:00:00.0000000
2024-03-02T00:00:00.000,2023-2024,50.870000000000005,2024,9,,Overall,2026-02-28 00:00:00.0000000
2024-03-30T00:00:00.000,2023-2024,48.86,2024,13,,"Other, Non-Hispanic",2026-03-28 00:00:00.0000000
2024-03-09T00:00:00.000,2023-2024,50.92,2024,10,,Overall,2026-03-07 00:00:00.0000000
2024-03-23T00:00:00.000,2023-2024,38.84,2024,12,,"Black, Non-Hispanic",2026-03-21 00:00:00.0000000
2024-03-23T00:00:00.000,2023-2024,48.82,2024,12,,"Other, Non-Hispanic",2026-03-21 00:00:00.0000000
2024-10-05T00:00:00.000,2024-2025,11.51,2024,40,,Hispanic,2025-10-04 00:00:00.0000000
2024-10-12T00:00:00.000,2024-2025,14.03,2024,41,,Hispanic,2025-10-11 00:00:00.0000000
2024-10-05T00:00:00.000,2024-2025,24.98,2024,40,,"Asian, Non-Hispanic",2025-10-04 00:00:00.0000000
2024-10-19T00:00:00.000,2024-2025,16.42,2024,42,,Hispanic,2025-10-18 00:00:00.0000000
2024-10-26T00:00:00.000,2024-2025,18.46,2024,43,,Hispanic,2025-10-25 00:00:00.0000000
2024-10-12T00:00:00.000,2024-2025,29.630000000000003,2024,41,,"Asian, Non-Hispanic",2025-10-11 00:00:00.0000000
2024-10-26T00:00:00.000,2024-2025,37.16,2024,43,,"Asian, Non-Hispanic",2025-10-25 00:00:00.0000000
2024-10-26T00:00:00.000,2024-2025,34.45,2024,43,,"White, Non-Hispanic",2025-10-25 00:00:00.0000000
2024-10-19T00:00:00.000,2024-2025,33.75,2024,42,,"Asian, Non-Hispanic",2025-10-18 00:00:00.0000000
2024-10-19T00:00:00.000,2024-2025,30.9,2024,42,,"Other, Non-Hispanic",2025-10-18 00:00:00.0000000
2024-10-26T00:00:00.000,2024-2025,34.46,2024,43,,"Other, Non-Hispanic",2025-10-25 00:00:00.0000000
2024-10-05T00:00:00.000,2024-2025,15.76,2024,40,,"Black, Non-Hispanic",2025-10-04 00:00:00.0000000
2024-10-05T00:00:00.000,2024-2025,22.0,2024,40,,"Other, Non-Hispanic",2025-10-04 00:00:00.0000000
2024-10-12T00:00:00.000,2024-2025,26.73,2024,41,,"Other, Non-Hispanic",2025-10-11 00:00:00.0000000
2024-11-30T00:00:00.000,2024-2025,44.85,2024,48,,"White, Non-Hispanic",2025-11-29 00:00:00.0000000
2025-01-04T00:00:00.000,2024-2025,27.13,2025,1,,Hispanic,2026-01-03 00:00:00.0000000
2025-01-18T00:00:00.000,2024-2025,48.77,2025,3,,"White, Non-Hispanic",2026-01-17 00:00:00.0000000
2025-01-25T00:00:00.000,2024-2025,48.99,2025,4,,"White, Non-Hispanic",2026-01-24 00:00:00.0000000
2025-01-04T00:00:00.000,2024-2025,48.03,2025,1,,"White, Non-Hispanic",2026-01-03 00:00:00.0000000
2025-01-25T00:00:00.000,2024-2025,28.000000000000004,2025,4,,Hispanic,2026-01-24 00:00:00.0000000
2025-01-11T00:00:00.000,2024-2025,27.47,2025,2,,Hispanic,2026-01-10 00:00:00.0000000
2025-01-11T00:00:00.000,2024-2025,48.42,2025,2,,"White, Non-Hispanic",2026-01-10 00:00:00.0000000
2025-01-18T00:00:00.000,2024-2025,27.78,2025,3,,Hispanic,2026-01-17 00:00:00.0000000
2025-01-04T00:00:00.000,2024-2025,46.53,2025,1,,"Other, Non-Hispanic",2026-01-03 00:00:00.0000000
2025-01-25T00:00:00.000,2024-2025,47.510000000000005,2025,4,,"Other, Non-Hispanic",2026-01-24 00:00:00.0000000
2025-01-04T00:00:00.000,2024-2025,35.24,2025,1,,"Black, Non-Hispanic",2026-01-03 00:00:00.0000000
2025-01-18T00:00:00.000,2024-2025,35.91,2025,3,,"Black, Non-Hispanic",2026-01-17 00:00:00.0000000
2025-01-18T00:00:00.000,2024-2025,47.27,2025,3,,"Other, Non-Hispanic",2026-01-17 00:00:00.0000000
2025-01-11T00:00:00.000,2024-2025,35.57,2025,2,,"Black, Non-Hispanic",2026-01-10 00:00:00.0000000
2025-01-11T00:00:00.000,2024-2025,46.92,2025,2,,"Other, Non-Hispanic",2026-01-10 00:00:00.0000000
2025-01-11T00:00:00.000,2024-2025,49.49,2025,2,,"Asian, Non-Hispanic",2026-01-10 00:00:00.0000000
2025-01-04T00:00:00.000,2024-2025,46.89,2025,1,,Overall,2026-01-03 00:00:00.0000000
2025-01-18T00:00:00.000,2024-2025,49.85,2025,3,,"Asian, Non-Hispanic",2026-01-17 00:00:00.0000000
2025-01-25T00:00:00.000,2024-2025,36.120000000000005,2025,4,,"Black, Non-Hispanic",2026-01-24 00:00:00.0000000
2025-01-11T00:00:00.000,2024-2025,47.27,2025,2,,Overall,2026-01-10 00:00:00.0000000
2025-01-04T00:00:00.000,2024-2025,49.1,2025,1,,"Asian, Non-Hispanic",2026-01-03 00:00:00.0000000
2025-01-25T00:00:00.000,2024-2025,50.080000000000005,2025,4,,"Asian, Non-Hispanic",2026-01-24 00:00:00.0000000
2025-01-18T00:00:00.000,2024-2025,47.620000000000005,2025,3,,Overall,2026-01-17 00:00:00.0000000
2025-01-25T00:00:00.000,2024-2025,47.85,2025,4,,Overall,2026-01-24 00:00:00.0000000
2025-05-17T00:00:00.000,2024-2025,49.06,2025,20,,"Other, Non-Hispanic",2026-05-16 00:00:00.0000000
2025-03-29T00:00:00.000,2024-2025,37.45,2025,13,,"Black, Non-Hispanic",2026-03-28 00:00:00.0000000
2025-04-05T00:00:00.000,2024-2025,51.59,2025,14,,"Asian, Non-Hispanic",2026-04-04 00:00:00.0000000
2025-04-12T00:00:00.000,2024-2025,37.5,2025,15,,"Black, Non-Hispanic",2026-04-11 00:00:00.0000000
2025-03-15T00:00:00.000,2024-2025,48.95,2025,11,,Overall,2026-03-14 00:00:00.0000000
2025-04-26T00:00:00.000,2024-2025,37.52,2025,17,,"Black, Non-Hispanic",2026-04-25 00:00:00.0000000
2025-03-29T00:00:00.000,2024-2025,49.02,2025,13,,Overall,2026-03-28 00:00:00.0000000
2025-03-22T00:00:00.000,2024-2025,51.51,2025,12,,"Asian, Non-Hispanic",2026-03-21 00:00:00.0000000
2025-03-22T00:00:00.000,2024-2025,29.23,2025,12,,Hispanic,2026-03-21 00:00:00.0000000
2025-05-10T00:00:00.000,2024-2025,37.53,2025,19,,"Black, Non-Hispanic",2026-05-09 00:00:00.0000000
2025-03-22T00:00:00.000,2024-2025,50.11,2025,12,,"White, Non-Hispanic",2026-03-21 00:00:00.0000000
2025-04-05T00:00:00.000,2024-2025,50.14999999999999,2025,14,,"White, Non-Hispanic",2026-04-04 00:00:00.0000000
2025-03-08T00:00:00.000,2024-2025,29.04,2025,10,,Hispanic,2026-03-07 00:00:00.0000000
2025-05-24T00:00:00.000,2024-2025,37.53,2025,21,,"Black, Non-Hispanic",2026-05-23 00:00:00.0000000
2025-05-24T00:00:00.000,2024-2025,49.07,2025,21,,"Other, Non-Hispanic",2026-05-23 00:00:00.0000000
2025-05-03T00:00:00.000,2024-2025,49.07,2025,18,,Overall,2026-05-02 00:00:00.0000000
2025-04-19T00:00:00.000,2024-2025,49.06,2025,16,,Overall,2026-04-18 00:00:00.0000000
2025-05-03T00:00:00.000,2024-2025,37.53,2025,18,,"Black, Non-Hispanic",2026-05-02 00:00:00.0000000
2025-03-29T00:00:00.000,2024-2025,29.3,2025,13,,Hispanic,2026-03-28 00:00:00.0000000
2025-05-10T00:00:00.000,2024-2025,49.07,2025,19,,Overall,2026-05-09 00:00:00.0000000
2025-05-17T00:00:00.000,2024-2025,37.53,2025,20,,"Black, Non-Hispanic",2026-05-16 00:00:00.0000000
2025-03-01T00:00:00.000,2024-2025,51.24999999999999,2025,9,,"Asian, Non-Hispanic",2026-02-28 00:00:00.0000000
2025-03-15T00:00:00.000,2024-2025,29.14,2025,11,,Hispanic,2026-03-14 00:00:00.0000000
2025-03-29T00:00:00.000,2024-2025,50.13999999999999,2025,13,,"White, Non-Hispanic",2026-03-28 00:00:00.0000000
2025-04-26T00:00:00.000,2024-2025,49.07,2025,17,,Overall,2026-04-25 00:00:00.0000000
2025-03-15T00:00:00.000,2024-2025,50.080000000000005,2025,11,,"White, Non-Hispanic",2026-03-14 00:00:00.0000000
2025-04-12T00:00:00.000,2024-2025,49.05,2025,15,,Overall,2026-04-11 00:00:00.0000000
2025-04-12T00:00:00.000,2024-2025,50.16,2025,15,,"White, Non-Hispanic",2026-04-11 00:00:00.0000000
2025-03-08T00:00:00.000,2024-2025,51.35999999999999,2025,10,,"Asian, Non-Hispanic",2026-03-07 00:00:00.0000000
2025-05-17T00:00:00.000,2024-2025,49.07,2025,20,,Overall,2026-05-16 00:00:00.0000000
2025-03-08T00:00:00.000,2024-2025,48.73,2025,10,,"Other, Non-Hispanic",2026-03-07 00:00:00.0000000
2025-05-03T00:00:00.000,2024-2025,50.18,2025,18,,"White, Non-Hispanic",2026-05-02 00:00:00.0000000
2025-04-26T00:00:00.000,2024-2025,29.43,2025,17,,Hispanic,2026-04-25 00:00:00.0000000
2025-04-12T00:00:00.000,2024-2025,29.38,2025,15,,Hispanic,2026-04-11 00:00:00.0000000
2025-04-19T00:00:00.000,2024-2025,50.17,2025,16,,"White, Non-Hispanic",2026-04-18 00:00:00.0000000
2025-05-24T00:00:00.000,2024-2025,49.08,2025,21,,Overall,2026-05-23 00:00:00.0000000
2025-03-15T00:00:00.000,2024-2025,48.82,2025,11,,"Other, Non-Hispanic",2026-03-14 00:00:00.0000000
2025-03-01T00:00:00.000,2024-2025,48.61,2025,9,,"Other, Non-Hispanic",2026-02-28 00:00:00.0000000
2025-05-03T00:00:00.000,2024-2025,29.44,2025,18,,Hispanic,2026-05-02 00:00:00.0000000
2025-04-26T00:00:00.000,2024-2025,50.18,2025,17,,"White, Non-Hispanic",2026-04-25 00:00:00.0000000
2025-05-10T00:00:00.000,2024-2025,50.18,2025,19,,"White, Non-Hispanic",2026-05-09 00:00:00.0000000
2025-04-19T00:00:00.000,2024-2025,29.4,2025,16,,Hispanic,2026-04-18 00:00:00.0000000
2025-05-24T00:00:00.000,2024-2025,51.67,2025,21,,"Asian, Non-Hispanic",2026-05-23 00:00:00.0000000
2025-04-05T00:00:00.000,2024-2025,29.35,2025,14,,Hispanic,2026-04-04 00:00:00.0000000
2025-08-09T00:00:00.000,2025-2026,0.187,2025,32,,"Other, Non-Hispanic",2025-08-09 00:00:00.0000000
2025-09-13T00:00:00.000,2025-2026,3.85,2025,37,,Hispanic,2025-09-13 00:00:00.0000000
2025-08-02T00:00:00.000,2025-2026,0.0277999999999999,2025,31,,"Other, Non-Hispanic",2025-08-02 00:00:00.0000000
2025-09-06T00:00:00.000,2025-2026,2.19,2025,36,,Hispanic,2025-09-06 00:00:00.0000000
2025-09-27T00:00:00.000,2025-2026,13.51,2025,39,,"White, Non-Hispanic",2025-09-27 00:00:00.0000000
2025-08-23T00:00:00.000,2025-2026,0.6629999999999999,2025,34,,Hispanic,2025-08-23 00:00:00.0000000
2025-08-23T00:00:00.000,2025-2026,1.05,2025,34,,"Other, Non-Hispanic",2025-08-23 00:00:00.0000000
2025-08-30T00:00:00.000,2025-2026,1.2,2025,35,,Hispanic,2025-08-30 00:00:00.0000000
2025-08-16T00:00:00.000,2025-2026,0.334,2025,33,,Hispanic,2025-08-16 00:00:00.0000000
2025-08-16T00:00:00.000,2025-2026,0.507,2025,33,,"Other, Non-Hispanic",2025-08-16 00:00:00.0000000
2025-09-27T00:00:00.000,2025-2026,13.35,2025,39,,Overall,2025-09-27 00:00:00.0000000
2025-08-02T00:00:00.000,2025-2026,0.0264,2025,31,,"Asian, Non-Hispanic",2025-08-02 00:00:00.0000000
2025-09-06T00:00:00.000,2025-2026,2.99,2025,36,,"White, Non-Hispanic",2025-09-06 00:00:00.0000000
2025-08-23T00:00:00.000,2025-2026,0.7129999999999999,2025,34,,"White, Non-Hispanic",2025-08-23 00:00:00.0000000
2025-08-02T00:00:00.000,2025-2026,0.0178,2025,31,,"Black, Non-Hispanic",2025-08-02 00:00:00.0000000
2025-08-30T00:00:00.000,2025-2026,1.37,2025,35,,"White, Non-Hispanic",2025-08-30 00:00:00.0000000
2025-09-27T00:00:00.000,2025-2026,7.960000000000002,2025,39,,Hispanic,2025-09-27 00:00:00.0000000
2025-09-20T00:00:00.000,2025-2026,9.54,2025,38,,"White, Non-Hispanic",2025-09-20 00:00:00.0000000
2025-08-23T00:00:00.000,2025-2026,1.34,2025,34,,"Asian, Non-Hispanic",2025-08-23 00:00:00.0000000
2025-09-13T00:00:00.000,2025-2026,5.94,2025,37,,"White, Non-Hispanic",2025-09-13 00:00:00.0000000
2025-08-09T00:00:00.000,2025-2026,0.2239999999999999,2025,32,,"Asian, Non-Hispanic",2025-08-09 00:00:00.0000000
2025-09-20T00:00:00.000,2025-2026,5.7700000000000005,2025,38,,Hispanic,2025-09-20 00:00:00.0000000
2025-08-16T00:00:00.000,2025-2026,0.6079999999999999,2025,33,,"Asian, Non-Hispanic",2025-08-16 00:00:00.0000000
2025-08-16T00:00:00.000,2025-2026,0.352,2025,33,,Overall,2025-08-16 00:00:00.0000000
2025-08-02T00:00:00.000,2025-2026,0.0189,2025,31,,Overall,2025-08-02 00:00:00.0000000
2025-09-06T00:00:00.000,2025-2026,2.54,2025,36,,"Black, Non-Hispanic",2025-09-06 00:00:00.0000000
2025-09-06T00:00:00.000,2025-2026,4.86,2025,36,,"Asian, Non-Hispanic",2025-09-06 00:00:00.0000000
2025-08-02T00:00:00.000,2025-2026,0.0183,2025,31,,"White, Non-Hispanic",2025-08-02 00:00:00.0000000
2024-05-18T00:00:00.000,2023-2024,48.97,2024,20,,"Other, Non-Hispanic",2026-05-16 00:00:00.0000000
2024-05-04T00:00:00.000,2023-2024,53.56,2024,18,,"Asian, Non-Hispanic",2026-05-02 00:00:00.0000000
2024-04-13T00:00:00.000,2023-2024,38.93,2024,15,,"Black, Non-Hispanic",2026-04-11 00:00:00.0000000
2024-04-27T00:00:00.000,2023-2024,53.55,2024,17,,"Asian, Non-Hispanic",2026-04-25 00:00:00.0000000
2024-05-25T00:00:00.000,2023-2024,48.98,2024,21,,"Other, Non-Hispanic",2026-05-23 00:00:00.0000000
2024-04-06T00:00:00.000,2023-2024,38.91,2024,14,,"Black, Non-Hispanic",2026-04-04 00:00:00.0000000
2024-04-13T00:00:00.000,2023-2024,51.05,2024,15,,Overall,2026-04-11 00:00:00.0000000
2024-04-20T00:00:00.000,2023-2024,38.95,2024,16,,"Black, Non-Hispanic",2026-04-18 00:00:00.0000000
2024-05-04T00:00:00.000,2023-2024,38.97,2024,18,,"Black, Non-Hispanic",2026-05-02 00:00:00.0000000
2024-04-13T00:00:00.000,2023-2024,52.27,2024,15,,"White, Non-Hispanic",2026-04-11 00:00:00.0000000
2024-05-04T00:00:00.000,2023-2024,48.95,2024,18,,"Other, Non-Hispanic",2026-05-02 00:00:00.0000000
2024-05-18T00:00:00.000,2023-2024,53.56999999999999,2024,20,,"Asian, Non-Hispanic",2026-05-16 00:00:00.0000000
2024-04-27T00:00:00.000,2023-2024,38.96,2024,17,,"Black, Non-Hispanic",2026-04-25 00:00:00.0000000
2024-04-27T00:00:00.000,2023-2024,48.94,2024,17,,"Other, Non-Hispanic",2026-04-25 00:00:00.0000000
2024-04-06T00:00:00.000,2023-2024,51.04,2024,14,,Overall,2026-04-04 00:00:00.0000000
2024-04-06T00:00:00.000,2023-2024,52.25,2024,14,,"White, Non-Hispanic",2026-04-04 00:00:00.0000000
2024-05-11T00:00:00.000,2023-2024,53.56,2024,19,,"Asian, Non-Hispanic",2026-05-09 00:00:00.0000000
2024-05-11T00:00:00.000,2023-2024,48.96,2024,19,,"Other, Non-Hispanic",2026-05-09 00:00:00.0000000
2024-04-27T00:00:00.000,2023-2024,51.07000000000001,2024,17,,Overall,2026-04-25 00:00:00.0000000
2024-05-18T00:00:00.000,2023-2024,38.99,2024,20,,"Black, Non-Hispanic",2026-05-16 00:00:00.0000000
2024-04-20T00:00:00.000,2023-2024,51.06,2024,16,,Overall,2026-04-18 00:00:00.0000000
2024-05-11T00:00:00.000,2023-2024,38.98,2024,19,,"Black, Non-Hispanic",2026-05-09 00:00:00.0000000
2024-05-25T00:00:00.000,2023-2024,53.580000000000005,2024,21,,"Asian, Non-Hispanic",2026-05-23 00:00:00.0000000
2024-04-06T00:00:00.000,2023-2024,31.45,2024,14,,Hispanic,2026-04-04 00:00:00.0000000
2024-05-04T00:00:00.000,2023-2024,51.080000000000005,2024,18,,Overall,2026-05-02 00:00:00.0000000
2024-05-18T00:00:00.000,2023-2024,51.09,2024,20,,Overall,2026-05-16 00:00:00.0000000
2024-05-25T00:00:00.000,2023-2024,39.0,2024,21,,"Black, Non-Hispanic",2026-05-23 00:00:00.0000000
2024-05-11T00:00:00.000,2023-2024,51.09,2024,19,,Overall,2026-05-09 00:00:00.0000000
2024-04-20T00:00:00.000,2023-2024,31.49,2024,16,,Hispanic,2026-04-18 00:00:00.0000000
2024-04-13T00:00:00.000,2023-2024,31.47,2024,15,,Hispanic,2026-04-11 00:00:00.0000000
2024-05-25T00:00:00.000,2023-2024,51.1,2024,21,,Overall,2026-05-23 00:00:00.0000000
2024-05-25T00:00:00.000,2023-2024,52.31,2024,21,,"White, Non-Hispanic",2026-05-23 00:00:00.0000000
2024-05-04T00:00:00.000,2023-2024,31.52,2024,18,,Hispanic,2026-05-02 00:00:00.0000000
2024-05-11T00:00:00.000,2023-2024,31.53,2024,19,,Hispanic,2026-05-09 00:00:00.0000000
2024-04-27T00:00:00.000,2023-2024,31.51,2024,17,,Hispanic,2026-04-25 00:00:00.0000000
2024-04-20T00:00:00.000,2023-2024,52.28,2024,16,,"White, Non-Hispanic",2026-04-18 00:00:00.0000000
2024-05-04T00:00:00.000,2023-2024,52.290000000000006,2024,18,,"White, Non-Hispanic",2026-05-02 00:00:00.0000000
2024-04-20T00:00:00.000,2023-2024,48.92,2024,16,,"Other, Non-Hispanic",2026-04-18 00:00:00.0000000
2024-05-25T00:00:00.000,2023-2024,31.55,2024,21,,Hispanic,2026-05-23 00:00:00.0000000
2024-04-13T00:00:00.000,2023-2024,48.91,2024,15,,"Other, Non-Hispanic",2026-04-11 00:00:00.0000000
2024-04-27T00:00:00.000,2023-2024,52.290000000000006,2024,17,,"White, Non-Hispanic",2026-04-25 00:00:00.0000000
2024-05-18T00:00:00.000,2023-2024,31.540000000000003,2024,20,,Hispanic,2026-05-16 00:00:00.0000000
2024-04-13T00:00:00.000,2023-2024,53.52,2024,15,,"Asian, Non-Hispanic",2026-04-11 00:00:00.0000000
2024-05-18T00:00:00.000,2023-2024,52.31,2024,20,,"White, Non-Hispanic",2026-05-16 00:00:00.0000000
2024-04-06T00:00:00.000,2023-2024,48.89,2024,14,,"Other, Non-Hispanic",2026-04-04 00:00:00.0000000
2024-05-11T00:00:00.000,2023-2024,52.3,2024,19,,"White, Non-Hispanic",2026-05-09 00:00:00.0000000
2024-04-06T00:00:00.000,2023-2024,53.5,2024,14,,"Asian, Non-Hispanic",2026-04-04 00:00:00.0000000
2024-04-20T00:00:00.000,2023-2024,53.53,2024,16,,"Asian, Non-Hispanic",2026-04-18 00:00:00.0000000
2025-10-18T00:00:00.000,2025-2026,27.61,2025,42,,Overall,2025-10-18 00:00:00.0000000
2025-10-04T00:00:00.000,2025-2026,18.34,2025,40,,"White, Non-Hispanic",2025-10-04 00:00:00.0000000
2025-10-11T00:00:00.000,2025-2026,23.07,2025,41,,Overall,2025-10-11 00:00:00.0000000
2025-10-11T00:00:00.000,2025-2026,23.54,2025,41,,"White, Non-Hispanic",2025-10-11 00:00:00.0000000
2025-10-25T00:00:00.000,2025-2026,23.02,2025,43,,"Black, Non-Hispanic",2025-10-25 00:00:00.0000000
2025-10-04T00:00:00.000,2025-2026,18.05,2025,40,,Overall,2025-10-04 00:00:00.0000000
2025-10-25T00:00:00.000,2025-2026,32.43,2025,43,,"White, Non-Hispanic",2025-10-25 00:00:00.0000000
2025-10-18T00:00:00.000,2025-2026,28.26,2025,42,,"White, Non-Hispanic",2025-10-18 00:00:00.0000000
2025-10-18T00:00:00.000,2025-2026,20.42,2025,42,,"Black, Non-Hispanic",2025-10-18 00:00:00.0000000
2025-10-11T00:00:00.000,2025-2026,13.239999999999998,2025,41,,Hispanic,2025-10-11 00:00:00.0000000
2025-10-18T00:00:00.000,2025-2026,15.63,2025,42,,Hispanic,2025-10-18 00:00:00.0000000
2025-10-04T00:00:00.000,2025-2026,10.56,2025,40,,Hispanic,2025-10-04 00:00:00.0000000
2025-10-25T00:00:00.000,2025-2026,31.62,2025,43,,Overall,2025-10-25 00:00:00.0000000
2025-10-11T00:00:00.000,2025-2026,23.25,2025,41,,"Other, Non-Hispanic",2025-10-11 00:00:00.0000000
2025-10-18T00:00:00.000,2025-2026,27.19,2025,42,,"Other, Non-Hispanic",2025-10-18 00:00:00.0000000
2025-10-04T00:00:00.000,2025-2026,18.62,2025,40,,"Other, Non-Hispanic",2025-10-04 00:00:00.0000000
2025-10-25T00:00:00.000,2025-2026,17.72,2025,43,,Hispanic,2025-10-25 00:00:00.0000000
2025-10-25T00:00:00.000,2025-2026,30.66,2025,43,,"Other, Non-Hispanic",2025-10-25 00:00:00.0000000
2025-10-04T00:00:00.000,2025-2026,22.34,2025,40,,"Asian, Non-Hispanic",2025-10-04 00:00:00.0000000
2025-10-04T00:00:00.000,2025-2026,13.91,2025,40,,"Black, Non-Hispanic",2025-10-04 00:00:00.0000000
2025-10-11T00:00:00.000,2025-2026,27.32,2025,41,,"Asian, Non-Hispanic",2025-10-11 00:00:00.0000000
2025-10-11T00:00:00.000,2025-2026,17.4,2025,41,,"Black, Non-Hispanic",2025-10-11 00:00:00.0000000
2025-10-18T00:00:00.000,2025-2026,31.56,2025,42,,"Asian, Non-Hispanic",2025-10-18 00:00:00.0000000
2025-10-25T00:00:00.000,2025-2026,35.15,2025,43,,"Asian, Non-Hispanic",2025-10-25 00:00:00.0000000
2025-11-08T00:00:00.000,2025-2026,26.97,2025,45,,"Black, Non-Hispanic",2025-11-08 00:00:00.0000000
2025-11-08T00:00:00.000,2025-2026,40.62,2025,45,,"Asian, Non-Hispanic",2025-11-08 00:00:00.0000000
2025-11-01T00:00:00.000,2025-2026,25.2,2025,44,,"Black, Non-Hispanic",2025-11-01 00:00:00.0000000
2025-11-15T00:00:00.000,2025-2026,28.51,2025,46,,"Black, Non-Hispanic",2025-11-15 00:00:00.0000000
2025-11-15T00:00:00.000,2025-2026,42.54,2025,46,,"Asian, Non-Hispanic",2025-11-15 00:00:00.0000000
2025-11-01T00:00:00.000,2025-2026,38.15,2025,44,,"Asian, Non-Hispanic",2025-11-01 00:00:00.0000000
2025-11-22T00:00:00.000,2025-2026,44.16,2025,47,,"Asian, Non-Hispanic",2025-11-22 00:00:00.0000000
2025-11-29T00:00:00.000,2025-2026,44.98,2025,48,,"Asian, Non-Hispanic",2025-11-29 00:00:00.0000000
2025-11-08T00:00:00.000,2025-2026,35.709999999999994,2025,45,,"Other, Non-Hispanic",2025-11-08 00:00:00.0000000
2025-11-22T00:00:00.000,2025-2026,41.49,2025,47,,Overall,2025-11-22 00:00:00.0000000
2025-11-15T00:00:00.000,2025-2026,37.56,2025,46,,"Other, Non-Hispanic",2025-11-15 00:00:00.0000000
2025-11-15T00:00:00.000,2025-2026,39.67,2025,46,,Overall,2025-11-15 00:00:00.0000000
2025-11-01T00:00:00.000,2025-2026,34.94,2025,44,,Overall,2025-11-01 00:00:00.0000000
2025-12-20T00:00:00.000,2025-2026,42.54,2025,51,,"Other, Non-Hispanic",2025-12-20 00:00:00.0000000
2025-12-13T00:00:00.000,2025-2026,41.79,2025,50,,"Other, Non-Hispanic",2025-12-13 00:00:00.0000000
2025-12-27T00:00:00.000,2025-2026,42.9,2025,52,,"Other, Non-Hispanic",2025-12-27 00:00:00.0000000
2025-12-27T00:00:00.000,2025-2026,26.69,2025,52,,Hispanic,2025-12-27 00:00:00.0000000
2025-12-20T00:00:00.000,2025-2026,47.57,2025,51,,"Asian, Non-Hispanic",2025-12-20 00:00:00.0000000
2025-12-06T00:00:00.000,2025-2026,46.0,2025,49,,"Asian, Non-Hispanic",2025-12-06 00:00:00.0000000
2025-12-06T00:00:00.000,2025-2026,31.35,2025,49,,"Black, Non-Hispanic",2025-12-06 00:00:00.0000000
2025-12-13T00:00:00.000,2025-2026,46.84,2025,50,,"Asian, Non-Hispanic",2025-12-13 00:00:00.0000000
2025-12-13T00:00:00.000,2025-2026,32.14,2025,50,,"Black, Non-Hispanic",2025-12-13 00:00:00.0000000
2025-12-06T00:00:00.000,2025-2026,40.95,2025,49,,"Other, Non-Hispanic",2025-12-06 00:00:00.0000000
2025-12-27T00:00:00.000,2025-2026,47.94,2025,52,,"Asian, Non-Hispanic",2025-12-27 00:00:00.0000000
2025-12-20T00:00:00.000,2025-2026,45.16,2025,51,,Overall,2025-12-20 00:00:00.0000000
2025-12-06T00:00:00.000,2025-2026,44.63,2025,49,,"White, Non-Hispanic",2025-12-06 00:00:00.0000000
2025-12-27T00:00:00.000,2025-2026,45.55,2025,52,,Overall,2025-12-27 00:00:00.0000000
2025-12-13T00:00:00.000,2025-2026,45.57,2025,50,,"White, Non-Hispanic",2025-12-13 00:00:00.0000000
2025-12-27T00:00:00.000,2025-2026,33.17,2025,52,,"Black, Non-Hispanic",2025-12-27 00:00:00.0000000
2025-12-20T00:00:00.000,2025-2026,46.41,2025,51,,"White, Non-Hispanic",2025-12-20 00:00:00.0000000
2025-12-06T00:00:00.000,2025-2026,43.42,2025,49,,Overall,2025-12-06 00:00:00.0000000
2025-12-20T00:00:00.000,2025-2026,32.82,2025,51,,"Black, Non-Hispanic",2025-12-20 00:00:00.0000000
2025-12-13T00:00:00.000,2025-2026,44.34,2025,50,,Overall,2025-12-13 00:00:00.0000000
2025-12-27T00:00:00.000,2025-2026,46.81,2025,52,,"White, Non-Hispanic",2025-12-27 00:00:00.0000000
2025-12-13T00:00:00.000,2025-2026,25.75,2025,50,,Hispanic,2025-12-13 00:00:00.0000000
2025-12-20T00:00:00.000,2025-2026,26.39,2025,51,,Hispanic,2025-12-20 00:00:00.0000000
2025-12-06T00:00:00.000,2025-2026,25.02,2025,49,,Hispanic,2025-12-06 00:00:00.0000000
2026-01-24T00:00:00.000,2025-2026,28.050000000000004,2026,3,,Hispanic,2026-01-24 00:00:00.0000000
2026-01-17T00:00:00.000,2025-2026,27.81,2026,2,,Hispanic,2026-01-17 00:00:00.0000000
2026-01-10T00:00:00.000,2025-2026,27.47,2026,1,,Hispanic,2026-01-10 00:00:00.0000000
2026-01-10T00:00:00.000,2025-2026,43.89,2026,1,,"Other, Non-Hispanic",2026-01-10 00:00:00.0000000
2026-01-03T00:00:00.000,2025-2026,27.02,2025,53,,Hispanic,2026-01-03 00:00:00.0000000
2026-01-03T00:00:00.000,2025-2026,43.33,2025,53,,"Other, Non-Hispanic",2026-01-03 00:00:00.0000000
2026-01-10T00:00:00.000,2025-2026,48.05,2026,1,,"White, Non-Hispanic",2026-01-10 00:00:00.0000000
2026-01-17T00:00:00.000,2025-2026,48.46,2026,2,,"White, Non-Hispanic",2026-01-17 00:00:00.0000000
2026-01-24T00:00:00.000,2025-2026,48.7,2026,3,,"White, Non-Hispanic",2026-01-24 00:00:00.0000000
2026-01-03T00:00:00.000,2025-2026,48.31,2025,53,,"Asian, Non-Hispanic",2026-01-03 00:00:00.0000000
2026-01-31T00:00:00.000,2025-2026,28.25,2026,4,,Hispanic,2026-01-31 00:00:00.0000000
2026-01-31T00:00:00.000,2025-2026,48.84,2026,4,,"White, Non-Hispanic",2026-01-31 00:00:00.0000000
2026-01-10T00:00:00.000,2025-2026,34.21,2026,1,,"Black, Non-Hispanic",2026-01-10 00:00:00.0000000
2026-01-10T00:00:00.000,2025-2026,48.82,2026,1,,"Asian, Non-Hispanic",2026-01-10 00:00:00.0000000
2026-01-17T00:00:00.000,2025-2026,34.62,2026,2,,"Black, Non-Hispanic",2026-01-17 00:00:00.0000000
2026-01-17T00:00:00.000,2025-2026,49.18,2026,2,,"Asian, Non-Hispanic",2026-01-17 00:00:00.0000000
2026-01-03T00:00:00.000,2025-2026,47.36,2025,53,,"White, Non-Hispanic",2026-01-03 00:00:00.0000000
2026-01-24T00:00:00.000,2025-2026,49.42,2026,3,,"Asian, Non-Hispanic",2026-01-24 00:00:00.0000000
2026-01-03T00:00:00.000,2025-2026,33.61,2025,53,,"Black, Non-Hispanic",2026-01-03 00:00:00.0000000
2026-01-31T00:00:00.000,2025-2026,49.61,2026,4,,"Asian, Non-Hispanic",2026-01-31 00:00:00.0000000
2026-01-24T00:00:00.000,2025-2026,44.54,2026,3,,"Other, Non-Hispanic",2026-01-24 00:00:00.0000000
2026-01-24T00:00:00.000,2025-2026,47.41,2026,3,,Overall,2026-01-24 00:00:00.0000000
2026-01-17T00:00:00.000,2025-2026,44.29,2026,2,,"Other, Non-Hispanic",2026-01-17 00:00:00.0000000
2026-01-31T00:00:00.000,2025-2026,47.55,2026,4,,Overall,2026-01-31 00:00:00.0000000
2026-01-03T00:00:00.000,2025-2026,46.09,2025,53,,Overall,2026-01-03 00:00:00.0000000
2026-01-17T00:00:00.000,2025-2026,47.17,2026,2,,Overall,2026-01-17 00:00:00.0000000
2026-01-24T00:00:00.000,2025-2026,34.89,2026,3,,"Black, Non-Hispanic",2026-01-24 00:00:00.0000000
2026-01-10T00:00:00.000,2025-2026,46.760000000000005,2026,1,,Overall,2026-01-10 00:00:00.0000000
2026-01-31T00:00:00.000,2025-2026,35.04,2026,4,,"Black, Non-Hispanic",2026-01-31 00:00:00.0000000
2026-01-31T00:00:00.000,2025-2026,44.71,2026,4,,"Other, Non-Hispanic",2026-01-31 00:00:00.0000000
2023-10-28T00:00:00.000,2023-2024,36.74,2023,43,,"White, Non-Hispanic",2025-10-25 00:00:00.0000000
2023-10-21T00:00:00.000,2023-2024,32.45,2023,42,,"White, Non-Hispanic",2025-10-18 00:00:00.0000000
2023-10-14T00:00:00.000,2023-2024,31.630000000000003,2023,41,,"Asian, Non-Hispanic",2025-10-11 00:00:00.0000000
2023-10-28T00:00:00.000,2023-2024,35.03,2023,43,,"Other, Non-Hispanic",2025-10-25 00:00:00.0000000
2023-10-07T00:00:00.000,2023-2024,26.38,2023,40,,"Asian, Non-Hispanic",2025-10-04 00:00:00.0000000
2023-10-28T00:00:00.000,2023-2024,39.55,2023,43,,"Asian, Non-Hispanic",2025-10-25 00:00:00.0000000
2023-10-14T00:00:00.000,2023-2024,19.79,2023,41,,"Black, Non-Hispanic",2025-10-11 00:00:00.0000000
2023-10-14T00:00:00.000,2023-2024,27.12,2023,41,,"Other, Non-Hispanic",2025-10-11 00:00:00.0000000
2023-10-21T00:00:00.000,2023-2024,36.04,2023,42,,"Asian, Non-Hispanic",2025-10-18 00:00:00.0000000
2023-10-07T00:00:00.000,2023-2024,15.659999999999998,2023,40,,"Black, Non-Hispanic",2025-10-04 00:00:00.0000000
2023-10-07T00:00:00.000,2023-2024,22.05,2023,40,,"Other, Non-Hispanic",2025-10-04 00:00:00.0000000
2023-10-21T00:00:00.000,2023-2024,31.52,2023,42,,"Other, Non-Hispanic",2025-10-18 00:00:00.0000000
2023-10-28T00:00:00.000,2023-2024,26.21,2023,43,,"Black, Non-Hispanic",2025-10-25 00:00:00.0000000
2023-10-21T00:00:00.000,2023-2024,23.32,2023,42,,"Black, Non-Hispanic",2025-10-18 00:00:00.0000000
2023-10-07T00:00:00.000,2023-2024,21.0,2023,40,,Overall,2025-10-04 00:00:00.0000000
2023-10-14T00:00:00.000,2023-2024,26.640000000000004,2023,41,,Overall,2025-10-11 00:00:00.0000000
2023-10-21T00:00:00.000,2023-2024,31.71,2023,42,,Overall,2025-10-18 00:00:00.0000000
2025-08-09T00:00:00.000,2025-2026,0.134,2025,32,,Overall,2025-08-09 00:00:00.0000000
2025-08-30T00:00:00.000,2025-2026,1.24,2025,35,,"Black, Non-Hispanic",2025-08-30 00:00:00.0000000
2025-08-30T00:00:00.000,2025-2026,2.6,2025,35,,"Asian, Non-Hispanic",2025-08-30 00:00:00.0000000
2025-08-09T00:00:00.000,2025-2026,0.128,2025,32,,"Black, Non-Hispanic",2025-08-09 00:00:00.0000000
2025-08-23T00:00:00.000,2025-2026,0.662,2025,34,,"Black, Non-Hispanic",2025-08-23 00:00:00.0000000
2025-09-20T00:00:00.000,2025-2026,12.95,2025,38,,"Asian, Non-Hispanic",2025-09-20 00:00:00.0000000
2025-08-16T00:00:00.000,2025-2026,0.3229999999999999,2025,33,,"Black, Non-Hispanic",2025-08-16 00:00:00.0000000
2025-08-16T00:00:00.000,2025-2026,0.3419999999999999,2025,33,,"White, Non-Hispanic",2025-08-16 00:00:00.0000000
2025-09-27T00:00:00.000,2025-2026,17.349999999999998,2025,39,,"Asian, Non-Hispanic",2025-09-27 00:00:00.0000000
2025-08-09T00:00:00.000,2025-2026,0.13,2025,32,,"White, Non-Hispanic",2025-08-09 00:00:00.0000000
2025-09-13T00:00:00.000,2025-2026,8.66,2025,37,,"Asian, Non-Hispanic",2025-09-13 00:00:00.0000000
2025-08-09T00:00:00.000,2025-2026,0.1369999999999999,2025,32,,Hispanic,2025-08-09 00:00:00.0000000
2025-09-20T00:00:00.000,2025-2026,9.47,2025,38,,Overall,2025-09-20 00:00:00.0000000
2025-09-06T00:00:00.000,2025-2026,3.77,2025,36,,"Other, Non-Hispanic",2025-09-06 00:00:00.0000000
2025-09-06T00:00:00.000,2025-2026,3.02,2025,36,,Overall,2025-09-06 00:00:00.0000000
2025-08-02T00:00:00.000,2025-2026,0.0236999999999999,2025,31,,Hispanic,2025-08-02 00:00:00.0000000
2025-09-13T00:00:00.000,2025-2026,5.94,2025,37,,Overall,2025-09-13 00:00:00.0000000
2025-09-13T00:00:00.000,2025-2026,6.88,2025,37,,"Other, Non-Hispanic",2025-09-13 00:00:00.0000000
2025-08-30T00:00:00.000,2025-2026,1.93,2025,35,,"Other, Non-Hispanic",2025-08-30 00:00:00.0000000
2025-09-27T00:00:00.000,2025-2026,10.43,2025,39,,"Black, Non-Hispanic",2025-09-27 00:00:00.0000000
2025-09-20T00:00:00.000,2025-2026,7.55,2025,38,,"Black, Non-Hispanic",2025-09-20 00:00:00.0000000
2025-09-20T00:00:00.000,2025-2026,10.38,2025,38,,"Other, Non-Hispanic",2025-09-20 00:00:00.0000000
2025-08-23T00:00:00.000,2025-2026,0.7349999999999999,2025,34,,Overall,2025-08-23 00:00:00.0000000
2025-09-13T00:00:00.000,2025-2026,4.8500000000000005,2025,37,,"Black, Non-Hispanic",2025-09-13 00:00:00.0000000
2025-08-30T00:00:00.000,2025-2026,1.41,2025,35,,Overall,2025-08-30 00:00:00.0000000
2025-09-27T00:00:00.000,2025-2026,14.08,2025,39,,"Other, Non-Hispanic",2025-09-27 00:00:00.0000000
2025-11-22T00:00:00.000,2025-2026,29.83,2025,47,,"Black, Non-Hispanic",2025-11-22 00:00:00.0000000
2025-11-22T00:00:00.000,2025-2026,39.18,2025,47,,"Other, Non-Hispanic",2025-11-22 00:00:00.0000000
2025-11-08T00:00:00.000,2025-2026,37.55,2025,45,,Overall,2025-11-08 00:00:00.0000000
2025-11-29T00:00:00.000,2025-2026,30.47,2025,48,,"Black, Non-Hispanic",2025-11-29 00:00:00.0000000
2025-11-29T00:00:00.000,2025-2026,39.96,2025,48,,"Other, Non-Hispanic",2025-11-29 00:00:00.0000000
2025-11-08T00:00:00.000,2025-2026,21.03,2025,45,,Hispanic,2025-11-08 00:00:00.0000000
2025-11-15T00:00:00.000,2025-2026,22.37,2025,46,,Hispanic,2025-11-15 00:00:00.0000000
2025-11-22T00:00:00.000,2025-2026,23.53,2025,47,,Hispanic,2025-11-22 00:00:00.0000000
2025-11-01T00:00:00.000,2025-2026,19.51,2025,44,,Hispanic,2025-11-01 00:00:00.0000000
2025-11-01T00:00:00.000,2025-2026,33.45,2025,44,,"Other, Non-Hispanic",2025-11-01 00:00:00.0000000
2025-11-29T00:00:00.000,2025-2026,42.31,2025,48,,Overall,2025-11-29 00:00:00.0000000
2025-11-08T00:00:00.000,2025-2026,38.59,2025,45,,"White, Non-Hispanic",2025-11-08 00:00:00.0000000
2025-11-01T00:00:00.000,2025-2026,35.88,2025,44,,"White, Non-Hispanic",2025-11-01 00:00:00.0000000
2025-11-22T00:00:00.000,2025-2026,42.66,2025,47,,"White, Non-Hispanic",2025-11-22 00:00:00.0000000
2025-11-29T00:00:00.000,2025-2026,24.17,2025,48,,Hispanic,2025-11-29 00:00:00.0000000
2025-11-15T00:00:00.000,2025-2026,40.78,2025,46,,"White, Non-Hispanic",2025-11-15 00:00:00.0000000
2025-11-29T00:00:00.000,2025-2026,43.5,2025,48,,"White, Non-Hispanic",2025-11-29 00:00:00.0000000
