date,location,location_name,value,weekly_rate
2021-10-09,04,Arizona,17.0,0.22420389154651096
2021-10-16,04,Arizona,24.0,0.31652314100683904
2021-10-23,04,Arizona,5.0,0.06594232104309146
2021-10-30,04,Arizona,1.0,0.013188464208618291
2021-11-06,04,Arizona,5.0,0.06594232104309146
2021-11-13,04,Arizona,2.0,0.026376928417236583
2021-11-20,04,Arizona,4.0,0.052753856834473166
2021-11-27,04,Arizona,11.0,0.14507310629480122
2021-12-04,04,Arizona,19.0,0.25058081996374754
2021-12-11,04,Arizona,26.0,0.3429000694240756
2021-12-18,04,Arizona,36.0,0.47478471151025853
2021-12-25,04,Arizona,54.0,0.7121770672653878
2022-01-01,04,Arizona,387.0,5.103935648735279
2022-01-08,04,Arizona,316.0,4.167554689923381
2022-01-15,04,Arizona,23.0,0.30333467679822074
2022-01-22,04,Arizona,23.0,0.30333467679822074
2022-01-29,04,Arizona,20.0,0.26376928417236584
2022-02-05,04,Arizona,35.0,0.46159624730164023
2022-02-12,04,Arizona,53.0,0.6989886030567695
2022-02-19,04,Arizona,56.0,0.7385539956826244
2022-02-26,04,Arizona,80.0,1.0550771366894633
2022-03-05,04,Arizona,80.0,1.0550771366894633
2022-03-12,04,Arizona,79.0,1.0418886724808452
2022-03-19,04,Arizona,104.0,1.3716002776963023
2022-03-26,04,Arizona,120.0,1.5826157050341951
2022-04-02,04,Arizona,99.0,1.305657956653211
2022-04-09,04,Arizona,116.0,1.529861848199722
2022-04-16,04,Arizona,93.0,1.2265271714015011
2022-04-23,04,Arizona,131.0,1.7276888113289963
2022-04-30,04,Arizona,156.0,2.0574004165444535
2022-05-07,04,Arizona,170.0,2.2420389154651095
2022-05-14,04,Arizona,194.0,2.5585620564719487
2022-05-21,04,Arizona,225.0,2.9674044469391156
2022-05-28,04,Arizona,199.0,2.62450437751504
2022-06-04,04,Arizona,209.0,2.756389019601223
2022-06-11,04,Arizona,93.0,1.2265271714015011
2022-06-18,04,Arizona,55.0,0.7253655314740061
2022-06-25,04,Arizona,35.0,0.46159624730164023
2022-07-02,04,Arizona,16.0,0.21101542733789266
2022-07-09,04,Arizona,14.0,0.1846384989206561
2022-07-16,04,Arizona,9.0,0.11869617787756463
2022-07-23,04,Arizona,13.0,0.1714500347120378
2022-07-30,04,Arizona,15.0,0.1978269631292744
2022-08-06,04,Arizona,5.0,0.06594232104309146
2022-08-13,04,Arizona,8.0,0.10550771366894633
2022-08-20,04,Arizona,14.0,0.1846384989206561
2022-08-27,04,Arizona,16.0,0.21101542733789266
2022-09-03,04,Arizona,14.0,0.1846384989206561
2022-09-10,04,Arizona,4.0,0.052753856834473166
2022-09-17,04,Arizona,7.0,0.09231924946032805
2022-09-24,04,Arizona,9.0,0.11869617787756463
2022-10-01,04,Arizona,10.0,0.13188464208618292
2020-10-03,10,Delaware,,
2020-10-10,10,Delaware,,
2020-10-17,10,Delaware,,
2020-10-24,10,Delaware,0.0,0.0
2020-10-31,10,Delaware,0.0,0.0
2020-11-07,10,Delaware,0.0,0.0
2020-11-14,10,Delaware,0.0,0.0
2020-11-21,10,Delaware,0.0,0.0
2020-11-28,10,Delaware,0.0,0.0
2020-12-05,10,Delaware,0.0,0.0
2020-12-12,10,Delaware,0.0,0.0
2020-12-19,10,Delaware,0.0,0.0
2020-12-26,10,Delaware,0.0,0.0
2021-01-02,10,Delaware,0.0,0.0
2021-01-09,10,Delaware,0.0,0.0
2021-01-16,10,Delaware,3.0,0.28519360367785673
2021-01-23,10,Delaware,0.0,0.0
2021-01-30,10,Delaware,0.0,0.0
2021-02-06,10,Delaware,0.0,0.0
2021-02-13,10,Delaware,0.0,0.0
2021-02-20,10,Delaware,0.0,0.0
2021-02-27,10,Delaware,0.0,0.0
2021-03-06,10,Delaware,0.0,0.0
2021-03-13,10,Delaware,0.0,0.0
2021-03-20,10,Delaware,0.0,0.0
2021-03-27,10,Delaware,0.0,0.0
2021-04-03,10,Delaware,0.0,0.0
2021-04-10,10,Delaware,0.0,0.0
2021-04-17,10,Delaware,0.0,0.0
2021-04-24,10,Delaware,2.0,0.19012906911857114
2021-05-01,10,Delaware,0.0,0.0
2021-05-08,10,Delaware,0.0,0.0
2021-05-15,10,Delaware,0.0,0.0
2021-05-22,10,Delaware,0.0,0.0
2021-05-29,10,Delaware,0.0,0.0
2021-06-05,10,Delaware,0.0,0.0
2021-06-12,10,Delaware,0.0,0.0
2021-06-19,10,Delaware,0.0,0.0
2021-06-26,10,Delaware,0.0,0.0
2021-07-03,10,Delaware,0.0,0.0
2021-07-10,10,Delaware,0.0,0.0
2021-07-17,10,Delaware,0.0,0.0
2021-07-24,10,Delaware,0.0,0.0
2021-07-31,10,Delaware,0.0,0.0
2021-08-07,10,Delaware,0.0,0.0
2021-08-14,10,Delaware,0.0,0.0
2021-08-21,10,Delaware,0.0,0.0
2021-08-28,10,Delaware,0.0,0.0
2021-09-04,10,Delaware,0.0,0.0
2021-09-11,10,Delaware,0.0,0.0
2021-09-18,10,Delaware,0.0,0.0
2021-09-25,10,Delaware,0.0,0.0
2021-10-02,10,Delaware,0.0,0.0
2021-10-09,10,Delaware,0.0,0.0
2021-10-16,10,Delaware,0.0,0.0
2021-10-23,10,Delaware,0.0,0.0
2021-10-30,10,Delaware,0.0,0.0
2021-11-06,10,Delaware,0.0,0.0
2021-11-13,10,Delaware,0.0,0.0
2021-11-20,10,Delaware,0.0,0.0
2021-11-27,10,Delaware,0.0,0.0
2021-12-04,10,Delaware,0.0,0.0
2021-12-11,10,Delaware,1.0,0.09506453455928557
2021-12-18,10,Delaware,6.0,0.5703872073557135
2021-12-25,10,Delaware,3.0,0.28519360367785673
2022-01-01,10,Delaware,10.0,0.9506453455928557
2022-01-08,10,Delaware,6.0,0.5703872073557135
2022-01-15,10,Delaware,0.0,0.0
2022-01-22,10,Delaware,0.0,0.0
2022-01-29,10,Delaware,0.0,0.0
2022-02-05,10,Delaware,0.0,0.0
2022-02-12,10,Delaware,0.0,0.0
2022-02-19,10,Delaware,0.0,0.0
2022-02-26,10,Delaware,0.0,0.0
2022-03-05,10,Delaware,1.0,0.09506453455928557
2022-03-12,10,Delaware,7.0,0.665451741914999
2022-03-19,10,Delaware,4.0,0.3802581382371423
2022-03-26,10,Delaware,4.0,0.3802581382371423
2022-04-02,10,Delaware,3.0,0.28519360367785673
2022-04-09,10,Delaware,7.0,0.665451741914999
2022-04-16,10,Delaware,38.0,3.612452313252852
2022-04-23,10,Delaware,17.0,1.6160970875078546
2022-04-30,10,Delaware,7.0,0.665451741914999
2022-05-07,10,Delaware,4.0,0.3802581382371423
2022-05-14,10,Delaware,3.0,0.28519360367785673
2022-05-21,10,Delaware,4.0,0.3802581382371423
2022-05-28,10,Delaware,3.0,0.28519360367785673
2022-06-04,10,Delaware,9.0,0.8555808110335701
2022-06-11,10,Delaware,6.0,0.5703872073557135
2022-06-18,10,Delaware,1.0,0.09506453455928557
2022-06-25,10,Delaware,2.0,0.19012906911857114
2022-07-02,10,Delaware,0.0,0.0
2022-07-09,10,Delaware,0.0,0.0
2022-07-16,10,Delaware,1.0,0.09506453455928557
2022-07-23,10,Delaware,0.0,0.0
2022-07-30,10,Delaware,0.0,0.0
2022-08-06,10,Delaware,0.0,0.0
2022-08-13,10,Delaware,0.0,0.0
2022-08-20,10,Delaware,0.0,0.0
2022-08-27,10,Delaware,0.0,0.0
2022-09-03,10,Delaware,1.0,0.09506453455928557
2022-09-10,10,Delaware,0.0,0.0
2022-09-17,10,Delaware,2.0,0.19012906911857114
2022-09-24,10,Delaware,0.0,0.0
2022-10-01,10,Delaware,0.0,0.0
2024-10-05,10,Delaware,0.0,0.0
2024-10-12,10,Delaware,0.0,0.0
2024-10-19,10,Delaware,0.0,0.0
2024-10-26,10,Delaware,0.0,0.0
2024-11-02,10,Delaware,0.0,0.0
2024-11-09,10,Delaware,1.0,0.09506453455928557
2024-11-16,10,Delaware,4.0,0.3802581382371423
2024-11-23,10,Delaware,7.0,0.665451741914999
2024-11-30,10,Delaware,5.0,0.47532267279642787
2024-12-07,10,Delaware,15.0,1.4259680183892836
2024-12-14,10,Delaware,15.0,1.4259680183892836
2024-12-21,10,Delaware,43.0,4.087774986049279
2024-12-28,10,Delaware,96.0,9.126195317691415
2025-01-04,10,Delaware,185.0,17.58693889346783
2025-01-11,10,Delaware,108.0,10.266969732402842
2025-01-18,10,Delaware,94.0,8.936066248572844
2025-01-25,10,Delaware,117.0,11.122550543436413
2025-02-01,10,Delaware,198.0,18.822777842738542
2025-02-08,10,Delaware,231.0,21.959907483194968
2025-02-15,10,Delaware,230.0,21.86484294863568
2025-02-22,10,Delaware,164.0,15.590583667722834
2025-03-01,10,Delaware,125.0,11.883066819910697
2025-03-08,10,Delaware,81.0,7.7002272993021315
2025-03-15,10,Delaware,64.0,6.084130211794276
2025-03-22,10,Delaware,48.0,4.563097658845708
2025-03-29,10,Delaware,34.0,3.2321941750157093
2025-04-05,10,Delaware,24.0,2.281548829422854
2025-04-12,10,Delaware,14.0,1.330903483829998
2025-04-19,10,Delaware,10.0,0.9506453455928557
2025-04-26,10,Delaware,4.0,0.3802581382371423
2025-05-03,10,Delaware,10.0,0.9506453455928557
2025-05-10,10,Delaware,5.0,0.47532267279642787
2025-05-17,10,Delaware,0.0,0.0
2025-05-24,10,Delaware,1.0,0.09506453455928557
2025-05-31,10,Delaware,0.0,0.0
2025-06-07,10,Delaware,0.0,0.0
2025-06-14,10,Delaware,5.0,0.47532267279642787
2025-06-21,10,Delaware,3.0,0.28519360367785673
2025-06-28,10,Delaware,1.0,0.09506453455928557
2025-07-05,10,Delaware,3.0,0.28519360367785673
2025-07-12,10,Delaware,2.0,0.19012906911857114
2025-07-19,10,Delaware,1.0,0.09506453455928557
2025-07-26,10,Delaware,0.0,0.0
2025-08-02,10,Delaware,0.0,0.0
2025-08-09,10,Delaware,0.0,0.0
2025-08-16,10,Delaware,0.0,0.0
2025-08-23,10,Delaware,0.0,0.0
2025-08-30,10,Delaware,2.0,0.19012906911857114
2025-09-06,10,Delaware,0.0,0.0
2025-09-13,10,Delaware,0.0,0.0
2025-09-20,10,Delaware,2.0,0.19012906911857114
2025-09-27,10,Delaware,0.0,0.0
2024-10-05,12,Florida,53.0,0.22676498568920403
2024-10-12,12,Florida,17.0,0.07273593880597111
2024-10-19,12,Florida,134.0,0.5733303411764782
2024-10-26,12,Florida,114.0,0.487758648463571
2024-11-02,12,Florida,114.0,0.487758648463571
2024-11-09,12,Florida,365.0,1.5616833920105562
2024-11-16,12,Florida,386.0,1.6515336693591087
2024-11-23,12,Florida,443.0,1.895412993590894
2024-11-30,12,Florida,612.0,2.6184937970149598
2024-12-07,12,Florida,714.0,3.0549094298507864
2024-12-14,12,Florida,891.0,3.812218910360015
2024-12-21,12,Florida,1261.0,5.395295225548798
2024-12-28,12,Florida,2077.0,8.886620288235411
2025-01-04,12,Florida,2871.0,12.283816488937827
2025-01-11,12,Florida,2454.0,10.499646695873711
2025-01-18,12,Florida,2708.0,11.586407193327632
2025-01-25,12,Florida,3241.0,13.866892804126609
2025-02-01,12,Florida,3787.0,16.203000015188977
2025-02-08,12,Florida,3349.0,14.328979944776307
2025-02-15,12,Florida,2614.0,11.18422023757697
2025-02-22,12,Florida,2076.0,8.882341703599765
2025-03-01,12,Florida,1630.0,6.974092956101935
2025-03-08,12,Florida,1322.0,5.656288888323165
2025-03-15,12,Florida,1107.0,4.736393191659412
2025-03-22,12,Florida,920.0,3.9362978647937306
2025-03-29,12,Florida,724.0,3.09769527620724
2025-04-05,12,Florida,591.0,2.5286435196664074
2025-04-12,12,Florida,409.0,1.749941115978952
2025-04-19,12,Florida,343.0,1.4675545300263582
2025-04-26,12,Florida,268.0,1.1466606823529564
2025-05-03,12,Florida,241.0,1.0311388971905315
2025-05-10,12,Florida,239.0,1.0225817279192408
2025-05-17,12,Florida,219.0,0.9370100352063336
2025-05-24,12,Florida,215.0,0.9198956966637523
2025-05-31,12,Florida,232.0,0.9926316354697233
2025-06-07,12,Florida,212.0,0.9070599427568161
2025-06-14,12,Florida,227.0,0.9712387122914965
2025-06-21,12,Florida,217.0,0.928452865935043
2025-06-28,12,Florida,193.0,0.8257668346795544
2025-07-05,12,Florida,181.0,0.77442381905181
2025-07-12,12,Florida,177.0,0.7573094805092286
2025-07-19,12,Florida,170.0,0.7273593880597111
2025-07-26,12,Florida,173.0,0.7401951419666472
2025-08-02,12,Florida,151.0,0.6460662799824493
2025-08-09,12,Florida,132.0,0.5647731719051874
2025-08-16,12,Florida,139.0,0.5947232643547049
2025-08-23,12,Florida,124.0,0.5305444948200245
2025-08-30,12,Florida,187.0,0.8000953268656822
2025-09-06,12,Florida,185.0,0.7915381575943915
2025-09-13,12,Florida,145.0,0.6203947721685771
2025-09-20,12,Florida,150.0,0.6417876953468039
2025-09-27,12,Florida,181.0,0.77442381905181
2021-10-09,20,Kansas,4.0,0.1346526600969634
2021-10-16,20,Kansas,7.0,0.23564215516968592
2021-10-23,20,Kansas,7.0,0.23564215516968592
2021-10-30,20,Kansas,2.0,0.0673263300484817
2021-11-06,20,Kansas,0.0,0.0
2021-11-13,20,Kansas,6.0,0.20197899014544507
2021-11-20,20,Kansas,2.0,0.0673263300484817
2021-11-27,20,Kansas,0.0,0.0
2021-12-04,20,Kansas,2.0,0.0673263300484817
2021-12-11,20,Kansas,6.0,0.20197899014544507
2021-12-18,20,Kansas,10.0,0.33663165024240843
2021-12-25,20,Kansas,14.0,0.47128431033937185
2022-01-01,20,Kansas,31.0,1.0435581157514662
2022-01-08,20,Kansas,54.0,1.8178109113090057
2022-01-15,20,Kansas,32.0,1.0772212807757071
2022-01-22,20,Kansas,18.0,0.6059369704363352
2022-01-29,20,Kansas,6.0,0.20197899014544507
2022-02-05,20,Kansas,9.0,0.3029684852181676
2022-02-12,20,Kansas,22.0,0.7405896305332986
2022-02-19,20,Kansas,25.0,0.8415791256060211
2022-02-26,20,Kansas,34.0,1.1445476108241888
2022-03-05,20,Kansas,28.0,0.9425686206787437
2022-03-12,20,Kansas,40.0,1.3465266009696337
2022-03-19,20,Kansas,31.0,1.0435581157514662
2022-03-26,20,Kansas,49.0,1.6494950861878015
2022-04-02,20,Kansas,28.0,0.9425686206787437
2022-04-09,20,Kansas,32.0,1.0772212807757071
2022-04-16,20,Kansas,19.0,0.639600135460576
2022-04-23,20,Kansas,26.0,0.8752422906302619
2022-04-30,20,Kansas,19.0,0.639600135460576
2022-05-07,20,Kansas,8.0,0.2693053201939268
2022-05-14,20,Kansas,7.0,0.23564215516968592
2022-05-21,20,Kansas,7.0,0.23564215516968592
2022-05-28,20,Kansas,2.0,0.0673263300484817
2022-06-04,20,Kansas,2.0,0.0673263300484817
2022-06-11,20,Kansas,2.0,0.0673263300484817
2022-06-18,20,Kansas,0.0,0.0
2022-06-25,20,Kansas,3.0,0.10098949507272253
2022-07-02,20,Kansas,4.0,0.1346526600969634
2022-07-09,20,Kansas,3.0,0.10098949507272253
2022-07-16,20,Kansas,0.0,0.0
2022-07-23,20,Kansas,2.0,0.0673263300484817
2022-07-30,20,Kansas,3.0,0.10098949507272253
2022-08-06,20,Kansas,2.0,0.0673263300484817
2022-08-13,20,Kansas,1.0,0.03366316502424085
2022-08-20,20,Kansas,2.0,0.0673263300484817
2022-08-27,20,Kansas,1.0,0.03366316502424085
2022-09-03,20,Kansas,0.0,0.0
2022-09-10,20,Kansas,1.0,0.03366316502424085
2022-09-17,20,Kansas,0.0,0.0
2022-09-24,20,Kansas,1.0,0.03366316502424085
2022-10-01,20,Kansas,1.0,0.03366316502424085
2022-10-08,22,Louisiana,67.0,1.4572376863415504
2022-10-15,22,Louisiana,98.0,2.131481988977193
2022-10-22,22,Louisiana,129.0,2.805726291612836
2022-10-29,22,Louisiana,235.0,5.111206810302453
2022-11-05,22,Louisiana,221.0,4.806709383305711
2022-11-12,22,Louisiana,227.0,4.937208280590029
2022-11-19,22,Louisiana,237.0,5.154706442730559
2022-11-26,22,Louisiana,330.0,7.177439350637487
2022-12-03,22,Louisiana,452.0,9.830916928751952
2022-12-10,22,Louisiana,382.0,8.308429793768243
2022-12-17,22,Louisiana,180.0,3.9149669185295384
2022-12-24,22,Louisiana,155.0,3.3712215131782135
2022-12-31,22,Louisiana,166.0,3.6104694915327964
2023-01-07,22,Louisiana,171.0,3.7192185726030615
2023-01-14,22,Louisiana,85.0,1.8487343781945043
2023-01-21,22,Louisiana,83.0,1.8052347457663982
2023-01-28,22,Louisiana,42.0,0.9134922809902256
2023-02-04,22,Louisiana,94.0,2.0444827241209813
2023-02-11,22,Louisiana,50.0,1.0874908107026495
2023-02-18,22,Louisiana,33.0,0.7177439350637487
2023-02-25,22,Louisiana,22.0,0.4784959567091658
2023-03-04,22,Louisiana,25.0,0.5437454053513248
2023-03-11,22,Louisiana,22.0,0.4784959567091658
2023-03-18,22,Louisiana,17.0,0.36974687563890085
2023-03-25,22,Louisiana,23.0,0.5002457729232188
2023-04-01,22,Louisiana,27.0,0.5872450377794307
2023-04-08,22,Louisiana,18.0,0.3914966918529538
2023-04-15,22,Louisiana,14.0,0.30449742699674187
2023-04-22,22,Louisiana,21.0,0.4567461404951128
2023-04-29,22,Louisiana,20.0,0.43499632428105983
2023-05-06,22,Louisiana,10.0,0.21749816214052992
2023-05-13,22,Louisiana,18.0,0.3914966918529538
2023-05-20,22,Louisiana,17.0,0.36974687563890085
2023-05-27,22,Louisiana,11.0,0.2392479783545829
2023-06-03,22,Louisiana,14.0,0.30449742699674187
2023-06-10,22,Louisiana,14.0,0.30449742699674187
2023-06-17,22,Louisiana,10.0,0.21749816214052992
2023-06-24,22,Louisiana,8.0,0.17399852971242394
2023-07-01,22,Louisiana,16.0,0.3479970594248479
2023-07-08,22,Louisiana,13.0,0.2827476107826889
2023-07-15,22,Louisiana,6.0,0.13049889728431796
2023-07-22,22,Louisiana,7.0,0.15224871349837094
2023-07-29,22,Louisiana,12.0,0.2609977945686359
2023-08-05,22,Louisiana,11.0,0.2392479783545829
2023-08-12,22,Louisiana,7.0,0.15224871349837094
2023-08-19,22,Louisiana,11.0,0.2392479783545829
2023-08-26,22,Louisiana,11.0,0.2392479783545829
2023-09-02,22,Louisiana,14.0,0.30449742699674187
2023-09-09,22,Louisiana,11.0,0.2392479783545829
2023-09-16,22,Louisiana,13.0,0.2827476107826889
2023-09-23,22,Louisiana,18.0,0.3914966918529538
2023-09-30,22,Louisiana,16.0,0.3479970594248479
2024-10-05,30,Montana,0.0,0.0
2024-10-12,30,Montana,0.0,0.0
2024-10-19,30,Montana,2.0,0.17586545589162467
2024-10-26,30,Montana,0.0,0.0
2024-11-02,30,Montana,0.0,0.0
2024-11-09,30,Montana,0.0,0.0
2024-11-16,30,Montana,4.0,0.35173091178324933
2024-11-23,30,Montana,1.0,0.08793272794581233
2024-11-30,30,Montana,2.0,0.17586545589162467
2024-12-07,30,Montana,2.0,0.17586545589162467
2024-12-14,30,Montana,6.0,0.5275963676748741
2024-12-21,30,Montana,27.0,2.374183654536933
2024-12-28,30,Montana,60.0,5.275963676748741
2025-01-04,30,Montana,71.0,6.243223684152676
2025-01-11,30,Montana,65.0,5.715627316477802
2025-01-18,30,Montana,80.0,7.034618235664987
2025-01-25,30,Montana,68.0,5.979425500315239
2025-02-01,30,Montana,109.0,9.584667346093545
2025-02-08,30,Montana,161.0,14.157169199275787
2025-02-15,30,Montana,159.0,13.981303743384162
2025-02-22,30,Montana,208.0,18.290007412728965
2025-03-01,30,Montana,191.0,16.795151037650157
2025-03-08,30,Montana,159.0,13.981303743384162
2025-03-15,30,Montana,125.0,10.991590993226541
2025-03-22,30,Montana,91.0,8.001878243068923
2025-03-29,30,Montana,59.0,5.188030948802928
2025-04-05,30,Montana,32.0,2.8138472942659947
2025-04-12,30,Montana,34.0,2.9897127501576195
2025-04-19,30,Montana,22.0,1.9345200148078714
2025-04-26,30,Montana,11.0,0.9672600074039357
2025-05-03,30,Montana,6.0,0.5275963676748741
2025-05-10,30,Montana,0.0,0.0
2025-05-17,30,Montana,0.0,0.0
2025-05-24,30,Montana,2.0,0.17586545589162467
2025-05-31,30,Montana,4.0,0.35173091178324933
2025-06-07,30,Montana,2.0,0.17586545589162467
2025-06-14,30,Montana,1.0,0.08793272794581233
2025-06-21,30,Montana,2.0,0.17586545589162467
2025-06-28,30,Montana,1.0,0.08793272794581233
2025-07-05,30,Montana,2.0,0.17586545589162467
2025-07-12,30,Montana,3.0,0.26379818383743703
2025-07-19,30,Montana,2.0,0.17586545589162467
2025-07-26,30,Montana,0.0,0.0
2025-08-02,30,Montana,0.0,0.0
2025-08-09,30,Montana,1.0,0.08793272794581233
2025-08-16,30,Montana,1.0,0.08793272794581233
2025-08-23,30,Montana,0.0,0.0
2025-08-30,30,Montana,3.0,0.26379818383743703
2025-09-06,30,Montana,5.0,0.4396636397290617
2025-09-13,30,Montana,1.0,0.08793272794581233
2025-09-20,30,Montana,0.0,0.0
2025-09-27,30,Montana,0.0,0.0
2020-10-03,33,New Hampshire,,
2020-10-10,33,New Hampshire,,
2020-10-17,33,New Hampshire,0.0,0.0
2020-10-24,33,New Hampshire,0.0,0.0
2020-10-31,33,New Hampshire,0.0,0.0
2020-11-07,33,New Hampshire,0.0,0.0
2020-11-14,33,New Hampshire,0.0,0.0
2020-11-21,33,New Hampshire,1.0,0.07097070896899432
2020-11-28,33,New Hampshire,0.0,0.0
2020-12-05,33,New Hampshire,0.0,0.0
2020-12-12,33,New Hampshire,0.0,0.0
2020-12-19,33,New Hampshire,0.0,0.0
2020-12-26,33,New Hampshire,0.0,0.0
2021-01-02,33,New Hampshire,1.0,0.07097070896899432
2021-01-09,33,New Hampshire,0.0,0.0
2021-01-16,33,New Hampshire,0.0,0.0
2021-01-23,33,New Hampshire,1.0,0.07097070896899432
2021-01-30,33,New Hampshire,1.0,0.07097070896899432
2021-02-06,33,New Hampshire,0.0,0.0
2021-02-13,33,New Hampshire,1.0,0.07097070896899432
2021-02-20,33,New Hampshire,1.0,0.07097070896899432
2021-02-27,33,New Hampshire,0.0,0.0
2021-03-06,33,New Hampshire,0.0,0.0
2021-03-13,33,New Hampshire,0.0,0.0
2021-03-20,33,New Hampshire,0.0,0.0
2021-03-27,33,New Hampshire,0.0,0.0
2021-04-03,33,New Hampshire,0.0,0.0
2021-04-10,33,New Hampshire,1.0,0.07097070896899432
2021-04-17,33,New Hampshire,1.0,0.07097070896899432
2021-04-24,33,New Hampshire,1.0,0.07097070896899432
2021-05-01,33,New Hampshire,0.0,0.0
2021-05-08,33,New Hampshire,3.0,0.21291212690698294
2021-05-15,33,New Hampshire,0.0,0.0
2021-05-22,33,New Hampshire,0.0,0.0
2021-05-29,33,New Hampshire,0.0,0.0
2021-06-05,33,New Hampshire,0.0,0.0
2021-06-12,33,New Hampshire,0.0,0.0
2021-06-19,33,New Hampshire,0.0,0.0
2021-06-26,33,New Hampshire,0.0,0.0
2021-07-03,33,New Hampshire,0.0,0.0
2021-07-10,33,New Hampshire,0.0,0.0
2021-07-17,33,New Hampshire,0.0,0.0
2021-07-24,33,New Hampshire,0.0,0.0
2021-07-31,33,New Hampshire,0.0,0.0
2021-08-07,33,New Hampshire,0.0,0.0
2021-08-14,33,New Hampshire,0.0,0.0
2021-08-21,33,New Hampshire,0.0,0.0
2021-08-28,33,New Hampshire,0.0,0.0
2021-09-04,33,New Hampshire,0.0,0.0
2021-09-11,33,New Hampshire,0.0,0.0
2021-09-18,33,New Hampshire,0.0,0.0
2021-09-25,33,New Hampshire,0.0,0.0
2021-10-02,33,New Hampshire,1.0,0.07097070896899432
2022-10-08,34,New Jersey,24.0,0.2526089505034865
2022-10-15,34,New Jersey,32.0,0.33681193400464865
2022-10-22,34,New Jersey,35.0,0.36838805281758447
2022-10-29,34,New Jersey,67.0,0.7051999868222331
2022-11-05,34,New Jersey,166.0,1.7472119076491148
2022-11-12,34,New Jersey,295.0,3.1049850166053545
2022-11-19,34,New Jersey,320.0,3.368119340046486
2022-11-26,34,New Jersey,513.0,5.399516317012023
2022-12-03,34,New Jersey,995.0,10.472746072957044
2022-12-10,34,New Jersey,756.0,7.957181940859824
2022-12-17,34,New Jersey,606.0,6.378376000213033
2022-12-24,34,New Jersey,522.0,5.494244673450831
2022-12-31,34,New Jersey,476.0,5.010077518319148
2023-01-07,34,New Jersey,343.0,3.6102029176123276
2023-01-14,34,New Jersey,166.0,1.7472119076491148
2023-01-21,34,New Jersey,102.0,1.0735880396398176
2023-01-28,34,New Jersey,79.0,0.8315044620739763
2023-02-04,34,New Jersey,38.0,0.3999641716305203
2023-02-11,34,New Jersey,26.0,0.273659696378777
2023-02-18,34,New Jersey,53.0,0.5578447656951993
2023-02-25,34,New Jersey,41.0,0.43154029044345604
2023-03-04,34,New Jersey,31.0,0.3262865610670034
2023-03-11,34,New Jersey,22.0,0.23155820462819593
2023-03-18,34,New Jersey,22.0,0.23155820462819593
2023-03-25,34,New Jersey,44.0,0.46311640925639186
2023-04-01,34,New Jersey,39.0,0.4104895445681655
2023-04-08,34,New Jersey,39.0,0.4104895445681655
2023-04-15,34,New Jersey,45.0,0.47364178219403713
2023-04-22,34,New Jersey,35.0,0.36838805281758447
2023-04-29,34,New Jersey,13.0,0.1368298481893885
2023-05-06,34,New Jersey,21.0,0.22103283169055066
2023-05-13,34,New Jersey,21.0,0.22103283169055066
2023-05-20,34,New Jersey,15.0,0.15788059406467905
2023-05-27,34,New Jersey,20.0,0.21050745875290539
2023-06-03,34,New Jersey,25.0,0.26313432344113175
2023-06-10,34,New Jersey,13.0,0.1368298481893885
2023-06-17,34,New Jersey,9.0,0.09472835643880743
2023-06-24,34,New Jersey,12.0,0.12630447525174324
2023-07-01,34,New Jersey,6.0,0.06315223762587162
2023-07-08,34,New Jersey,16.0,0.16840596700232432
2023-07-15,34,New Jersey,7.0,0.07367761056351689
2023-07-22,34,New Jersey,16.0,0.16840596700232432
2023-07-29,34,New Jersey,8.0,0.08420298350116216
2023-08-05,34,New Jersey,15.0,0.15788059406467905
2023-08-12,34,New Jersey,6.0,0.06315223762587162
2023-08-19,34,New Jersey,12.0,0.12630447525174324
2023-08-26,34,New Jersey,16.0,0.16840596700232432
2023-09-02,34,New Jersey,10.0,0.10525372937645269
2023-09-09,34,New Jersey,13.0,0.1368298481893885
2023-09-16,34,New Jersey,10.0,0.10525372937645269
2023-09-23,34,New Jersey,19.0,0.19998208581526014
2023-09-30,34,New Jersey,9.0,0.09472835643880743
2020-08-08,35,New Mexico,,
2020-08-15,35,New Mexico,,
2020-08-22,35,New Mexico,,
2020-08-29,35,New Mexico,,
2020-09-05,35,New Mexico,,
2020-09-12,35,New Mexico,,
2020-09-19,35,New Mexico,,
2020-09-26,35,New Mexico,,
2024-10-05,35,New Mexico,1.0,0.04694271486619449
2024-10-12,35,New Mexico,2.0,0.09388542973238898
2024-10-19,35,New Mexico,2.0,0.09388542973238898
2024-10-26,35,New Mexico,15.0,0.7041407229929173
2024-11-02,35,New Mexico,2.0,0.09388542973238898
2024-11-09,35,New Mexico,16.0,0.7510834378591118
2024-11-16,35,New Mexico,21.0,0.9857970121900842
2024-11-23,35,New Mexico,29.0,1.36133873111964
2024-11-30,35,New Mexico,55.0,2.581849317640697
2024-12-07,35,New Mexico,103.0,4.835099631218032
2024-12-14,35,New Mexico,108.0,5.069813205549004
2024-12-21,35,New Mexico,207.0,9.717141977302258
2024-12-28,35,New Mexico,234.0,10.98459527868951
2025-01-04,35,New Mexico,320.0,15.021668757182235
2025-01-11,35,New Mexico,252.0,11.82956414628101
2025-01-18,35,New Mexico,251.0,11.782621431414816
2025-01-25,35,New Mexico,196.0,9.20077211377412
2025-02-01,35,New Mexico,214.0,10.04574098136562
2025-02-08,35,New Mexico,215.0,10.092683696231814
2025-02-15,35,New Mexico,248.0,11.641793286816233
2025-02-22,35,New Mexico,248.0,11.641793286816233
2025-03-01,35,New Mexico,184.0,8.637459535379785
2025-03-08,35,New Mexico,178.0,8.355803246182619
2025-03-15,35,New Mexico,146.0,6.853636370464395
2025-03-22,35,New Mexico,110.0,5.163698635281394
2025-03-29,35,New Mexico,90.0,4.224844337957504
2025-04-05,35,New Mexico,58.0,2.72267746223928
2025-04-12,35,New Mexico,37.0,1.736880450049196
2025-04-19,35,New Mexico,31.0,1.455224160852029
2025-04-26,35,New Mexico,42.0,1.9715940243801684
2025-05-03,35,New Mexico,32.0,1.5021668757182236
2025-05-10,35,New Mexico,25.0,1.173567871654862
2025-05-17,35,New Mexico,11.0,0.5163698635281393
2025-05-24,35,New Mexico,14.0,0.6571980081267228
2025-05-31,35,New Mexico,7.0,0.3285990040633614
2025-06-07,35,New Mexico,10.0,0.46942714866194485
2025-06-14,35,New Mexico,6.0,0.2816562891971669
2025-06-21,35,New Mexico,8.0,0.3755417189295559
2025-06-28,35,New Mexico,3.0,0.14082814459858345
2025-07-05,35,New Mexico,4.0,0.18777085946477795
2025-07-12,35,New Mexico,3.0,0.14082814459858345
2025-07-19,35,New Mexico,3.0,0.14082814459858345
2025-07-26,35,New Mexico,3.0,0.14082814459858345
2025-08-02,35,New Mexico,1.0,0.04694271486619449
2025-08-09,35,New Mexico,1.0,0.04694271486619449
2025-08-16,35,New Mexico,1.0,0.04694271486619449
2025-08-23,35,New Mexico,2.0,0.09388542973238898
2025-08-30,35,New Mexico,1.0,0.04694271486619449
2025-09-06,35,New Mexico,4.0,0.18777085946477795
2025-09-13,35,New Mexico,1.0,0.04694271486619449
2025-09-20,35,New Mexico,1.0,0.04694271486619449
2025-09-27,35,New Mexico,3.0,0.14082814459858345
2022-10-08,40,Oklahoma,6.0,0.14650608622908717
2022-10-15,40,Oklahoma,14.0,0.34184753453453676
2022-10-22,40,Oklahoma,30.0,0.7325304311454358
2022-10-29,40,Oklahoma,57.0,1.3918078191763281
2022-11-05,40,Oklahoma,47.0,1.147631008794516
2022-11-12,40,Oklahoma,74.0,1.8069083968254085
2022-11-19,40,Oklahoma,149.0,3.638234474688998
2022-11-26,40,Oklahoma,341.0,8.326429234019788
2022-12-03,40,Oklahoma,771.0,18.826032080437702
2022-12-10,40,Oklahoma,807.0,19.705068597812225
2022-12-17,40,Oklahoma,764.0,18.655108313170434
2022-12-24,40,Oklahoma,679.0,16.57960542492503
2022-12-31,40,Oklahoma,708.0,17.287718175032285
2023-01-07,40,Oklahoma,502.0,12.25767588116696
2023-01-14,40,Oklahoma,273.0,6.666026923423466
2023-01-21,40,Oklahoma,168.0,4.102170414414441
2023-01-28,40,Oklahoma,94.0,2.295262017589032
2023-02-04,40,Oklahoma,86.0,2.099920569283583
2023-02-11,40,Oklahoma,54.0,1.3185547760617846
2023-02-18,40,Oklahoma,45.0,1.0987956467181539
2023-02-25,40,Oklahoma,33.0,0.8057834742599794
2023-03-04,40,Oklahoma,32.0,0.7813657932217982
2023-03-11,40,Oklahoma,19.0,0.4639359397254427
2023-03-18,40,Oklahoma,29.0,0.7081127501072547
2023-03-25,40,Oklahoma,23.0,0.5616066638781675
2023-04-01,40,Oklahoma,20.0,0.48835362076362393
2023-04-08,40,Oklahoma,23.0,0.5616066638781675
2023-04-15,40,Oklahoma,19.0,0.4639359397254427
2023-04-22,40,Oklahoma,15.0,0.3662652155727179
2023-04-29,40,Oklahoma,21.0,0.5127713018018051
2023-05-06,40,Oklahoma,10.0,0.24417681038181197
2023-05-13,40,Oklahoma,15.0,0.3662652155727179
2023-05-20,40,Oklahoma,23.0,0.5616066638781675
2023-05-27,40,Oklahoma,20.0,0.48835362076362393
2023-06-03,40,Oklahoma,12.0,0.29301217245817435
2023-06-10,40,Oklahoma,10.0,0.24417681038181197
2023-06-17,40,Oklahoma,15.0,0.3662652155727179
2023-06-24,40,Oklahoma,9.0,0.21975912934363076
2023-07-01,40,Oklahoma,13.0,0.31742985349635555
2023-07-08,40,Oklahoma,12.0,0.29301217245817435
2023-07-15,40,Oklahoma,8.0,0.19534144830544956
2023-07-22,40,Oklahoma,13.0,0.31742985349635555
2023-07-29,40,Oklahoma,14.0,0.34184753453453676
2023-08-05,40,Oklahoma,6.0,0.14650608622908717
2023-08-12,40,Oklahoma,11.0,0.26859449141999314
2023-08-19,40,Oklahoma,21.0,0.5127713018018051
2023-08-26,40,Oklahoma,13.0,0.31742985349635555
2023-09-02,40,Oklahoma,16.0,0.3906828966108991
2023-09-09,40,Oklahoma,16.0,0.3906828966108991
2023-09-16,40,Oklahoma,16.0,0.3906828966108991
2023-09-23,40,Oklahoma,17.0,0.4151005776490803
2023-09-30,40,Oklahoma,26.0,0.6348597069927111
2020-10-03,72,Puerto Rico,,
2020-10-10,72,Puerto Rico,,
2020-10-17,72,Puerto Rico,,
2020-10-24,72,Puerto Rico,16.0,0.49948568583286895
2020-10-31,72,Puerto Rico,22.0,0.6867928180201949
2020-11-07,72,Puerto Rico,11.0,0.34339640901009744
2020-11-14,72,Puerto Rico,18.0,0.5619213965619776
2020-11-21,72,Puerto Rico,30.0,0.9365356609366293
2020-11-28,72,Puerto Rico,37.0,1.1550606484885095
2020-12-05,72,Puerto Rico,15.0,0.46826783046831466
2020-12-12,72,Puerto Rico,22.0,0.6867928180201949
2020-12-19,72,Puerto Rico,28.0,0.8740999502075207
2020-12-26,72,Puerto Rico,10.0,0.3121785536455431
2021-01-02,72,Puerto Rico,7.0,0.21852498755188018
2021-01-09,72,Puerto Rico,16.0,0.49948568583286895
2021-01-16,72,Puerto Rico,20.0,0.6243571072910862
2021-01-23,72,Puerto Rico,15.0,0.46826783046831466
2021-01-30,72,Puerto Rico,26.0,0.811664239478412
2021-02-06,72,Puerto Rico,16.0,0.49948568583286895
2021-02-13,72,Puerto Rico,13.0,0.405832119739206
2021-02-20,72,Puerto Rico,16.0,0.49948568583286895
2021-02-27,72,Puerto Rico,17.0,0.5307035411974232
2021-03-06,72,Puerto Rico,30.0,0.9365356609366293
2021-03-13,72,Puerto Rico,36.0,1.1238427931239552
2021-03-20,72,Puerto Rico,44.0,1.3735856360403897
2021-03-27,72,Puerto Rico,28.0,0.8740999502075207
2021-04-03,72,Puerto Rico,12.0,0.37461426437465173
2021-04-10,72,Puerto Rico,27.0,0.8428820948429664
2021-04-17,72,Puerto Rico,28.0,0.8740999502075207
2021-04-24,72,Puerto Rico,25.0,0.7804463841138578
2021-05-01,72,Puerto Rico,46.0,1.4360213467694982
2021-05-08,72,Puerto Rico,24.0,0.7492285287493035
2021-05-15,72,Puerto Rico,13.0,0.405832119739206
2021-05-22,72,Puerto Rico,14.0,0.43704997510376037
2021-05-29,72,Puerto Rico,6.0,0.18730713218732586
2021-06-05,72,Puerto Rico,5.0,0.15608927682277154
2021-06-12,72,Puerto Rico,9.0,0.2809606982809888
2021-06-19,72,Puerto Rico,16.0,0.49948568583286895
2021-06-26,72,Puerto Rico,19.0,0.5931392519265319
2021-07-03,72,Puerto Rico,18.0,0.5619213965619776
2021-07-10,72,Puerto Rico,21.0,0.6555749626556405
2021-07-17,72,Puerto Rico,13.0,0.405832119739206
2021-07-24,72,Puerto Rico,19.0,0.5931392519265319
2021-07-31,72,Puerto Rico,12.0,0.37461426437465173
2021-08-07,72,Puerto Rico,23.0,0.7180106733847491
2021-08-14,72,Puerto Rico,21.0,0.6555749626556405
2021-08-21,72,Puerto Rico,27.0,0.8428820948429664
2021-08-28,72,Puerto Rico,33.0,1.0301892270302921
2021-09-04,72,Puerto Rico,23.0,0.7180106733847491
2021-09-11,72,Puerto Rico,20.0,0.6243571072910862
2021-09-18,72,Puerto Rico,29.0,0.905317805572075
2021-09-25,72,Puerto Rico,17.0,0.5307035411974232
2021-10-02,72,Puerto Rico,22.0,0.6867928180201949
2023-10-07,,,24.0,
2023-10-14,,,35.0,
2023-10-21,,,42.0,
2023-10-28,,,56.0,
2023-11-04,,,61.0,
2023-11-11,,,71.0,
2023-11-18,,,78.0,
2023-11-25,,,69.0,
2023-12-02,,,125.0,
2023-12-09,,,186.0,
2023-12-16,,,225.0,
2023-12-23,,,378.0,
2023-12-30,,,525.0,
2024-01-06,,,513.0,
2024-01-13,,,384.0,
2024-01-20,,,327.0,
2024-01-27,,,294.0,
2024-02-03,,,268.0,
2024-02-10,,,239.0,
2024-02-17,,,199.0,
2024-02-24,,,280.0,
2024-03-02,,,223.0,
2024-03-09,,,210.0,
2024-03-16,,,230.0,
2024-03-23,,,243.0,
2024-03-30,,,173.0,
2024-04-06,,,132.0,
2024-04-13,,,91.0,
2024-04-20,,,75.0,
2024-04-27,,,88.0,
2024-05-04,,,47.0,
2024-05-11,,,52.0,
2024-05-18,,,34.0,
2024-05-25,,,37.0,
2024-06-01,,,41.0,
2024-06-08,,,58.0,
2024-06-15,,,29.0,
2024-06-22,,,48.0,
2024-06-29,,,37.0,
2024-07-06,,,25.0,
2024-07-13,,,21.0,
2024-07-20,,,12.0,
2024-07-27,,,8.0,
2024-08-03,,,3.0,
2024-08-10,,,6.0,
2024-08-17,,,12.0,
2024-08-24,,,7.0,
2024-08-31,,,9.0,
2024-09-07,,,11.0,
2024-09-14,,,10.0,
2024-09-21,,,12.0,
2024-09-28,,,7.0,
2020-10-03,,,0.0,
2020-10-10,,,0.0,
2020-10-17,,,1.0,
2020-10-24,,,78.0,
2020-10-31,,,114.0,
2020-11-07,,,128.0,
2020-11-14,,,180.0,
2020-11-21,,,167.0,
2020-11-28,,,164.0,
2020-12-05,,,128.0,
2020-12-12,,,119.0,
2020-12-19,,,171.0,
2020-12-26,,,187.0,
2021-01-02,,,152.0,
2021-01-09,,,166.0,
2021-01-16,,,228.0,
2021-01-23,,,150.0,
2021-01-30,,,205.0,
2021-02-06,,,169.0,
2021-02-13,,,163.0,
2021-02-20,,,163.0,
2021-02-27,,,132.0,
2021-03-06,,,144.0,
2021-03-13,,,136.0,
2021-03-20,,,167.0,
2021-03-27,,,144.0,
2021-04-03,,,125.0,
2021-04-10,,,96.0,
2021-04-17,,,119.0,
2021-04-24,,,203.0,
2021-05-01,,,194.0,
2021-05-08,,,138.0,
2021-05-15,,,116.0,
2021-05-22,,,114.0,
2021-05-29,,,82.0,
2021-06-05,,,100.0,
2021-06-12,,,80.0,
2021-06-19,,,57.0,
2021-06-26,,,55.0,
2021-07-03,,,70.0,
2021-07-10,,,44.0,
2021-07-17,,,88.0,
2021-07-24,,,73.0,
2021-07-31,,,104.0,
2021-08-07,,,99.0,
2021-08-14,,,105.0,
2021-08-21,,,100.0,
2021-08-28,,,105.0,
2021-09-04,,,131.0,
2021-09-11,,,110.0,
2021-09-18,,,109.0,
2021-09-25,,,76.0,
2021-10-02,,,76.0,
2025-10-04,,,156.0,
2025-10-11,,,186.0,
2025-10-18,,,190.0,
2025-10-25,,,218.0,
2025-11-01,,,241.0,
2025-11-08,,,349.0,
2025-11-15,,,453.0,
2025-11-22,,,609.0,
2025-11-29,,,845.0,
2025-12-06,,,986.0,
2025-12-13,,,1416.0,
2025-12-20,,,2504.0,
2025-12-27,,,4436.0,
2026-01-03,,,3978.0,
2026-01-10,,,2844.0,
2026-01-17,,,1959.0,
2026-01-24,,,2171.0,
2026-01-31,,,2184.0,
2026-02-07,,,2284.0,
2026-02-14,,,2380.0,
2026-02-21,,,1898.0,
2026-02-28,,,1394.0,
2026-03-07,,,1234.0,
2026-03-14,,,823.0,
2026-03-21,,,669.0,
2026-03-28,,,346.0,
2026-04-04,,,276.0,
2026-04-11,,,170.0,
2026-04-18,,,141.0,
2024-10-05,51,Virginia,6.0,0.06809519026647351
2024-10-12,51,Virginia,19.0,0.2156347691771661
2024-10-19,51,Virginia,15.0,0.17023797566618376
2024-10-26,51,Virginia,10.0,0.11349198377745584
2024-11-02,51,Virginia,16.0,0.18158717404392935
2024-11-09,51,Virginia,26.0,0.29507915782138516
2024-11-16,51,Virginia,26.0,0.29507915782138516
2024-11-23,51,Virginia,35.0,0.39722194322109544
2024-11-30,51,Virginia,46.0,0.5220631253762968
2024-12-07,51,Virginia,69.0,0.7830946880644453
2024-12-14,51,Virginia,140.0,1.5888877728843818
2024-12-21,51,Virginia,192.0,2.1790460885271523
2024-12-28,51,Virginia,374.0,4.244600193276848
2025-01-04,51,Virginia,669.0,7.592613714711796
2025-01-11,51,Virginia,464.0,5.266028047273951
2025-01-18,51,Virginia,493.0,5.595154800228573
2025-01-25,51,Virginia,685.0,7.774200888755725
2025-02-01,51,Virginia,1083.0,12.291181843098467
2025-02-08,51,Virginia,1315.0,14.924195866735444
2025-02-15,51,Virginia,1190.0,13.505546069517244
2025-02-22,51,Virginia,909.0,10.316421325370737
2025-03-01,51,Virginia,727.0,8.25086722062104
2025-03-08,51,Virginia,556.0,6.310154298026545
2025-03-15,51,Virginia,514.0,5.83348796616123
2025-03-22,51,Virginia,339.0,3.847378250055753
2025-03-29,51,Virginia,213.0,2.417379254459809
2025-04-05,51,Virginia,153.0,1.7364273517950743
2025-04-12,51,Virginia,93.0,1.0554754491303393
2025-04-19,51,Virginia,56.0,0.6355551091537527
2025-04-26,51,Virginia,54.0,0.6128567123982616
2025-05-03,51,Virginia,40.0,0.45396793510982336
2025-05-10,51,Virginia,35.0,0.39722194322109544
2025-05-17,51,Virginia,16.0,0.18158717404392935
2025-05-24,51,Virginia,33.0,0.37452354646560426
2025-05-31,51,Virginia,27.0,0.3064283561991308
2025-06-07,51,Virginia,20.0,0.22698396755491168
2025-06-14,51,Virginia,19.0,0.2156347691771661
2025-06-21,51,Virginia,11.0,0.12484118215520142
2025-06-28,51,Virginia,12.0,0.13619038053294702
2025-07-05,51,Virginia,14.0,0.15888877728843817
2025-07-12,51,Virginia,10.0,0.11349198377745584
2025-07-19,51,Virginia,5.0,0.05674599188872792
2025-07-26,51,Virginia,12.0,0.13619038053294702
2025-08-02,51,Virginia,10.0,0.11349198377745584
2025-08-09,51,Virginia,10.0,0.11349198377745584
2025-08-16,51,Virginia,9.0,0.10214278539971025
2025-08-23,51,Virginia,8.0,0.09079358702196468
2025-08-30,51,Virginia,9.0,0.10214278539971025
2025-09-06,51,Virginia,12.0,0.13619038053294702
2025-09-13,51,Virginia,12.0,0.13619038053294702
2025-09-20,51,Virginia,12.0,0.13619038053294702
2025-09-27,51,Virginia,15.0,0.17023797566618376
2020-10-03,50,Vermont,,
2020-10-10,50,Vermont,,
2020-10-17,50,Vermont,,
2020-10-24,50,Vermont,0.0,0.0
2020-10-31,50,Vermont,0.0,0.0
2020-11-07,50,Vermont,0.0,0.0
2020-11-14,50,Vermont,1.0,0.1542036691221031
2020-11-21,50,Vermont,1.0,0.1542036691221031
2020-11-28,50,Vermont,0.0,0.0
2020-12-05,50,Vermont,0.0,0.0
2020-12-12,50,Vermont,0.0,0.0
2020-12-19,50,Vermont,0.0,0.0
2020-12-26,50,Vermont,0.0,0.0
2021-01-02,50,Vermont,0.0,0.0
2021-01-09,50,Vermont,0.0,0.0
2021-01-16,50,Vermont,0.0,0.0
2021-01-23,50,Vermont,0.0,0.0
2021-01-30,50,Vermont,0.0,0.0
2021-02-06,50,Vermont,1.0,0.1542036691221031
2021-02-13,50,Vermont,0.0,0.0
2021-02-20,50,Vermont,0.0,0.0
2021-02-27,50,Vermont,0.0,0.0
2021-03-06,50,Vermont,0.0,0.0
2021-03-13,50,Vermont,0.0,0.0
2021-03-20,50,Vermont,0.0,0.0
2021-03-27,50,Vermont,0.0,0.0
2021-04-03,50,Vermont,1.0,0.1542036691221031
2021-04-10,50,Vermont,0.0,0.0
2021-04-17,50,Vermont,2.0,0.3084073382442062
2021-04-24,50,Vermont,0.0,0.0
2021-05-01,50,Vermont,0.0,0.0
2021-05-08,50,Vermont,3.0,0.4626110073663093
2021-05-15,50,Vermont,0.0,0.0
2021-05-22,50,Vermont,0.0,0.0
2021-05-29,50,Vermont,0.0,0.0
2021-06-05,50,Vermont,0.0,0.0
2021-06-12,50,Vermont,0.0,0.0
2021-06-19,50,Vermont,0.0,0.0
2021-06-26,50,Vermont,0.0,0.0
2021-07-03,50,Vermont,0.0,0.0
2021-07-10,50,Vermont,0.0,0.0
2021-07-17,50,Vermont,0.0,0.0
2021-07-24,50,Vermont,0.0,0.0
2021-07-31,50,Vermont,0.0,0.0
2021-08-07,50,Vermont,0.0,0.0
2021-08-14,50,Vermont,0.0,0.0
2021-08-21,50,Vermont,0.0,0.0
2021-08-28,50,Vermont,2.0,0.3084073382442062
2021-09-04,50,Vermont,0.0,0.0
2021-09-11,50,Vermont,0.0,0.0
2021-09-18,50,Vermont,0.0,0.0
2021-09-25,50,Vermont,0.0,0.0
2021-10-02,50,Vermont,0.0,0.0
2023-10-07,50,Vermont,0.0,0.0
2023-10-14,50,Vermont,0.0,0.0
2023-10-21,50,Vermont,2.0,0.3084073382442062
2023-10-28,50,Vermont,0.0,0.0
2023-11-04,50,Vermont,0.0,0.0
2023-11-11,50,Vermont,2.0,0.3084073382442062
2023-11-18,50,Vermont,5.0,0.7710183456105154
2023-11-25,50,Vermont,3.0,0.4626110073663093
2023-12-02,50,Vermont,3.0,0.4626110073663093
2023-12-09,50,Vermont,8.0,1.2336293529768247
2023-12-16,50,Vermont,8.0,1.2336293529768247
2023-12-23,50,Vermont,12.0,1.8504440294652371
2023-12-30,50,Vermont,19.0,2.9298697133199587
2024-01-06,50,Vermont,15.0,2.3130550368315466
2024-01-13,50,Vermont,24.0,3.7008880589304742
2024-01-20,50,Vermont,26.0,4.0092953971746805
2024-01-27,50,Vermont,21.0,3.238277051564165
2024-02-03,50,Vermont,18.0,2.775666044197856
2024-02-10,50,Vermont,20.0,3.0840733824420616
2024-02-17,50,Vermont,21.0,3.238277051564165
2024-02-24,50,Vermont,26.0,4.0092953971746805
2024-03-02,50,Vermont,30.0,4.626110073663093
2024-03-09,50,Vermont,29.0,4.47190640454099
2024-03-16,50,Vermont,24.0,3.7008880589304742
2024-03-23,50,Vermont,18.0,2.775666044197856
2024-03-30,50,Vermont,15.0,2.3130550368315466
2024-04-06,50,Vermont,9.0,1.387833022098928
2024-04-13,50,Vermont,16.0,2.4672587059536495
2024-04-20,50,Vermont,10.0,1.5420366912210308
2024-04-27,50,Vermont,6.0,0.9252220147326186
2024-05-04,50,Vermont,4.0,0.6168146764884124
2024-05-11,50,Vermont,0.0,0.0
2024-05-18,50,Vermont,0.0,0.0
2024-05-25,50,Vermont,1.0,0.1542036691221031
2024-06-01,50,Vermont,1.0,0.1542036691221031
2024-06-08,50,Vermont,0.0,0.0
2024-06-15,50,Vermont,0.0,0.0
2024-06-22,50,Vermont,0.0,0.0
2024-06-29,50,Vermont,0.0,0.0
2024-07-06,50,Vermont,0.0,0.0
2024-07-13,50,Vermont,0.0,0.0
2024-07-20,50,Vermont,0.0,0.0
2024-07-27,50,Vermont,0.0,0.0
2024-08-03,50,Vermont,0.0,0.0
2024-08-10,50,Vermont,0.0,0.0
2024-08-17,50,Vermont,0.0,0.0
2024-08-24,50,Vermont,0.0,0.0
2024-08-31,50,Vermont,0.0,0.0
2024-09-07,50,Vermont,0.0,0.0
2024-09-14,50,Vermont,0.0,0.0
2024-09-21,50,Vermont,0.0,0.0
2024-09-28,50,Vermont,0.0,0.0
2025-10-04,50,Vermont,0.0,0.0
2025-10-11,50,Vermont,0.0,0.0
2025-10-18,50,Vermont,0.0,0.0
2025-10-25,50,Vermont,1.0,0.1542036691221031
2025-11-01,50,Vermont,0.0,0.0
2025-11-08,50,Vermont,4.0,0.6168146764884124
2025-11-15,50,Vermont,3.0,0.4626110073663093
2025-11-22,50,Vermont,0.0,0.0
2025-11-29,50,Vermont,0.0,0.0
2025-12-06,50,Vermont,5.0,0.7710183456105154
2025-12-13,50,Vermont,9.0,1.387833022098928
2025-12-20,50,Vermont,13.0,2.0046476985873403
2025-12-27,50,Vermont,43.0,6.6307577722504325
2026-01-03,50,Vermont,58.0,8.94381280908198
2026-01-10,50,Vermont,48.0,7.4017761178609485
2026-01-17,50,Vermont,34.0,5.242924750151505
2026-01-24,50,Vermont,28.0,4.317702735418886
2026-01-31,50,Vermont,27.0,4.163499066296784
2026-02-07,50,Vermont,27.0,4.163499066296784
2026-02-14,50,Vermont,19.0,2.9298697133199587
2026-02-21,50,Vermont,18.0,2.775666044197856
2026-02-28,50,Vermont,11.0,1.696240360343134
2026-03-07,50,Vermont,15.0,2.3130550368315466
2026-03-14,50,Vermont,11.0,1.696240360343134
2026-03-21,50,Vermont,5.0,0.7710183456105154
2026-03-28,50,Vermont,3.0,0.4626110073663093
2026-04-04,50,Vermont,7.0,1.0794256838547216
2026-04-11,50,Vermont,3.0,0.4626110073663093
2026-04-18,50,Vermont,3.0,0.4626110073663093
2024-10-05,53,Washington,10.0,0.125656871294693
2024-10-12,53,Washington,7.0,0.0879598099062851
2024-10-19,53,Washington,1.0,0.0125656871294693
2024-10-26,53,Washington,4.0,0.0502627485178772
2024-11-02,53,Washington,2.0,0.0251313742589386
2024-11-09,53,Washington,14.0,0.1759196198125702
2024-11-16,53,Washington,22.0,0.2764451168483246
2024-11-23,53,Washington,29.0,0.3644049267546097
2024-11-30,53,Washington,46.0,0.5780216079555879
2024-12-07,53,Washington,78.0,0.9801235960986054
2024-12-14,53,Washington,188.0,2.3623491803402286
2024-12-21,53,Washington,418.0,5.252457220118168
2024-12-28,53,Washington,541.0,6.798036737042891
2025-01-04,53,Washington,531.0,6.672379865748199
2025-01-11,53,Washington,392.0,4.925749354751966
2025-01-18,53,Washington,360.0,4.523647366608948
2025-01-25,53,Washington,417.0,5.239891532988699
2025-02-01,53,Washington,602.0,7.564543651940519
2025-02-08,53,Washington,747.0,9.386568285713567
2025-02-15,53,Washington,659.0,8.280787818320269
2025-02-22,53,Washington,671.0,8.431576063873901
2025-03-01,53,Washington,422.0,5.302719968636045
2025-03-08,53,Washington,253.0,3.179118843755733
2025-03-15,53,Washington,201.0,2.5257031130233294
2025-03-22,53,Washington,165.0,2.0733383763624347
2025-03-29,53,Washington,113.0,1.419922645630031
2025-04-05,53,Washington,101.0,1.2691344000763993
2025-04-12,53,Washington,74.0,0.9298608475807283
2025-04-19,53,Washington,42.0,0.5277588594377106
2025-04-26,53,Washington,39.0,0.4900617980493027
2025-05-03,53,Washington,20.0,0.251313742589386
2025-05-10,53,Washington,24.0,0.3015764911072632
2025-05-17,53,Washington,16.0,0.2010509940715088
2025-05-24,53,Washington,29.0,0.3644049267546097
2025-05-31,53,Washington,26.0,0.32670786536620183
2025-06-07,53,Washington,31.0,0.3895363010135483
2025-06-14,53,Washington,23.0,0.28901080397779394
2025-06-21,53,Washington,14.0,0.1759196198125702
2025-06-28,53,Washington,13.0,0.16335393268310092
2025-07-05,53,Washington,14.0,0.1759196198125702
2025-07-12,53,Washington,8.0,0.1005254970357544
2025-07-19,53,Washington,5.0,0.0628284356473465
2025-07-26,53,Washington,6.0,0.0753941227768158
2025-08-02,53,Washington,4.0,0.0502627485178772
2025-08-09,53,Washington,7.0,0.0879598099062851
2025-08-16,53,Washington,10.0,0.125656871294693
2025-08-23,53,Washington,10.0,0.125656871294693
2025-08-30,53,Washington,4.0,0.0502627485178772
2025-09-06,53,Washington,13.0,0.16335393268310092
2025-09-13,53,Washington,14.0,0.1759196198125702
2025-09-20,53,Washington,6.0,0.0753941227768158
2025-09-27,53,Washington,8.0,0.1005254970357544
2023-10-07,06,California,45.0,0.1141226442581867
2023-10-14,06,California,60.0,0.1521635256775823
2023-10-21,06,California,50.0,0.1268029380646519
2023-10-28,06,California,76.0,0.1927404658582709
2023-11-04,06,California,97.0,0.2459976998454247
2023-11-11,06,California,231.0,0.5858295738586917
2023-11-18,06,California,372.0,0.9434138592010102
2023-11-25,06,California,459.0,1.1640509714335043
2023-12-02,06,California,683.0,1.732128133963145
2023-12-09,06,California,868.0,2.201299004802357
2023-12-16,06,California,1077.0,2.731335285912602
2023-12-23,06,California,1763.0,4.471071596159626
2023-12-30,06,California,1810.0,4.590266357940399
2024-01-06,06,California,1470.0,3.7280063791007656
2024-01-13,06,California,1075.0,2.7262631683900156
2024-01-20,06,California,1096.0,2.7795204023771696
2024-01-27,06,California,732.0,1.8563950132665037
2024-02-03,06,California,547.0,1.3872241424272918
2024-02-10,06,California,464.0,1.1767312652399695
2024-02-17,06,California,342.0,0.867332096362219
2024-02-24,06,California,302.0,0.7658897459104974
2024-03-02,06,California,266.0,0.6745916305039481
2024-03-09,06,California,207.0,0.5249641635876588
2024-03-16,06,California,188.0,0.47677904712309116
2024-03-23,06,California,175.0,0.44381028322628163
2024-03-30,06,California,180.0,0.4564905770327468
2024-04-06,06,California,151.0,0.3829448729552487
2024-04-13,06,California,179.0,0.4539545182714538
2024-04-20,06,California,157.0,0.398161225523007
2024-04-27,06,California,156.0,0.39562516676171394
2024-05-04,06,California,77.0,0.19527652461956393
2024-05-11,06,California,49.0,0.12426687930335886
2024-05-18,06,California,57.0,0.14455534939370315
2024-05-25,06,California,42.0,0.1065144679743076
2024-06-01,06,California,56.0,0.14201929063241012
2024-06-08,06,California,59.0,0.14962746691628925
2024-06-15,06,California,58.0,0.1470914081549962
2024-06-22,06,California,64.0,0.16230776072275444
2024-06-29,06,California,49.0,0.12426687930335886
2024-07-06,06,California,37.0,0.0938341741678424
2024-07-13,06,California,39.0,0.09890629169042849
2024-07-20,06,California,35.0,0.08876205664525633
2024-07-27,06,California,29.0,0.0735457040774981
2024-08-03,06,California,31.0,0.07861782160008418
2024-08-10,06,California,19.0,0.048185116464567725
2024-08-17,06,California,32.0,0.08115388036137722
2024-08-24,06,California,18.0,0.04564905770327468
2024-08-31,06,California,20.0,0.05072117522586076
2024-09-07,06,California,15.0,0.03804088141939557
2024-09-14,06,California,25.0,0.06340146903232595
2024-09-21,06,California,17.0,0.043112998941981645
2024-09-28,06,California,26.0,0.06593752779361899
2020-10-03,09,Connecticut,0.0,0.0
2020-10-10,09,Connecticut,0.0,0.0
2020-10-17,09,Connecticut,0.0,0.0
2020-10-24,09,Connecticut,0.0,0.0
2020-10-31,09,Connecticut,0.0,0.0
2020-11-07,09,Connecticut,0.0,0.0
2020-11-14,09,Connecticut,1.0,0.027210373465096846
2020-11-21,09,Connecticut,2.0,0.05442074693019369
2020-11-28,09,Connecticut,0.0,0.0
2020-12-05,09,Connecticut,2.0,0.05442074693019369
2020-12-12,09,Connecticut,0.0,0.0
2020-12-19,09,Connecticut,3.0,0.08163112039529054
2020-12-26,09,Connecticut,0.0,0.0
2021-01-02,09,Connecticut,1.0,0.027210373465096846
2021-01-09,09,Connecticut,1.0,0.027210373465096846
2021-01-16,09,Connecticut,1.0,0.027210373465096846
2021-01-23,09,Connecticut,0.0,0.0
2021-01-30,09,Connecticut,0.0,0.0
2021-02-06,09,Connecticut,0.0,0.0
2021-02-13,09,Connecticut,0.0,0.0
2021-02-20,09,Connecticut,0.0,0.0
2021-02-27,09,Connecticut,0.0,0.0
2021-03-06,09,Connecticut,0.0,0.0
2021-03-13,09,Connecticut,0.0,0.0
2021-03-20,09,Connecticut,0.0,0.0
2021-03-27,09,Connecticut,0.0,0.0
2021-04-03,09,Connecticut,0.0,0.0
2021-04-10,09,Connecticut,0.0,0.0
2021-04-17,09,Connecticut,0.0,0.0
2021-04-24,09,Connecticut,0.0,0.0
2021-05-01,09,Connecticut,0.0,0.0
2021-05-08,09,Connecticut,1.0,0.027210373465096846
2021-05-15,09,Connecticut,0.0,0.0
2021-05-22,09,Connecticut,0.0,0.0
2021-05-29,09,Connecticut,0.0,0.0
2021-06-05,09,Connecticut,0.0,0.0
2021-06-12,09,Connecticut,0.0,0.0
2021-06-19,09,Connecticut,0.0,0.0
2021-06-26,09,Connecticut,0.0,0.0
2021-07-03,09,Connecticut,0.0,0.0
2021-07-10,09,Connecticut,0.0,0.0
2021-07-17,09,Connecticut,0.0,0.0
2021-07-24,09,Connecticut,0.0,0.0
2021-07-31,09,Connecticut,1.0,0.027210373465096846
2021-08-07,09,Connecticut,0.0,0.0
2021-08-14,09,Connecticut,0.0,0.0
2021-08-21,09,Connecticut,0.0,0.0
2021-08-28,09,Connecticut,0.0,0.0
2021-09-04,09,Connecticut,0.0,0.0
2021-09-11,09,Connecticut,0.0,0.0
2021-09-18,09,Connecticut,0.0,0.0
2021-09-25,09,Connecticut,0.0,0.0
2021-10-02,09,Connecticut,0.0,0.0
2025-10-04,15,Hawaii,1.0,0.06914931134200834
2025-10-11,15,Hawaii,4.0,0.2765972453680334
2025-10-18,15,Hawaii,5.0,0.34574655671004173
2025-10-25,15,Hawaii,10.0,0.6914931134200835
2025-11-01,15,Hawaii,7.0,0.4840451793940584
2025-11-08,15,Hawaii,5.0,0.34574655671004173
2025-11-15,15,Hawaii,16.0,1.1063889814721335
2025-11-22,15,Hawaii,42.0,2.9042710763643504
2025-11-29,15,Hawaii,29.0,2.005330028918242
2025-12-06,15,Hawaii,40.0,2.765972453680334
2025-12-13,15,Hawaii,71.0,4.909601105282593
2025-12-20,15,Hawaii,83.0,5.739392841386692
2025-12-27,15,Hawaii,88.0,6.085139398096734
2026-01-03,15,Hawaii,110.0,7.606424247620918
2026-01-10,15,Hawaii,83.0,5.739392841386692
2026-01-17,15,Hawaii,50.0,3.4574655671004173
2026-01-24,15,Hawaii,45.0,3.1117190103903756
2026-01-31,15,Hawaii,26.0,1.797882094892217
2026-02-07,15,Hawaii,32.0,2.212777962944267
2026-02-14,15,Hawaii,23.0,1.5904341608661918
2026-02-21,15,Hawaii,20.0,1.382986226840167
2026-02-28,15,Hawaii,9.0,0.6223438020780752
2026-03-07,15,Hawaii,18.0,1.2446876041561503
2026-03-14,15,Hawaii,19.0,1.3138369154981586
2026-03-21,15,Hawaii,24.0,1.6595834722082003
2026-03-28,15,Hawaii,3.0,0.20744793402602504
2026-04-04,15,Hawaii,2.0,0.1382986226840167
2026-04-11,15,Hawaii,4.0,0.2765972453680334
2026-04-18,15,Hawaii,2.0,0.1382986226840167
2020-08-08,18,Indiana,,
2020-08-15,18,Indiana,,
2020-08-22,18,Indiana,,
2020-08-29,18,Indiana,,
2020-09-05,18,Indiana,,
2020-09-12,18,Indiana,,
2020-09-19,18,Indiana,,
2020-09-26,18,Indiana,,
2024-10-05,18,Indiana,4.0,0.05776778074238819
2024-10-12,18,Indiana,3.0,0.04332583555679114
2024-10-19,18,Indiana,3.0,0.04332583555679114
2024-10-26,18,Indiana,3.0,0.04332583555679114
2024-11-02,18,Indiana,14.0,0.20218723259835866
2024-11-09,18,Indiana,28.0,0.4043744651967173
2024-11-16,18,Indiana,26.0,0.3754905748255232
2024-11-23,18,Indiana,32.0,0.4621422459391055
2024-11-30,18,Indiana,41.0,0.592119752609479
2024-12-07,18,Indiana,65.0,0.9387264370638081
2024-12-14,18,Indiana,142.0,2.050756216354781
2024-12-21,18,Indiana,288.0,4.15928021345195
2024-12-28,18,Indiana,590.0,8.520747659502259
2025-01-04,18,Indiana,829.0,11.972372558859952
2025-01-11,18,Indiana,523.0,7.553137332067256
2025-01-18,18,Indiana,542.0,7.8275342905936
2025-01-25,18,Indiana,788.0,11.380252806250473
2025-02-01,18,Indiana,1295.0,18.702319015348177
2025-02-08,18,Indiana,1711.0,24.71016821255655
2025-02-15,18,Indiana,1717.0,24.796819883670132
2025-02-22,18,Indiana,1649.0,23.814767611049533
2025-03-01,18,Indiana,1210.0,17.47475367457243
2025-03-08,18,Indiana,900.0,12.997750667037343
2025-03-15,18,Indiana,599.0,8.650725166172633
2025-03-22,18,Indiana,392.0,5.6612425127540424
2025-03-29,18,Indiana,237.0,3.4227410089865002
2025-04-05,18,Indiana,126.0,1.819685093385228
2025-04-12,18,Indiana,87.0,1.2564492311469433
2025-04-19,18,Indiana,52.0,0.7509811496510465
2025-04-26,18,Indiana,43.0,0.6210036429806731
2025-05-03,18,Indiana,34.0,0.4910261363102996
2025-05-10,18,Indiana,27.0,0.3899325200111203
2025-05-17,18,Indiana,25.0,0.3610486296399262
2025-05-24,18,Indiana,18.0,0.2599550133407469
2025-05-31,18,Indiana,20.0,0.288838903711941
2025-06-07,18,Indiana,15.0,0.2166291777839557
2025-06-14,18,Indiana,5.0,0.07220972592798525
2025-06-21,18,Indiana,11.0,0.15886139704156754
2025-06-28,18,Indiana,15.0,0.2166291777839557
2025-07-05,18,Indiana,10.0,0.1444194518559705
2025-07-12,18,Indiana,4.0,0.05776778074238819
2025-07-19,18,Indiana,7.0,0.10109361629917933
2025-07-26,18,Indiana,6.0,0.08665167111358228
2025-08-02,18,Indiana,7.0,0.10109361629917933
2025-08-09,18,Indiana,12.0,0.17330334222716456
2025-08-16,18,Indiana,8.0,0.11553556148477638
2025-08-23,18,Indiana,9.0,0.12997750667037344
2025-08-30,18,Indiana,10.0,0.1444194518559705
2025-09-06,18,Indiana,13.0,0.1877452874127616
2025-09-13,18,Indiana,11.0,0.15886139704156754
2025-09-20,18,Indiana,13.0,0.1877452874127616
2025-09-27,18,Indiana,7.0,0.10109361629917933
2022-10-08,20,Kansas,7.0,0.23564215516968592
2022-10-15,20,Kansas,4.0,0.1346526600969634
2022-10-22,20,Kansas,16.0,0.5386106403878536
2022-10-29,20,Kansas,19.0,0.639600135460576
2022-11-05,20,Kansas,34.0,1.1445476108241888
2022-11-12,20,Kansas,44.0,1.4811792610665973
2022-11-19,20,Kansas,64.0,2.1544425615514142
2022-11-26,20,Kansas,153.0,5.1504642487088494
2022-12-03,20,Kansas,301.0,10.132612672296494
2022-12-10,20,Kansas,255.0,8.584107081181415
2022-12-17,20,Kansas,219.0,7.372233140308745
2022-12-24,20,Kansas,182.0,6.126696034411834
2022-12-31,20,Kansas,185.0,6.227685529484557
2023-01-07,20,Kansas,125.0,4.207895628030106
2023-01-14,20,Kansas,54.0,1.8178109113090057
2023-01-21,20,Kansas,40.0,1.3465266009696337
2023-01-28,20,Kansas,21.0,0.7069264655090578
2023-02-04,20,Kansas,12.0,0.40395798029089014
2023-02-11,20,Kansas,9.0,0.3029684852181676
2023-02-18,20,Kansas,3.0,0.10098949507272253
2023-02-25,20,Kansas,8.0,0.2693053201939268
2023-03-04,20,Kansas,4.0,0.1346526600969634
2023-03-11,20,Kansas,6.0,0.20197899014544507
2023-03-18,20,Kansas,7.0,0.23564215516968592
2023-03-25,20,Kansas,6.0,0.20197899014544507
2023-04-01,20,Kansas,9.0,0.3029684852181676
2023-04-08,20,Kansas,5.0,0.16831582512120422
2023-04-15,20,Kansas,7.0,0.23564215516968592
2023-04-22,20,Kansas,2.0,0.0673263300484817
2023-04-29,20,Kansas,2.0,0.0673263300484817
2023-05-06,20,Kansas,2.0,0.0673263300484817
2023-05-13,20,Kansas,2.0,0.0673263300484817
2023-05-20,20,Kansas,4.0,0.1346526600969634
2023-05-27,20,Kansas,3.0,0.10098949507272253
2023-06-03,20,Kansas,4.0,0.1346526600969634
2023-06-10,20,Kansas,13.0,0.43762114531513097
2023-06-17,20,Kansas,2.0,0.0673263300484817
2023-06-24,20,Kansas,2.0,0.0673263300484817
2023-07-01,20,Kansas,3.0,0.10098949507272253
2023-07-08,20,Kansas,1.0,0.03366316502424085
2023-07-15,20,Kansas,3.0,0.10098949507272253
2023-07-22,20,Kansas,0.0,0.0
2023-07-29,20,Kansas,2.0,0.0673263300484817
2023-08-05,20,Kansas,1.0,0.03366316502424085
2023-08-12,20,Kansas,2.0,0.0673263300484817
2023-08-19,20,Kansas,1.0,0.03366316502424085
2023-08-26,20,Kansas,2.0,0.0673263300484817
2023-09-02,20,Kansas,3.0,0.10098949507272253
2023-09-09,20,Kansas,6.0,0.20197899014544507
2023-09-16,20,Kansas,3.0,0.10098949507272253
2023-09-23,20,Kansas,4.0,0.1346526600969634
2023-09-30,20,Kansas,5.0,0.16831582512120422
2025-10-04,21,Kentucky,15.0,0.3269133365821254
2025-10-11,21,Kentucky,23.0,0.5012671160925923
2025-10-18,21,Kentucky,19.0,0.41409022633735887
2025-10-25,21,Kentucky,14.0,0.30511911414331705
2025-11-01,21,Kentucky,13.0,0.2833248917045087
2025-11-08,21,Kentucky,22.0,0.479472893653784
2025-11-15,21,Kentucky,25.0,0.544855560970209
2025-11-22,21,Kentucky,28.0,0.6102382282866341
2025-11-29,21,Kentucky,49.0,1.0679168995016097
2025-12-06,21,Kentucky,67.0,1.4602129034001603
2025-12-13,21,Kentucky,104.0,2.2665991336360696
2025-12-20,21,Kentucky,231.0,5.034465383364732
2025-12-27,21,Kentucky,547.0,11.921439674028173
2026-01-03,21,Kentucky,631.0,13.752154358888076
2026-01-10,21,Kentucky,438.0,9.545869428198062
2026-01-17,21,Kentucky,329.0,7.170299182367951
2026-01-24,21,Kentucky,283.0,6.167764950182766
2026-01-31,21,Kentucky,289.0,6.298530284815617
2026-02-07,21,Kentucky,260.0,5.666497834090174
2026-02-14,21,Kentucky,223.0,4.860111603854264
2026-02-21,21,Kentucky,243.0,5.295996052630432
2026-02-28,21,Kentucky,195.0,4.24987337556763
2026-03-07,21,Kentucky,241.0,5.252407607752815
2026-03-14,21,Kentucky,221.0,4.816523158976648
2026-03-21,21,Kentucky,122.0,2.65889513753462
2026-03-28,21,Kentucky,62.0,1.3512417912061183
2026-04-04,21,Kentucky,48.0,1.0461226770628014
2026-04-11,21,Kentucky,25.0,0.544855560970209
2026-04-18,21,Kentucky,20.0,0.4358844487761672
2020-10-03,25,Massachusetts,,
2020-10-10,25,Massachusetts,,
2020-10-17,25,Massachusetts,,
2020-10-24,25,Massachusetts,0.0,0.0
2020-10-31,25,Massachusetts,3.0,0.04203935135522958
2020-11-07,25,Massachusetts,6.0,0.08407870271045916
2020-11-14,25,Massachusetts,3.0,0.04203935135522958
2020-11-21,25,Massachusetts,1.0,0.014013117118409859
2020-11-28,25,Massachusetts,1.0,0.014013117118409859
2020-12-05,25,Massachusetts,3.0,0.04203935135522958
2020-12-12,25,Massachusetts,1.0,0.014013117118409859
2020-12-19,25,Massachusetts,3.0,0.04203935135522958
2020-12-26,25,Massachusetts,4.0,0.056052468473639434
2021-01-02,25,Massachusetts,7.0,0.09809181982886901
2021-01-09,25,Massachusetts,3.0,0.04203935135522958
2021-01-16,25,Massachusetts,3.0,0.04203935135522958
2021-01-23,25,Massachusetts,3.0,0.04203935135522958
2021-01-30,25,Massachusetts,0.0,0.0
2021-02-06,25,Massachusetts,3.0,0.04203935135522958
2021-02-13,25,Massachusetts,1.0,0.014013117118409859
2021-02-20,25,Massachusetts,3.0,0.04203935135522958
2021-02-27,25,Massachusetts,2.0,0.028026234236819717
2021-03-06,25,Massachusetts,2.0,0.028026234236819717
2021-03-13,25,Massachusetts,5.0,0.0700655855920493
2021-03-20,25,Massachusetts,5.0,0.0700655855920493
2021-03-27,25,Massachusetts,0.0,0.0
2021-04-03,25,Massachusetts,3.0,0.04203935135522958
2021-04-10,25,Massachusetts,4.0,0.056052468473639434
2021-04-17,25,Massachusetts,0.0,0.0
2021-04-24,25,Massachusetts,1.0,0.014013117118409859
2021-05-01,25,Massachusetts,1.0,0.014013117118409859
2021-05-08,25,Massachusetts,2.0,0.028026234236819717
2021-05-15,25,Massachusetts,0.0,0.0
2021-05-22,25,Massachusetts,0.0,0.0
2021-05-29,25,Massachusetts,0.0,0.0
2021-06-05,25,Massachusetts,0.0,0.0
2021-06-12,25,Massachusetts,0.0,0.0
2021-06-19,25,Massachusetts,0.0,0.0
2021-06-26,25,Massachusetts,1.0,0.014013117118409859
2021-07-03,25,Massachusetts,0.0,0.0
2021-07-10,25,Massachusetts,0.0,0.0
2021-07-17,25,Massachusetts,0.0,0.0
2021-07-24,25,Massachusetts,0.0,0.0
2021-07-31,25,Massachusetts,0.0,0.0
2021-08-07,25,Massachusetts,0.0,0.0
2021-08-14,25,Massachusetts,1.0,0.014013117118409859
2021-08-21,25,Massachusetts,0.0,0.0
2021-08-28,25,Massachusetts,0.0,0.0
2021-09-04,25,Massachusetts,0.0,0.0
2021-09-11,25,Massachusetts,0.0,0.0
2021-09-18,25,Massachusetts,0.0,0.0
2021-09-25,25,Massachusetts,0.0,0.0
2021-10-02,25,Massachusetts,0.0,0.0
2025-10-04,24,Maryland,3.0,0.04789868470211808
2025-10-11,24,Maryland,9.0,0.14369605410635425
2025-10-18,24,Maryland,6.0,0.09579736940423617
2025-10-25,24,Maryland,17.0,0.2714258799786691
2025-11-01,24,Maryland,14.0,0.22352719527655104
2025-11-08,24,Maryland,20.0,0.3193245646807872
2025-11-15,24,Maryland,35.0,0.5588179881913776
2025-11-22,24,Maryland,66.0,1.0537710634465978
2025-11-29,24,Maryland,101.0,1.6125890516379753
2025-12-06,24,Maryland,138.0,2.2033394962974318
2025-12-13,24,Maryland,238.0,3.799962319701368
2025-12-20,24,Maryland,400.0,6.386491293615744
2025-12-27,24,Maryland,644.0,10.282250982721347
2026-01-03,24,Maryland,803.0,12.820881271933606
2026-01-10,24,Maryland,587.0,9.372175973381104
2026-01-17,24,Maryland,282.0,4.5024763619991
2026-01-24,24,Maryland,169.0,2.698292571552652
2026-01-31,24,Maryland,113.0,1.8041837904464477
2026-02-07,24,Maryland,90.0,1.4369605410635424
2026-02-14,24,Maryland,78.0,1.24536580225507
2026-02-21,24,Maryland,70.0,1.1176359763827552
2026-02-28,24,Maryland,38.0,0.6067166728934956
2026-03-07,24,Maryland,48.0,0.7663789552338893
2026-03-14,24,Maryland,51.0,0.8142776399360073
2026-03-21,24,Maryland,52.0,0.8302438681700467
2026-03-28,24,Maryland,9.0,0.14369605410635425
2026-04-04,24,Maryland,10.0,0.1596622823403936
2026-04-11,24,Maryland,9.0,0.14369605410635425
2026-04-18,24,Maryland,5.0,0.0798311411701968
2021-10-09,26,Michigan,6.0,0.059168919276730965
2021-10-16,26,Michigan,3.0,0.029584459638365482
2021-10-23,26,Michigan,2.0,0.019722973092243655
2021-10-30,26,Michigan,0.0,0.0
2021-11-06,26,Michigan,1.0,0.009861486546121827
2021-11-13,26,Michigan,5.0,0.049307432730609134
2021-11-20,26,Michigan,7.0,0.06903040582285279
2021-11-27,26,Michigan,26.0,0.2563986501991675
2021-12-04,26,Michigan,23.0,0.22681419056080204
2021-12-11,26,Michigan,57.0,0.5621047331289442
2021-12-18,26,Michigan,55.0,0.5423817600367005
2021-12-25,26,Michigan,67.0,0.6607195985901624
2022-01-01,26,Michigan,98.0,0.9664256815199391
2022-01-08,26,Michigan,57.0,0.5621047331289442
2022-01-15,26,Michigan,54.0,0.5325202734905787
2022-01-22,26,Michigan,31.0,0.30570608292977663
2022-01-29,26,Michigan,29.0,0.285983109837533
2022-02-05,26,Michigan,27.0,0.26626013674528937
2022-02-12,26,Michigan,40.0,0.39445946184487307
2022-02-19,26,Michigan,49.0,0.48321284075996956
2022-02-26,26,Michigan,50.0,0.49307432730609135
2022-03-05,26,Michigan,74.0,0.7297500044130152
2022-03-12,26,Michigan,88.0,0.8678108160587208
2022-03-19,26,Michigan,119.0,1.1735168989884974
2022-03-26,26,Michigan,134.0,1.3214391971803248
2022-04-02,26,Michigan,146.0,1.439777035733787
2022-04-09,26,Michigan,160.0,1.5778378473794923
2022-04-16,26,Michigan,150.0,1.479222981918274
2022-04-23,26,Michigan,138.0,1.3608851433648121
2022-04-30,26,Michigan,136.0,1.3411621702725685
2022-05-07,26,Michigan,169.0,1.6665912262945888
2022-05-14,26,Michigan,180.0,1.775067578301929
2022-05-21,26,Michigan,140.0,1.3806081164570558
2022-05-28,26,Michigan,93.0,0.9171182487893299
2022-06-04,26,Michigan,70.0,0.6903040582285279
2022-06-11,26,Michigan,35.0,0.34515202911426396
2022-06-18,26,Michigan,32.0,0.3155675694758985
2022-06-25,26,Michigan,16.0,0.15778378473794924
2022-07-02,26,Michigan,11.0,0.1084763520073401
2022-07-09,26,Michigan,9.0,0.08875337891509645
2022-07-16,26,Michigan,5.0,0.049307432730609134
2022-07-23,26,Michigan,7.0,0.06903040582285279
2022-07-30,26,Michigan,4.0,0.03944594618448731
2022-08-06,26,Michigan,1.0,0.009861486546121827
2022-08-13,26,Michigan,3.0,0.029584459638365482
2022-08-20,26,Michigan,2.0,0.019722973092243655
2022-08-27,26,Michigan,2.0,0.019722973092243655
2022-09-03,26,Michigan,1.0,0.009861486546121827
2022-09-10,26,Michigan,9.0,0.08875337891509645
2022-09-17,26,Michigan,2.0,0.019722973092243655
2022-09-24,26,Michigan,7.0,0.06903040582285279
2022-10-01,26,Michigan,4.0,0.03944594618448731
2023-10-07,30,Montana,0.0,0.0
2023-10-14,30,Montana,0.0,0.0
2023-10-21,30,Montana,1.0,0.08793272794581233
2023-10-28,30,Montana,0.0,0.0
2023-11-04,30,Montana,1.0,0.08793272794581233
2023-11-11,30,Montana,5.0,0.4396636397290617
2023-11-18,30,Montana,3.0,0.26379818383743703
2023-11-25,30,Montana,6.0,0.5275963676748741
2023-12-02,30,Montana,18.0,1.582789103024622
2023-12-09,30,Montana,21.0,1.846587286862059
2023-12-16,30,Montana,37.0,3.2535109339950563
2023-12-23,30,Montana,78.0,6.858752779773362
2023-12-30,30,Montana,116.0,10.200196441714231
2024-01-06,30,Montana,129.0,11.343321905009791
2024-01-13,30,Montana,114.0,10.024330985822607
2024-01-20,30,Montana,81.0,7.1225509636107995
2024-01-27,30,Montana,115.0,10.112263713768419
2024-02-03,30,Montana,85.0,7.474281875394048
2024-02-10,30,Montana,82.0,7.210483691556612
2024-02-17,30,Montana,24.0,2.1103854706994962
2024-02-24,30,Montana,22.0,1.9345200148078714
2024-03-02,30,Montana,27.0,2.374183654536933
2024-03-09,30,Montana,28.0,2.4621163824827454
2024-03-16,30,Montana,35.0,3.077645478103432
2024-03-23,30,Montana,21.0,1.846587286862059
2024-03-30,30,Montana,29.0,2.550049110428558
2024-04-06,30,Montana,7.0,0.6155290956206864
2024-04-13,30,Montana,9.0,0.791394551512311
2024-04-20,30,Montana,6.0,0.5275963676748741
2024-04-27,30,Montana,3.0,0.26379818383743703
2024-05-04,30,Montana,0.0,0.0
2024-05-11,30,Montana,2.0,0.17586545589162467
2024-05-18,30,Montana,1.0,0.08793272794581233
2024-05-25,30,Montana,1.0,0.08793272794581233
2024-06-01,30,Montana,2.0,0.17586545589162467
2024-06-08,30,Montana,0.0,0.0
2024-06-15,30,Montana,2.0,0.17586545589162467
2024-06-22,30,Montana,2.0,0.17586545589162467
2024-06-29,30,Montana,0.0,0.0
2024-07-06,30,Montana,0.0,0.0
2024-07-13,30,Montana,1.0,0.08793272794581233
2024-07-20,30,Montana,0.0,0.0
2024-07-27,30,Montana,1.0,0.08793272794581233
2024-08-03,30,Montana,0.0,0.0
2024-08-10,30,Montana,0.0,0.0
2024-08-17,30,Montana,0.0,0.0
2024-08-24,30,Montana,0.0,0.0
2024-08-31,30,Montana,0.0,0.0
2024-09-07,30,Montana,0.0,0.0
2024-09-14,30,Montana,2.0,0.17586545589162467
2024-09-21,30,Montana,0.0,0.0
2024-09-28,30,Montana,1.0,0.08793272794581233
2024-10-05,37,North Carolina,0.0,0.0
2024-10-12,37,North Carolina,77.0,0.6970834030416736
2024-10-19,37,North Carolina,48.0,0.43454549800000436
2024-10-26,37,North Carolina,47.0,0.4254924667916709
2024-11-02,37,North Carolina,14.0,0.12674243691666792
2024-11-09,37,North Carolina,27.0,0.24443184262500245
2024-11-16,37,North Carolina,38.0,0.34401518591667013
2024-11-23,37,North Carolina,31.0,0.28064396745833614
2024-11-30,37,North Carolina,43.0,0.3892803419583372
2024-12-07,37,North Carolina,65.0,0.5884470285416725
2024-12-14,37,North Carolina,173.0,1.5661743990416823
2024-12-21,37,North Carolina,292.0,2.6434851128333596
2024-12-28,37,North Carolina,611.0,5.5314020682917215
2025-01-04,37,North Carolina,942.0,8.527955398250086
2025-01-11,37,North Carolina,833.0,7.541174996541742
2025-01-18,37,North Carolina,1109.0,10.039811610041767
2025-01-25,37,North Carolina,1582.0,14.321895371583476
2025-02-01,37,North Carolina,2082.0,18.848410975750188
2025-02-08,37,North Carolina,2280.0,20.640911155000207
2025-02-15,37,North Carolina,1694.0,15.33583486691682
2025-02-22,37,North Carolina,1174.0,10.62825863858344
2025-03-01,37,North Carolina,918.0,8.310682649250083
2025-03-08,37,North Carolina,822.0,7.441591653250074
2025-03-15,37,North Carolina,667.0,6.038371815958394
2025-03-22,37,North Carolina,434.0,3.929015544416706
2025-03-29,37,North Carolina,301.0,2.7249623937083607
2025-04-05,37,North Carolina,188.0,1.7019698671666836
2025-04-12,37,North Carolina,98.0,0.8871970584166755
2025-04-19,37,North Carolina,60.0,0.5431818725000054
2025-04-26,37,North Carolina,50.0,0.4526515604166712
2025-05-03,37,North Carolina,39.0,0.3530682171250035
2025-05-10,37,North Carolina,28.0,0.25348487383333584
2025-05-17,37,North Carolina,18.0,0.16295456175000164
2025-05-24,37,North Carolina,19.0,0.17200759295833506
2025-05-31,37,North Carolina,18.0,0.16295456175000164
2025-06-07,37,North Carolina,25.0,0.2263257802083356
2025-06-14,37,North Carolina,18.0,0.16295456175000164
2025-06-21,37,North Carolina,22.0,0.19916668658333533
2025-06-28,37,North Carolina,23.0,0.20821971779166876
2025-07-05,37,North Carolina,15.0,0.13579546812500135
2025-07-12,37,North Carolina,12.0,0.10863637450000109
2025-07-19,37,North Carolina,12.0,0.10863637450000109
2025-07-26,37,North Carolina,14.0,0.12674243691666792
2025-08-02,37,North Carolina,12.0,0.10863637450000109
2025-08-09,37,North Carolina,12.0,0.10863637450000109
2025-08-16,37,North Carolina,11.0,0.09958334329166767
2025-08-23,37,North Carolina,11.0,0.09958334329166767
2025-08-30,37,North Carolina,11.0,0.09958334329166767
2025-09-06,37,North Carolina,11.0,0.09958334329166767
2025-09-13,37,North Carolina,7.0,0.06337121845833396
2025-09-20,37,North Carolina,19.0,0.17200759295833506
2025-09-27,37,North Carolina,19.0,0.17200759295833506
2025-10-04,31,Nebraska,1.0,0.04986374731047413
2025-10-11,31,Nebraska,5.0,0.24931873655237063
2025-10-18,31,Nebraska,0.0,0.0
2025-10-25,31,Nebraska,3.0,0.1495912419314224
2025-11-01,31,Nebraska,1.0,0.04986374731047413
2025-11-08,31,Nebraska,2.0,0.09972749462094826
2025-11-15,31,Nebraska,1.0,0.04986374731047413
2025-11-22,31,Nebraska,2.0,0.09972749462094826
2025-11-29,31,Nebraska,13.0,0.6482287150361636
2025-12-06,31,Nebraska,15.0,0.747956209657112
2025-12-13,31,Nebraska,28.0,1.3961849246932756
2025-12-20,31,Nebraska,72.0,3.5901898063541373
2025-12-27,31,Nebraska,165.0,8.227518306228232
2026-01-03,31,Nebraska,204.0,10.172204451336722
2026-01-10,31,Nebraska,165.0,8.227518306228232
2026-01-17,31,Nebraska,125.0,6.2329684138092665
2026-01-24,31,Nebraska,144.0,7.180379612708275
2026-01-31,31,Nebraska,129.0,6.432423403051163
2026-02-07,31,Nebraska,142.0,7.080652118087326
2026-02-14,31,Nebraska,152.0,7.579289591192068
2026-02-21,31,Nebraska,141.0,7.030788370776852
2026-02-28,31,Nebraska,84.0,4.188554774079827
2026-03-07,31,Nebraska,59.0,2.9419610913179737
2026-03-14,31,Nebraska,54.0,2.692642354765603
2026-03-21,31,Nebraska,41.0,2.0444136397294392
2026-03-28,31,Nebraska,17.0,0.8476837042780602
2026-04-04,31,Nebraska,15.0,0.747956209657112
2026-04-11,31,Nebraska,5.0,0.24931873655237063
2026-04-18,31,Nebraska,8.0,0.39890997848379306
2024-10-05,40,Oklahoma,0.0,0.0
2024-10-12,40,Oklahoma,0.0,0.0
2024-10-19,40,Oklahoma,0.0,0.0
2024-10-26,40,Oklahoma,4.0,0.09767072415272478
2024-11-02,40,Oklahoma,3.0,0.07325304311454359
2024-11-09,40,Oklahoma,13.0,0.31742985349635555
2024-11-16,40,Oklahoma,13.0,0.31742985349635555
2024-11-23,40,Oklahoma,14.0,0.34184753453453676
2024-11-30,40,Oklahoma,40.0,0.9767072415272479
2024-12-07,40,Oklahoma,40.0,0.9767072415272479
2024-12-14,40,Oklahoma,56.0,1.367390138138147
2024-12-21,40,Oklahoma,106.0,2.5882741900472066
2024-12-28,40,Oklahoma,282.0,6.885786052767097
2025-01-04,40,Oklahoma,404.0,9.864743139425203
2025-01-11,40,Oklahoma,285.0,6.959039095881641
2025-01-18,40,Oklahoma,439.0,10.719361975761545
2025-01-25,40,Oklahoma,692.0,16.897035278421388
2025-02-01,40,Oklahoma,1114.0,27.20129667653385
2025-02-08,40,Oklahoma,1076.0,26.273424797082967
2025-02-15,40,Oklahoma,787.0,19.2167149770486
2025-02-22,40,Oklahoma,500.0,12.208840519090598
2025-03-01,40,Oklahoma,334.0,8.155505466752519
2025-03-08,40,Oklahoma,236.0,5.762572725010762
2025-03-15,40,Oklahoma,143.0,3.491728388459911
2025-03-22,40,Oklahoma,86.0,2.099920569283583
2025-03-29,40,Oklahoma,75.0,1.8313260778635896
2025-04-05,40,Oklahoma,40.0,0.9767072415272479
2025-04-12,40,Oklahoma,20.0,0.48835362076362393
2025-04-19,40,Oklahoma,21.0,0.5127713018018051
2025-04-26,40,Oklahoma,17.0,0.4151005776490803
2025-05-03,40,Oklahoma,16.0,0.3906828966108991
2025-05-10,40,Oklahoma,13.0,0.31742985349635555
2025-05-17,40,Oklahoma,19.0,0.4639359397254427
2025-05-24,40,Oklahoma,13.0,0.31742985349635555
2025-05-31,40,Oklahoma,8.0,0.19534144830544956
2025-06-07,40,Oklahoma,12.0,0.29301217245817435
2025-06-14,40,Oklahoma,12.0,0.29301217245817435
2025-06-21,40,Oklahoma,11.0,0.26859449141999314
2025-06-28,40,Oklahoma,14.0,0.34184753453453676
2025-07-05,40,Oklahoma,8.0,0.19534144830544956
2025-07-12,40,Oklahoma,2.0,0.04883536207636239
2025-07-19,40,Oklahoma,4.0,0.09767072415272478
2025-07-26,40,Oklahoma,10.0,0.24417681038181197
2025-08-02,40,Oklahoma,5.0,0.12208840519090598
2025-08-09,40,Oklahoma,7.0,0.17092376726726838
2025-08-16,40,Oklahoma,5.0,0.12208840519090598
2025-08-23,40,Oklahoma,11.0,0.26859449141999314
2025-08-30,40,Oklahoma,4.0,0.09767072415272478
2025-09-06,40,Oklahoma,13.0,0.31742985349635555
2025-09-13,40,Oklahoma,9.0,0.21975912934363076
2025-09-20,40,Oklahoma,8.0,0.19534144830544956
2025-09-27,40,Oklahoma,9.0,0.21975912934363076
2020-10-03,42,Pennsylvania,,
2020-10-10,42,Pennsylvania,,
2020-10-17,42,Pennsylvania,0.0,0.0
2020-10-24,42,Pennsylvania,5.0,0.03822995024524895
2020-10-31,42,Pennsylvania,7.0,0.05352193034334853
2020-11-07,42,Pennsylvania,16.0,0.12233584078479665
2020-11-14,42,Pennsylvania,4.0,0.03058396019619916
2020-11-21,42,Pennsylvania,5.0,0.03822995024524895
2020-11-28,42,Pennsylvania,3.0,0.02293797014714937
2020-12-05,42,Pennsylvania,16.0,0.12233584078479665
2020-12-12,42,Pennsylvania,8.0,0.06116792039239832
2020-12-19,42,Pennsylvania,6.0,0.04587594029429874
2020-12-26,42,Pennsylvania,9.0,0.06881391044144812
2021-01-02,42,Pennsylvania,14.0,0.10704386068669706
2021-01-09,42,Pennsylvania,16.0,0.12233584078479665
2021-01-16,42,Pennsylvania,19.0,0.14527381093194602
2021-01-23,42,Pennsylvania,21.0,0.16056579103004562
2021-01-30,42,Pennsylvania,11.0,0.0841058905395477
2021-02-06,42,Pennsylvania,10.0,0.0764599004904979
2021-02-13,42,Pennsylvania,18.0,0.13762782088289624
2021-02-20,42,Pennsylvania,9.0,0.06881391044144812
2021-02-27,42,Pennsylvania,14.0,0.10704386068669706
2021-03-06,42,Pennsylvania,5.0,0.03822995024524895
2021-03-13,42,Pennsylvania,11.0,0.0841058905395477
2021-03-20,42,Pennsylvania,9.0,0.06881391044144812
2021-03-27,42,Pennsylvania,10.0,0.0764599004904979
2021-04-03,42,Pennsylvania,12.0,0.09175188058859748
2021-04-10,42,Pennsylvania,16.0,0.12233584078479665
2021-04-17,42,Pennsylvania,12.0,0.09175188058859748
2021-04-24,42,Pennsylvania,12.0,0.09175188058859748
2021-05-01,42,Pennsylvania,6.0,0.04587594029429874
2021-05-08,42,Pennsylvania,19.0,0.14527381093194602
2021-05-15,42,Pennsylvania,8.0,0.06116792039239832
2021-05-22,42,Pennsylvania,14.0,0.10704386068669706
2021-05-29,42,Pennsylvania,21.0,0.16056579103004562
2021-06-05,42,Pennsylvania,9.0,0.06881391044144812
2021-06-12,42,Pennsylvania,15.0,0.11468985073574686
2021-06-19,42,Pennsylvania,11.0,0.0841058905395477
2021-06-26,42,Pennsylvania,11.0,0.0841058905395477
2021-07-03,42,Pennsylvania,12.0,0.09175188058859748
2021-07-10,42,Pennsylvania,9.0,0.06881391044144812
2021-07-17,42,Pennsylvania,7.0,0.05352193034334853
2021-07-24,42,Pennsylvania,13.0,0.09939787063764728
2021-07-31,42,Pennsylvania,14.0,0.10704386068669706
2021-08-07,42,Pennsylvania,17.0,0.12998183083384646
2021-08-14,42,Pennsylvania,8.0,0.06116792039239832
2021-08-21,42,Pennsylvania,9.0,0.06881391044144812
2021-08-28,42,Pennsylvania,10.0,0.0764599004904979
2021-09-04,42,Pennsylvania,16.0,0.12233584078479665
2021-09-11,42,Pennsylvania,13.0,0.09939787063764728
2021-09-18,42,Pennsylvania,12.0,0.09175188058859748
2021-09-25,42,Pennsylvania,9.0,0.06881391044144812
2021-10-02,42,Pennsylvania,20.0,0.1529198009809958
2021-10-09,72,Puerto Rico,20.0,0.6243571072910862
2021-10-16,72,Puerto Rico,15.0,0.46826783046831466
2021-10-23,72,Puerto Rico,19.0,0.5931392519265319
2021-10-30,72,Puerto Rico,12.0,0.37461426437465173
2021-11-06,72,Puerto Rico,26.0,0.811664239478412
2021-11-13,72,Puerto Rico,22.0,0.6867928180201949
2021-11-20,72,Puerto Rico,19.0,0.5931392519265319
2021-11-27,72,Puerto Rico,32.0,0.9989713716657379
2021-12-04,72,Puerto Rico,28.0,0.8740999502075207
2021-12-11,72,Puerto Rico,23.0,0.7180106733847491
2021-12-18,72,Puerto Rico,19.0,0.5931392519265319
2021-12-25,72,Puerto Rico,21.0,0.6555749626556405
2022-01-01,72,Puerto Rico,16.0,0.49948568583286895
2022-01-08,72,Puerto Rico,18.0,0.5619213965619776
2022-01-15,72,Puerto Rico,14.0,0.43704997510376037
2022-01-22,72,Puerto Rico,19.0,0.5931392519265319
2022-01-29,72,Puerto Rico,13.0,0.405832119739206
2022-02-05,72,Puerto Rico,5.0,0.15608927682277154
2022-02-12,72,Puerto Rico,15.0,0.46826783046831466
2022-02-19,72,Puerto Rico,7.0,0.21852498755188018
2022-02-26,72,Puerto Rico,7.0,0.21852498755188018
2022-03-05,72,Puerto Rico,6.0,0.18730713218732586
2022-03-12,72,Puerto Rico,23.0,0.7180106733847491
2022-03-19,72,Puerto Rico,21.0,0.6555749626556405
2022-03-26,72,Puerto Rico,31.0,0.9677535163011837
2022-04-02,72,Puerto Rico,26.0,0.811664239478412
2022-04-09,72,Puerto Rico,31.0,0.9677535163011837
2022-04-16,72,Puerto Rico,55.0,1.7169820450504871
2022-04-23,72,Puerto Rico,74.0,2.310121296977019
2022-04-30,72,Puerto Rico,39.0,1.217496359217618
2022-05-07,72,Puerto Rico,28.0,0.8740999502075207
2022-05-14,72,Puerto Rico,27.0,0.8428820948429664
2022-05-21,72,Puerto Rico,23.0,0.7180106733847491
2022-05-28,72,Puerto Rico,23.0,0.7180106733847491
2022-06-04,72,Puerto Rico,28.0,0.8740999502075207
2022-06-11,72,Puerto Rico,20.0,0.6243571072910862
2022-06-18,72,Puerto Rico,26.0,0.811664239478412
2022-06-25,72,Puerto Rico,16.0,0.49948568583286895
2022-07-02,72,Puerto Rico,24.0,0.7492285287493035
2022-07-09,72,Puerto Rico,13.0,0.405832119739206
2022-07-16,72,Puerto Rico,15.0,0.46826783046831466
2022-07-23,72,Puerto Rico,13.0,0.405832119739206
2022-07-30,72,Puerto Rico,15.0,0.46826783046831466
2022-08-06,72,Puerto Rico,10.0,0.3121785536455431
2022-08-13,72,Puerto Rico,23.0,0.7180106733847491
2022-08-20,72,Puerto Rico,13.0,0.405832119739206
2022-08-27,72,Puerto Rico,20.0,0.6243571072910862
2022-09-03,72,Puerto Rico,23.0,0.7180106733847491
2022-09-10,72,Puerto Rico,37.0,1.1550606484885095
2022-09-17,72,Puerto Rico,39.0,1.217496359217618
2022-09-24,72,Puerto Rico,35.0,1.0926249377594008
2022-10-01,72,Puerto Rico,45.0,1.4048034914049439
2020-08-08,,,,
2020-08-15,,,,
2020-08-22,,,,
2020-08-29,,,,
2020-09-05,,,,
2020-09-12,,,,
2020-09-19,,,,
2020-09-26,,,0.0,
2022-10-08,,,11.0,
2022-10-15,,,13.0,
2022-10-22,,,23.0,
2022-10-29,,,55.0,
2022-11-05,,,77.0,
2022-11-12,,,111.0,
2022-11-19,,,204.0,
2022-11-26,,,427.0,
2022-12-03,,,1059.0,
2022-12-10,,,1219.0,
2022-12-17,,,1407.0,
2022-12-24,,,1475.0,
2022-12-31,,,1469.0,
2023-01-07,,,978.0,
2023-01-14,,,455.0,
2023-01-21,,,244.0,
2023-01-28,,,157.0,
2023-02-04,,,94.0,
2023-02-11,,,89.0,
2023-02-18,,,65.0,
2023-02-25,,,44.0,
2023-03-04,,,33.0,
2023-03-11,,,46.0,
2023-03-18,,,48.0,
2023-03-25,,,48.0,
2023-04-01,,,38.0,
2023-04-08,,,42.0,
2023-04-15,,,23.0,
2023-04-22,,,24.0,
2023-04-29,,,23.0,
2023-05-06,,,22.0,
2023-05-13,,,33.0,
2023-05-20,,,29.0,
2023-05-27,,,31.0,
2023-06-03,,,18.0,
2023-06-10,,,19.0,
2023-06-17,,,22.0,
2023-06-24,,,11.0,
2023-07-01,,,18.0,
2023-07-08,,,9.0,
2023-07-15,,,10.0,
2023-07-22,,,14.0,
2023-07-29,,,13.0,
2023-08-05,,,13.0,
2023-08-12,,,18.0,
2023-08-19,,,12.0,
2023-08-26,,,16.0,
2023-09-02,,,27.0,
2023-09-09,,,11.0,
2023-09-16,,,16.0,
2023-09-23,,,31.0,
2023-09-30,,,18.0,
2020-10-03,,,,
2020-10-10,,,0.0,
2020-10-17,,,0.0,
2020-10-24,,,1.0,
2020-10-31,,,0.0,
2020-11-07,,,1.0,
2020-11-14,,,3.0,
2020-11-21,,,2.0,
2020-11-28,,,5.0,
2020-12-05,,,6.0,
2020-12-12,,,8.0,
2020-12-19,,,10.0,
2020-12-26,,,6.0,
2021-01-02,,,2.0,
2021-01-09,,,4.0,
2021-01-16,,,2.0,
2021-01-23,,,0.0,
2021-01-30,,,0.0,
2021-02-06,,,0.0,
2021-02-13,,,2.0,
2021-02-20,,,2.0,
2021-02-27,,,4.0,
2021-03-06,,,5.0,
2021-03-13,,,2.0,
2021-03-20,,,5.0,
2021-03-27,,,2.0,
2021-04-03,,,1.0,
2021-04-10,,,2.0,
2021-04-17,,,3.0,
2021-04-24,,,9.0,
2021-05-01,,,8.0,
2021-05-08,,,9.0,
2021-05-15,,,12.0,
2021-05-22,,,10.0,
2021-05-29,,,9.0,
2021-06-05,,,7.0,
2021-06-12,,,8.0,
2021-06-19,,,8.0,
2021-06-26,,,8.0,
2021-07-03,,,8.0,
2021-07-10,,,8.0,
2021-07-17,,,7.0,
2021-07-24,,,9.0,
2021-07-31,,,7.0,
2021-08-07,,,8.0,
2021-08-14,,,7.0,
2021-08-21,,,13.0,
2021-08-28,,,9.0,
2021-09-04,,,7.0,
2021-09-11,,,9.0,
2021-09-18,,,9.0,
2021-09-25,,,8.0,
2021-10-02,,,10.0,
2023-10-07,48,Texas,119.0,0.3803030990132541
2023-10-14,48,Texas,167.0,0.5337026683631381
2023-10-21,48,Texas,242.0,0.7733894954723318
2023-10-28,48,Texas,245.0,0.7829769685566995
2023-11-04,48,Texas,346.0,1.1057552290637471
2023-11-11,48,Texas,427.0,1.3646170023416764
2023-11-18,48,Texas,428.0,1.3678128267031322
2023-11-25,48,Texas,534.0,1.7065702090174595
2023-12-02,48,Texas,699.0,2.233881228657686
2023-12-09,48,Texas,829.0,2.649338395646955
2023-12-16,48,Texas,1155.0,3.6911771374815836
2023-12-23,48,Texas,1597.0,5.103731505245099
2023-12-30,48,Texas,1975.0,6.311753113875436
2024-01-06,48,Texas,2093.0,6.6888603885272335
2024-01-13,48,Texas,1964.0,6.27659904589942
2024-01-20,48,Texas,1682.0,5.375376575968851
2024-01-27,48,Texas,1868.0,5.969799907199652
2024-02-03,48,Texas,1869.0,5.972995731561108
2024-02-10,48,Texas,1500.0,4.793736542183875
2024-02-17,48,Texas,1125.0,3.5953024066379062
2024-02-24,48,Texas,995.0,3.179845239648637
2024-03-02,48,Texas,811.0,2.5918135571407483
2024-03-09,48,Texas,637.0,2.035740118247419
2024-03-16,48,Texas,538.0,1.7193535064632832
2024-03-23,48,Texas,398.0,1.2719380958594548
2024-03-30,48,Texas,360.0,1.15049677012413
2024-04-06,48,Texas,308.0,0.9843139033284223
2024-04-13,48,Texas,275.0,0.8788516994003771
2024-04-20,48,Texas,255.0,0.8149352121712587
2024-04-27,48,Texas,171.0,0.5464859658089617
2024-05-04,48,Texas,89.0,0.28442836816957656
2024-05-11,48,Texas,1.0,0.0031958243614559167
2024-05-18,48,Texas,0.0,0.0
2024-05-25,48,Texas,2.0,0.0063916487229118335
2024-06-01,48,Texas,0.0,0.0
2024-06-08,48,Texas,1.0,0.0031958243614559167
2024-06-15,48,Texas,0.0,0.0
2024-06-22,48,Texas,1.0,0.0031958243614559167
2024-06-29,48,Texas,0.0,0.0
2024-07-06,48,Texas,2.0,0.0063916487229118335
2024-07-13,48,Texas,1.0,0.0031958243614559167
2024-07-20,48,Texas,4.0,0.012783297445823667
2024-07-27,48,Texas,0.0,0.0
2024-08-03,48,Texas,2.0,0.0063916487229118335
2024-08-10,48,Texas,3.0,0.00958747308436775
2024-08-17,48,Texas,2.0,0.0063916487229118335
2024-08-24,48,Texas,2.0,0.0063916487229118335
2024-08-31,48,Texas,2.0,0.0063916487229118335
2024-09-07,48,Texas,1.0,0.0031958243614559167
2024-09-14,48,Texas,1.0,0.0031958243614559167
2024-09-21,48,Texas,1.0,0.0031958243614559167
2024-09-28,48,Texas,1.0,0.0031958243614559167
2025-10-04,53,Washington,6.0,0.0753941227768158
2025-10-11,53,Washington,7.0,0.0879598099062851
2025-10-18,53,Washington,11.0,0.1382225584241623
2025-10-25,53,Washington,12.0,0.1507882455536316
2025-11-01,53,Washington,16.0,0.2010509940715088
2025-11-08,53,Washington,13.0,0.16335393268310092
2025-11-15,53,Washington,19.0,0.2387480554599167
2025-11-22,53,Washington,37.0,0.46493042379036414
2025-11-29,53,Washington,36.0,0.45236473666089483
2025-12-06,53,Washington,61.0,0.7665069148976273
2025-12-13,53,Washington,59.0,0.7413755406386887
2025-12-20,53,Washington,116.0,1.457619707018439
2025-12-27,53,Washington,164.0,2.0607726892329654
2026-01-03,53,Washington,250.0,3.1414217823673254
2026-01-10,53,Washington,261.0,3.2796443407914877
2026-01-17,53,Washington,206.0,2.588531548670676
2026-01-24,53,Washington,236.0,2.965502162554755
2026-01-31,53,Washington,298.0,3.7445747645818517
2026-02-07,53,Washington,334.0,4.196939501242746
2026-02-14,53,Washington,275.0,3.455563960604058
2026-02-21,53,Washington,230.0,2.8901080397779393
2026-02-28,53,Washington,190.0,2.387480554599167
2026-03-07,53,Washington,158.0,1.9853785664561496
2026-03-14,53,Washington,91.0,1.1434775287817063
2026-03-21,53,Washington,79.0,0.9926892832280748
2026-03-28,53,Washington,48.0,0.6031529822145264
2026-04-04,53,Washington,55.0,0.6911127921208116
2026-04-11,53,Washington,41.0,0.5151931723082414
2026-04-18,53,Washington,37.0,0.46493042379036414
2020-10-03,55,Wisconsin,,
2020-10-10,55,Wisconsin,0.0,0.0
2020-10-17,55,Wisconsin,0.0,0.0
2020-10-24,55,Wisconsin,0.0,0.0
2020-10-31,55,Wisconsin,1.0,0.016775779130091973
2020-11-07,55,Wisconsin,9.0,0.15098201217082777
2020-11-14,55,Wisconsin,4.0,0.06710311652036789
2020-11-21,55,Wisconsin,0.0,0.0
2020-11-28,55,Wisconsin,4.0,0.06710311652036789
2020-12-05,55,Wisconsin,0.0,0.0
2020-12-12,55,Wisconsin,1.0,0.016775779130091973
2020-12-19,55,Wisconsin,2.0,0.033551558260183946
2020-12-26,55,Wisconsin,2.0,0.033551558260183946
2021-01-02,55,Wisconsin,0.0,0.0
2021-01-09,55,Wisconsin,0.0,0.0
2021-01-16,55,Wisconsin,1.0,0.016775779130091973
2021-01-23,55,Wisconsin,0.0,0.0
2021-01-30,55,Wisconsin,3.0,0.05032733739027592
2021-02-06,55,Wisconsin,5.0,0.08387889565045986
2021-02-13,55,Wisconsin,1.0,0.016775779130091973
2021-02-20,55,Wisconsin,12.0,0.2013093495611037
2021-02-27,55,Wisconsin,2.0,0.033551558260183946
2021-03-06,55,Wisconsin,1.0,0.016775779130091973
2021-03-13,55,Wisconsin,1.0,0.016775779130091973
2021-03-20,55,Wisconsin,2.0,0.033551558260183946
2021-03-27,55,Wisconsin,1.0,0.016775779130091973
2021-04-03,55,Wisconsin,1.0,0.016775779130091973
2021-04-10,55,Wisconsin,0.0,0.0
2021-04-17,55,Wisconsin,0.0,0.0
2021-04-24,55,Wisconsin,1.0,0.016775779130091973
2021-05-01,55,Wisconsin,4.0,0.06710311652036789
2021-05-08,55,Wisconsin,0.0,0.0
2021-05-15,55,Wisconsin,1.0,0.016775779130091973
2021-05-22,55,Wisconsin,0.0,0.0
2021-05-29,55,Wisconsin,3.0,0.05032733739027592
2021-06-05,55,Wisconsin,2.0,0.033551558260183946
2021-06-12,55,Wisconsin,1.0,0.016775779130091973
2021-06-19,55,Wisconsin,0.0,0.0
2021-06-26,55,Wisconsin,0.0,0.0
2021-07-03,55,Wisconsin,0.0,0.0
2021-07-10,55,Wisconsin,0.0,0.0
2021-07-17,55,Wisconsin,0.0,0.0
2021-07-24,55,Wisconsin,0.0,0.0
2021-07-31,55,Wisconsin,1.0,0.016775779130091973
2021-08-07,55,Wisconsin,1.0,0.016775779130091973
2021-08-14,55,Wisconsin,0.0,0.0
2021-08-21,55,Wisconsin,0.0,0.0
2021-08-28,55,Wisconsin,0.0,0.0
2021-09-04,55,Wisconsin,1.0,0.016775779130091973
2021-09-11,55,Wisconsin,0.0,0.0
2021-09-18,55,Wisconsin,0.0,0.0
2021-09-25,55,Wisconsin,12.0,0.2013093495611037
2021-10-02,55,Wisconsin,3.0,0.05032733739027592
2023-10-07,55,Wisconsin,10.0,0.16775779130091972
2023-10-14,55,Wisconsin,3.0,0.05032733739027592
2023-10-21,55,Wisconsin,4.0,0.06710311652036789
2023-10-28,55,Wisconsin,7.0,0.11743045391064381
2023-11-04,55,Wisconsin,16.0,0.26841246608147157
2023-11-11,55,Wisconsin,20.0,0.33551558260183945
2023-11-18,55,Wisconsin,15.0,0.2516366869513796
2023-11-25,55,Wisconsin,34.0,0.5703764904231271
2023-12-02,55,Wisconsin,59.0,0.9897709686754265
2023-12-09,55,Wisconsin,97.0,1.6272505756189215
2023-12-16,55,Wisconsin,122.0,2.0466450538712206
2023-12-23,55,Wisconsin,187.0,3.137070697327199
2023-12-30,55,Wisconsin,297.0,4.982406401637316
2024-01-06,55,Wisconsin,248.0,4.160393224262809
2024-01-13,55,Wisconsin,265.0,4.445581469474373
2024-01-20,55,Wisconsin,175.0,2.9357613477660953
2024-01-27,55,Wisconsin,141.0,2.3653848573429683
2024-02-03,55,Wisconsin,175.0,2.9357613477660953
2024-02-10,55,Wisconsin,178.0,2.9860886851563713
2024-02-17,55,Wisconsin,209.0,3.5061378381892223
2024-02-24,55,Wisconsin,213.0,3.5732409547095902
2024-03-02,55,Wisconsin,200.0,3.3551558260183945
2024-03-09,55,Wisconsin,197.0,3.3048284886281185
2024-03-16,55,Wisconsin,183.0,3.069967580806831
2024-03-23,55,Wisconsin,132.0,2.2144028451721405
2024-03-30,55,Wisconsin,126.0,2.1137481703915886
2024-04-06,55,Wisconsin,124.0,2.0801966121314046
2024-04-13,55,Wisconsin,77.0,1.2917349930170818
2024-04-20,55,Wisconsin,66.0,1.1072014225860702
2024-04-27,55,Wisconsin,37.0,0.620703827813403
2024-05-04,55,Wisconsin,15.0,0.2516366869513796
2024-05-11,55,Wisconsin,10.0,0.16775779130091972
2024-05-18,55,Wisconsin,11.0,0.1845335704310117
2024-05-25,55,Wisconsin,3.0,0.05032733739027592
2024-06-01,55,Wisconsin,3.0,0.05032733739027592
2024-06-08,55,Wisconsin,0.0,0.0
2024-06-15,55,Wisconsin,2.0,0.033551558260183946
2024-06-22,55,Wisconsin,1.0,0.016775779130091973
2024-06-29,55,Wisconsin,2.0,0.033551558260183946
2024-07-06,55,Wisconsin,2.0,0.033551558260183946
2024-07-13,55,Wisconsin,3.0,0.05032733739027592
2024-07-20,55,Wisconsin,3.0,0.05032733739027592
2024-07-27,55,Wisconsin,1.0,0.016775779130091973
2024-08-03,55,Wisconsin,1.0,0.016775779130091973
2024-08-10,55,Wisconsin,2.0,0.033551558260183946
2024-08-17,55,Wisconsin,3.0,0.05032733739027592
2024-08-24,55,Wisconsin,2.0,0.033551558260183946
2024-08-31,55,Wisconsin,0.0,0.0
2024-09-07,55,Wisconsin,1.0,0.016775779130091973
2024-09-14,55,Wisconsin,0.0,0.0
2024-09-21,55,Wisconsin,0.0,0.0
2024-09-28,55,Wisconsin,1.0,0.016775779130091973
2020-08-08,56,Wyoming,,
2020-08-15,56,Wyoming,,
2020-08-22,56,Wyoming,,
2020-08-29,56,Wyoming,,
2020-09-05,56,Wyoming,,
2020-09-12,56,Wyoming,,
2020-09-19,56,Wyoming,,
2020-09-26,56,Wyoming,,
2024-10-05,04,Arizona,40.0,0.5275385683447317
2024-10-12,04,Arizona,4.0,0.052753856834473166
2024-10-19,04,Arizona,14.0,0.1846384989206561
2024-10-26,04,Arizona,187.0,2.4662428070116205
2024-11-02,04,Arizona,141.0,1.859573453415179
2024-11-09,04,Arizona,272.0,3.5872622647441754
2024-11-16,04,Arizona,356.0,4.695093258268112
2024-11-23,04,Arizona,488.0,6.435970533805727
2024-11-30,04,Arizona,558.0,7.359163028409007
2024-12-07,04,Arizona,882.0,11.632225432001334
2024-12-14,04,Arizona,1023.0,13.491798885416513
2024-12-21,04,Arizona,1534.0,20.23110409602046
2024-12-28,04,Arizona,2340.0,30.861006248166802
2025-01-04,04,Arizona,2846.0,37.53436913772766
2025-01-11,04,Arizona,1483.0,19.558492421380926
2025-01-18,04,Arizona,1077.0,14.203975952681901
2025-01-25,04,Arizona,999.0,13.175275744409674
2025-02-01,04,Arizona,836.0,11.025556078404891
2025-02-08,04,Arizona,836.0,11.025556078404891
2025-02-15,04,Arizona,711.0,9.376998052327606
2025-02-22,04,Arizona,647.0,8.532936342976035
2025-03-01,04,Arizona,657.0,8.664820985062217
2025-03-08,04,Arizona,499.0,6.5810436401005274
2025-03-15,04,Arizona,393.0,5.183066433986989
2025-03-22,04,Arizona,346.0,4.563208616181929
2025-03-29,04,Arizona,238.0,3.1388544816511534
2025-04-05,04,Arizona,111.0,1.4639195271566303
2025-04-12,04,Arizona,93.0,1.2265271714015011
2025-04-19,04,Arizona,88.0,1.1605848503584097
2025-04-26,04,Arizona,77.0,1.0155117440636086
2025-05-03,04,Arizona,80.0,1.0550771366894633
2025-05-10,04,Arizona,53.0,0.6989886030567695
2025-05-17,04,Arizona,69.0,0.9100040303946622
2025-05-24,04,Arizona,38.0,0.5011616399274951
2025-05-31,04,Arizona,55.0,0.7253655314740061
2025-06-07,04,Arizona,32.0,0.4220308546757853
2025-06-14,04,Arizona,35.0,0.46159624730164023
2025-06-21,04,Arizona,18.0,0.23739235575512926
2025-06-28,04,Arizona,11.0,0.14507310629480122
2025-07-05,04,Arizona,24.0,0.31652314100683904
2025-07-12,04,Arizona,15.0,0.1978269631292744
2025-07-19,04,Arizona,10.0,0.13188464208618292
2025-07-26,04,Arizona,6.0,0.07913078525170976
2025-08-02,04,Arizona,5.0,0.06594232104309146
2025-08-09,04,Arizona,11.0,0.14507310629480122
2025-08-16,04,Arizona,18.0,0.23739235575512926
2025-08-23,04,Arizona,6.0,0.07913078525170976
2025-08-30,04,Arizona,27.0,0.3560885336326939
2025-09-06,04,Arizona,11.0,0.14507310629480122
2025-09-13,04,Arizona,14.0,0.1846384989206561
2025-09-20,04,Arizona,16.0,0.21101542733789266
2025-09-27,04,Arizona,13.0,0.1714500347120378
2021-10-09,06,California,12.0,0.030432705135516457
2021-10-16,06,California,5.0,0.01268029380646519
2021-10-23,06,California,10.0,0.02536058761293038
2021-10-30,06,California,5.0,0.01268029380646519
2021-11-06,06,California,15.0,0.03804088141939557
2021-11-13,06,California,15.0,0.03804088141939557
2021-11-20,06,California,17.0,0.043112998941981645
2021-11-27,06,California,20.0,0.05072117522586076
2021-12-04,06,California,44.0,0.11158658549689367
2021-12-11,06,California,61.0,0.15469958443887533
2021-12-18,06,California,60.0,0.1521635256775823
2021-12-25,06,California,111.0,0.2815025225035272
2022-01-01,06,California,96.0,0.24346164108413165
2022-01-08,06,California,87.0,0.2206371122324943
2022-01-15,06,California,75.0,0.19020440709697783
2022-01-22,06,California,63.0,0.1597717019614614
2022-01-29,06,California,23.0,0.05832935150973987
2022-02-05,06,California,30.0,0.07608176283879114
2022-02-12,06,California,28.0,0.07100964531620506
2022-02-19,06,California,11.0,0.027896646374223417
2022-02-26,06,California,23.0,0.05832935150973987
2022-03-05,06,California,34.0,0.08622599788396329
2022-03-12,06,California,40.0,0.10144235045172152
2022-03-19,06,California,51.0,0.12933899682594494
2022-03-26,06,California,61.0,0.15469958443887533
2022-04-02,06,California,79.0,0.20034864214215
2022-04-09,06,California,96.0,0.24346164108413165
2022-04-16,06,California,104.0,0.26375011117447594
2022-04-23,06,California,148.0,0.3753366966713696
2022-04-30,06,California,213.0,0.5401805161554171
2022-05-07,06,California,206.0,0.5224281048263658
2022-05-14,06,California,277.0,0.7024882768781715
2022-05-21,06,California,355.0,0.9003008602590284
2022-05-28,06,California,412.0,1.0448562096527316
2022-06-04,06,California,432.0,1.0955773848785924
2022-06-11,06,California,391.0,0.9915989756655779
2022-06-18,06,California,305.0,0.7734979221943766
2022-06-25,06,California,238.0,0.6035819851877431
2022-07-02,06,California,193.0,0.48945934092955634
2022-07-09,06,California,115.0,0.29164675754869934
2022-07-16,06,California,99.0,0.25106981736801076
2022-07-23,06,California,61.0,0.15469958443887533
2022-07-30,06,California,47.0,0.11919476178077279
2022-08-06,06,California,38.0,0.09637023292913545
2022-08-13,06,California,39.0,0.09890629169042849
2022-08-20,06,California,35.0,0.08876205664525633
2022-08-27,06,California,29.0,0.0735457040774981
2022-09-03,06,California,33.0,0.08368993912267025
2022-09-10,06,California,36.0,0.09129811540654936
2022-09-17,06,California,21.0,0.0532572339871538
2022-09-24,06,California,35.0,0.08876205664525633
2022-10-01,06,California,68.0,0.17245199576792658
2023-10-07,10,Delaware,2.0,0.19012906911857114
2023-10-14,10,Delaware,0.0,0.0
2023-10-21,10,Delaware,1.0,0.09506453455928557
2023-10-28,10,Delaware,1.0,0.09506453455928557
2023-11-04,10,Delaware,1.0,0.09506453455928557
2023-11-11,10,Delaware,1.0,0.09506453455928557
2023-11-18,10,Delaware,2.0,0.19012906911857114
2023-11-25,10,Delaware,1.0,0.09506453455928557
2023-12-02,10,Delaware,2.0,0.19012906911857114
2023-12-09,10,Delaware,10.0,0.9506453455928557
2023-12-16,10,Delaware,18.0,1.7111616220671402
2023-12-23,10,Delaware,24.0,2.281548829422854
2023-12-30,10,Delaware,60.0,5.703872073557134
2024-01-06,10,Delaware,48.0,4.563097658845708
2024-01-13,10,Delaware,34.0,3.2321941750157093
2024-01-20,10,Delaware,32.0,3.042065105897138
2024-01-27,10,Delaware,28.0,2.661806967659996
2024-02-03,10,Delaware,25.0,2.3766133639821394
2024-02-10,10,Delaware,25.0,2.3766133639821394
2024-02-17,10,Delaware,36.0,3.4223232441342804
2024-02-24,10,Delaware,24.0,2.281548829422854
2024-03-02,10,Delaware,33.0,3.1371296404564237
2024-03-09,10,Delaware,26.0,2.471677898541425
2024-03-16,10,Delaware,18.0,1.7111616220671402
2024-03-23,10,Delaware,16.0,1.521032552948569
2024-03-30,10,Delaware,15.0,1.4259680183892836
2024-04-06,10,Delaware,19.0,1.806226156626426
2024-04-13,10,Delaware,7.0,0.665451741914999
2024-04-20,10,Delaware,8.0,0.7605162764742845
2024-04-27,10,Delaware,2.0,0.19012906911857114
2024-05-04,10,Delaware,4.0,0.3802581382371423
2024-05-11,10,Delaware,1.0,0.09506453455928557
2024-05-18,10,Delaware,1.0,0.09506453455928557
2024-05-25,10,Delaware,1.0,0.09506453455928557
2024-06-01,10,Delaware,0.0,0.0
2024-06-08,10,Delaware,1.0,0.09506453455928557
2024-06-15,10,Delaware,0.0,0.0
2024-06-22,10,Delaware,0.0,0.0
2024-06-29,10,Delaware,1.0,0.09506453455928557
2024-07-06,10,Delaware,0.0,0.0
2024-07-13,10,Delaware,0.0,0.0
2024-07-20,10,Delaware,0.0,0.0
2024-07-27,10,Delaware,0.0,0.0
2024-08-03,10,Delaware,0.0,0.0
2024-08-10,10,Delaware,0.0,0.0
2024-08-17,10,Delaware,0.0,0.0
2024-08-24,10,Delaware,0.0,0.0
2024-08-31,10,Delaware,0.0,0.0
2024-09-07,10,Delaware,1.0,0.09506453455928557
2024-09-14,10,Delaware,0.0,0.0
2024-09-21,10,Delaware,0.0,0.0
2024-09-28,10,Delaware,0.0,0.0
2025-10-04,17,Illinois,14.0,0.11014811932314296
2025-10-11,17,Illinois,15.0,0.11801584213193887
2025-10-18,17,Illinois,27.0,0.21242851583748998
2025-10-25,17,Illinois,21.0,0.16522217898471442
2025-11-01,17,Illinois,38.0,0.2989734667342452
2025-11-08,17,Illinois,29.0,0.22816396145508183
2025-11-15,17,Illinois,47.0,0.3697829720134085
2025-11-22,17,Illinois,87.0,0.6844918843652456
2025-11-29,17,Illinois,132.0,1.0385394107610622
2025-12-06,17,Illinois,200.0,1.573544561759185
2025-12-13,17,Illinois,264.0,2.0770788215221243
2025-12-20,17,Illinois,611.0,4.80717863617431
2025-12-27,17,Illinois,1491.0,11.730774707914724
2026-01-03,17,Illinois,1741.0,13.697705410113706
2026-01-10,17,Illinois,1193.0,9.386193310893539
2026-01-17,17,Illinois,751.0,5.90865982940574
2026-01-24,17,Illinois,642.0,5.051078043246984
2026-01-31,17,Illinois,549.0,4.319379822028963
2026-02-07,17,Illinois,530.0,4.169893088661841
2026-02-14,17,Illinois,555.0,4.366586158881739
2026-02-21,17,Illinois,577.0,4.539676060675249
2026-02-28,17,Illinois,354.0,2.7851738743137577
2026-03-07,17,Illinois,381.0,2.9976023901512474
2026-03-14,17,Illinois,239.0,1.8803857513022262
2026-03-21,17,Illinois,183.0,1.4397932740096544
2026-03-28,17,Illinois,54.0,0.42485703167497996
2026-04-04,17,Illinois,69.0,0.5428728738069188
2026-04-11,17,Illinois,39.0,0.30684118954304107
2026-04-18,17,Illinois,82.0,0.6451532703212659
2020-08-08,20,Kansas,,
2020-08-15,20,Kansas,,
2020-08-22,20,Kansas,,
2020-08-29,20,Kansas,,
2020-09-05,20,Kansas,,
2020-09-12,20,Kansas,,
2020-09-19,20,Kansas,,
2020-09-26,20,Kansas,,
2021-10-09,25,Massachusetts,0.0,0.0
2021-10-16,25,Massachusetts,0.0,0.0
2021-10-23,25,Massachusetts,0.0,0.0
2021-10-30,25,Massachusetts,0.0,0.0
2021-11-06,25,Massachusetts,0.0,0.0
2021-11-13,25,Massachusetts,0.0,0.0
2021-11-20,25,Massachusetts,4.0,0.056052468473639434
2021-11-27,25,Massachusetts,2.0,0.028026234236819717
2021-12-04,25,Massachusetts,9.0,0.12611805406568874
2021-12-11,25,Massachusetts,19.0,0.26624922524978734
2021-12-18,25,Massachusetts,15.0,0.21019675677614788
2021-12-25,25,Massachusetts,24.0,0.3363148108418366
2022-01-01,25,Massachusetts,54.0,0.7567083243941324
2022-01-08,25,Massachusetts,46.0,0.6446033874468535
2022-01-15,25,Massachusetts,42.0,0.5885509189732141
2022-01-22,25,Massachusetts,49.0,0.686642738802083
2022-01-29,25,Massachusetts,28.0,0.39236727931547605
2022-02-05,25,Massachusetts,33.0,0.46243286490752533
2022-02-12,25,Massachusetts,30.0,0.42039351355229576
2022-02-19,25,Massachusetts,43.0,0.6025640360916239
2022-02-26,25,Massachusetts,34.0,0.4764459820259352
2022-03-05,25,Massachusetts,11.0,0.15414428830250845
2022-03-12,25,Massachusetts,23.0,0.32230169372342676
2022-03-19,25,Massachusetts,36.0,0.504472216262755
2022-03-26,25,Massachusetts,30.0,0.42039351355229576
2022-04-02,25,Massachusetts,78.0,1.093023135235969
2022-04-09,25,Massachusetts,131.0,1.8357183425116914
2022-04-16,25,Massachusetts,167.0,2.3401905587744465
2022-04-23,25,Massachusetts,176.0,2.4663086128401353
2022-04-30,25,Massachusetts,183.0,2.564400432669004
2022-05-07,25,Massachusetts,174.0,2.4382823786033154
2022-05-14,25,Massachusetts,162.0,2.270124973182397
2022-05-21,25,Massachusetts,147.0,2.059928216406249
2022-05-28,25,Massachusetts,74.0,1.0369706667623295
2022-06-04,25,Massachusetts,39.0,0.5465115676179845
2022-06-11,25,Massachusetts,40.0,0.5605246847363944
2022-06-18,25,Massachusetts,14.0,0.19618363965773802
2022-06-25,25,Massachusetts,10.0,0.1401311711840986
2022-07-02,25,Massachusetts,6.0,0.08407870271045916
2022-07-09,25,Massachusetts,6.0,0.08407870271045916
2022-07-16,25,Massachusetts,6.0,0.08407870271045916
2022-07-23,25,Massachusetts,3.0,0.04203935135522958
2022-07-30,25,Massachusetts,3.0,0.04203935135522958
2022-08-06,25,Massachusetts,5.0,0.0700655855920493
2022-08-13,25,Massachusetts,3.0,0.04203935135522958
2022-08-20,25,Massachusetts,2.0,0.028026234236819717
2022-08-27,25,Massachusetts,3.0,0.04203935135522958
2022-09-03,25,Massachusetts,4.0,0.056052468473639434
2022-09-10,25,Massachusetts,1.0,0.014013117118409859
2022-09-17,25,Massachusetts,3.0,0.04203935135522958
2022-09-24,25,Massachusetts,4.0,0.056052468473639434
2022-10-01,25,Massachusetts,4.0,0.056052468473639434
2024-10-05,23,Maine,0.0,0.0
2024-10-12,23,Maine,0.0,0.0
2024-10-19,23,Maine,0.0,0.0
2024-10-26,23,Maine,0.0,0.0
2024-11-02,23,Maine,0.0,0.0
2024-11-09,23,Maine,1.0,0.07117376933435444
2024-11-16,23,Maine,0.0,0.0
2024-11-23,23,Maine,0.0,0.0
2024-11-30,23,Maine,2.0,0.1423475386687089
2024-12-07,23,Maine,2.0,0.1423475386687089
2024-12-14,23,Maine,2.0,0.1423475386687089
2024-12-21,23,Maine,10.0,0.7117376933435444
2024-12-28,23,Maine,31.0,2.2063868493649874
2025-01-04,23,Maine,88.0,6.26329170142319
2025-01-11,23,Maine,92.0,6.547986778760609
2025-01-18,23,Maine,86.0,6.120944162754482
2025-01-25,23,Maine,109.0,7.757940857444634
2025-02-01,23,Maine,151.0,10.74723916948752
2025-02-08,23,Maine,205.0,14.59062271354266
2025-02-15,23,Maine,267.0,19.003396412272636
2025-02-22,23,Maine,266.0,18.93222264293828
2025-03-01,23,Maine,205.0,14.59062271354266
2025-03-08,23,Maine,200.0,14.234753866870888
2025-03-15,23,Maine,115.0,8.18498347345076
2025-03-22,23,Maine,83.0,5.9074228547514185
2025-03-29,23,Maine,59.0,4.199252390726912
2025-04-05,23,Maine,55.0,3.914557313389494
2025-04-12,23,Maine,40.0,2.8469507733741777
2025-04-19,23,Maine,23.0,1.6369966946901522
2025-04-26,23,Maine,16.0,1.1387803093496711
2025-05-03,23,Maine,10.0,0.7117376933435444
2025-05-10,23,Maine,3.0,0.21352130800306332
2025-05-17,23,Maine,2.0,0.1423475386687089
2025-05-24,23,Maine,2.0,0.1423475386687089
2025-05-31,23,Maine,1.0,0.07117376933435444
2025-06-07,23,Maine,0.0,0.0
2025-06-14,23,Maine,2.0,0.1423475386687089
2025-06-21,23,Maine,2.0,0.1423475386687089
2025-06-28,23,Maine,0.0,0.0
2025-07-05,23,Maine,1.0,0.07117376933435444
2025-07-12,23,Maine,1.0,0.07117376933435444
2025-07-19,23,Maine,1.0,0.07117376933435444
2025-07-26,23,Maine,1.0,0.07117376933435444
2025-08-02,23,Maine,0.0,0.0
2025-08-09,23,Maine,0.0,0.0
2025-08-16,23,Maine,0.0,0.0
2025-08-23,23,Maine,1.0,0.07117376933435444
2025-08-30,23,Maine,1.0,0.07117376933435444
2025-09-06,23,Maine,1.0,0.07117376933435444
2025-09-13,23,Maine,2.0,0.1423475386687089
2025-09-20,23,Maine,0.0,0.0
2025-09-27,23,Maine,0.0,0.0
2024-10-05,26,Michigan,12.0,0.11833783855346193
2024-10-12,26,Michigan,2.0,0.019722973092243655
2024-10-19,26,Michigan,6.0,0.059168919276730965
2024-10-26,26,Michigan,4.0,0.03944594618448731
2024-11-02,26,Michigan,21.0,0.20709121746855838
2024-11-09,26,Michigan,48.0,0.4733513542138477
2024-11-16,26,Michigan,46.0,0.4536283811216041
2024-11-23,26,Michigan,67.0,0.6607195985901624
2024-11-30,26,Michigan,65.0,0.6409966254979188
2024-12-07,26,Michigan,95.0,0.9368412218815736
2024-12-14,26,Michigan,172.0,1.6961756859329544
2024-12-21,26,Michigan,296.0,2.9190000176520607
2024-12-28,26,Michigan,489.0,4.822266921053574
2025-01-04,26,Michigan,644.0,6.350797335702457
2025-01-11,26,Michigan,758.0,7.475006801960345
2025-01-18,26,Michigan,636.0,6.271905443333482
2025-01-25,26,Michigan,1013.0,9.989685871221411
2025-02-01,26,Michigan,1379.0,13.598989947102
2025-02-08,26,Michigan,1721.0,16.971618345875665
2025-02-15,26,Michigan,1800.0,17.75067578301929
2025-02-22,26,Michigan,1805.0,17.799983215749897
2025-03-01,26,Michigan,1669.0,16.45882104547733
2025-03-08,26,Michigan,1264.0,12.46491899429799
2025-03-15,26,Michigan,855.0,8.431570996934163
2025-03-22,26,Michigan,948.0,9.348689245723492
2025-03-29,26,Michigan,636.0,6.271905443333482
2025-04-05,26,Michigan,305.0,3.0077533965671575
2025-04-12,26,Michigan,255.0,2.514679069261066
2025-04-19,26,Michigan,196.0,1.9328513630398783
2025-04-26,26,Michigan,127.0,1.2524087913574722
2025-05-03,26,Michigan,117.0,1.1537939258962537
2025-05-10,26,Michigan,93.0,0.9171182487893299
2025-05-17,26,Michigan,62.0,0.6114121658595533
2025-05-24,26,Michigan,51.0,0.5029358138522132
2025-05-31,26,Michigan,52.0,0.512797300398335
2025-06-07,26,Michigan,32.0,0.3155675694758985
2025-06-14,26,Michigan,34.0,0.3352905425681421
2025-06-21,26,Michigan,30.0,0.29584459638365485
2025-06-28,26,Michigan,32.0,0.3155675694758985
2025-07-05,26,Michigan,19.0,0.18736824437631472
2025-07-12,26,Michigan,19.0,0.18736824437631472
2025-07-19,26,Michigan,16.0,0.15778378473794924
2025-07-26,26,Michigan,21.0,0.20709121746855838
2025-08-02,26,Michigan,17.0,0.16764527128407106
2025-08-09,26,Michigan,16.0,0.15778378473794924
2025-08-16,26,Michigan,25.0,0.24653716365304568
2025-08-23,26,Michigan,28.0,0.27612162329141116
2025-08-30,26,Michigan,29.0,0.285983109837533
2025-09-06,26,Michigan,26.0,0.2563986501991675
2025-09-13,26,Michigan,29.0,0.285983109837533
2025-09-20,26,Michigan,20.0,0.19722973092243654
2025-09-27,26,Michigan,22.0,0.2169527040146802
2020-08-08,38,North Dakota,,
2020-08-15,38,North Dakota,,
2020-08-22,38,North Dakota,,
2020-08-29,38,North Dakota,,
2020-09-05,38,North Dakota,,
2020-09-12,38,North Dakota,,
2020-09-19,38,North Dakota,,
2020-09-26,38,North Dakota,,
2024-10-05,41,Oregon,0.0,0.0
2024-10-12,41,Oregon,6.0,0.1404372419904545
2024-10-19,41,Oregon,4.0,0.09362482799363632
2024-10-26,41,Oregon,7.0,0.16384344898886355
2024-11-02,41,Oregon,7.0,0.16384344898886355
2024-11-09,41,Oregon,25.0,0.585155174960227
2024-11-16,41,Oregon,36.0,0.8426234519427269
2024-11-23,41,Oregon,63.0,1.474591040899772
2024-11-30,41,Oregon,83.0,1.9427151808679537
2024-12-07,41,Oregon,119.0,2.7853386328106806
2024-12-14,41,Oregon,242.0,5.664302093614998
2024-12-21,41,Oregon,392.0,9.17523314337636
2024-12-28,41,Oregon,558.0,13.060663505112267
2025-01-04,41,Oregon,539.0,12.615945572142493
2025-01-11,41,Oregon,321.0,7.5133924464893145
2025-01-18,41,Oregon,290.0,6.787800029538634
2025-01-25,41,Oregon,277.0,6.483519338559315
2025-02-01,41,Oregon,500.0,11.70310349920454
2025-02-08,41,Oregon,566.0,13.24791316109954
2025-02-15,41,Oregon,502.0,11.749915913201358
2025-02-22,41,Oregon,486.0,11.375416601226814
2025-03-01,41,Oregon,323.0,7.560204860486133
2025-03-08,41,Oregon,208.0,4.868491055669089
2025-03-15,41,Oregon,184.0,4.306742087707271
2025-03-22,41,Oregon,126.0,2.949182081799544
2025-03-29,41,Oregon,95.0,2.2235896648488627
2025-04-05,41,Oregon,85.0,1.9895275948647717
2025-04-12,41,Oregon,50.0,1.170310349920454
2025-04-19,41,Oregon,43.0,1.0064669009315905
2025-04-26,41,Oregon,33.0,0.7724048309474997
2025-05-03,41,Oregon,36.0,0.8426234519427269
2025-05-10,41,Oregon,27.0,0.6319675889570452
2025-05-17,41,Oregon,19.0,0.4447179329697725
2025-05-24,41,Oregon,20.0,0.4681241399681816
2025-05-31,41,Oregon,14.0,0.3276868979777271
2025-06-07,41,Oregon,16.0,0.3744993119745453
2025-06-14,41,Oregon,17.0,0.39790551897295434
2025-06-21,41,Oregon,11.0,0.25746827698249986
2025-06-28,41,Oregon,12.0,0.280874483980909
2025-07-05,41,Oregon,13.0,0.30428069097931804
2025-07-12,41,Oregon,7.0,0.16384344898886355
2025-07-19,41,Oregon,7.0,0.16384344898886355
2025-07-26,41,Oregon,9.0,0.21065586298568173
2025-08-02,41,Oregon,4.0,0.09362482799363632
2025-08-09,41,Oregon,4.0,0.09362482799363632
2025-08-16,41,Oregon,2.0,0.04681241399681816
2025-08-23,41,Oregon,5.0,0.1170310349920454
2025-08-30,41,Oregon,0.0,0.0
2025-09-06,41,Oregon,3.0,0.07021862099522724
2025-09-13,41,Oregon,3.0,0.07021862099522724
2025-09-20,41,Oregon,1.0,0.02340620699840908
2025-09-27,41,Oregon,3.0,0.07021862099522724
2024-10-05,42,Pennsylvania,61.0,0.46640539299203726
2024-10-12,42,Pennsylvania,26.0,0.19879574127529456
2024-10-19,42,Pennsylvania,6.0,0.04587594029429874
2024-10-26,42,Pennsylvania,63.0,0.4816973730901368
2024-11-02,42,Pennsylvania,104.0,0.7951829651011783
2024-11-09,42,Pennsylvania,142.0,1.0857305869650702
2024-11-16,42,Pennsylvania,111.0,0.8487048954445268
2024-11-23,42,Pennsylvania,134.0,1.024562666572672
2024-11-30,42,Pennsylvania,116.0,0.8869348456897758
2024-12-07,42,Pennsylvania,208.0,1.5903659302023565
2024-12-14,42,Pennsylvania,349.0,2.668450527118377
2024-12-21,42,Pennsylvania,630.0,4.816973730901368
2024-12-28,42,Pennsylvania,1208.0,9.236355979252147
2025-01-04,42,Pennsylvania,2031.0,15.529005789620125
2025-01-11,42,Pennsylvania,2059.0,15.74309351099352
2025-01-18,42,Pennsylvania,2480.0,18.962055321643483
2025-01-25,42,Pennsylvania,3179.0,24.306602365929283
2025-02-01,42,Pennsylvania,3852.0,29.452353668939793
2025-02-08,42,Pennsylvania,4357.0,33.31357864370994
2025-02-15,42,Pennsylvania,4569.0,34.934528534108495
2025-02-22,42,Pennsylvania,3747.0,28.649524713789567
2025-03-01,42,Pennsylvania,3135.0,23.970178803771095
2025-03-08,42,Pennsylvania,2428.0,18.56446383909289
2025-03-15,42,Pennsylvania,1646.0,12.585299620735956
2025-03-22,42,Pennsylvania,1346.0,10.291502606021018
2025-03-29,42,Pennsylvania,958.0,7.324858466989699
2025-04-05,42,Pennsylvania,671.0,5.13045932291241
2025-04-12,42,Pennsylvania,479.0,3.6624292334948496
2025-04-19,42,Pennsylvania,417.0,3.1883778504537625
2025-04-26,42,Pennsylvania,474.0,3.6241992832496006
2025-05-03,42,Pennsylvania,256.0,1.9573734525567463
2025-05-10,42,Pennsylvania,262.0,2.0032493928510453
2025-05-17,42,Pennsylvania,173.0,1.3227562784856137
2025-05-24,42,Pennsylvania,172.0,1.315110288436564
2025-05-31,42,Pennsylvania,187.0,1.429800139172311
2025-06-07,42,Pennsylvania,162.0,1.2386503879460662
2025-06-14,42,Pennsylvania,156.0,1.1927744476517674
2025-06-21,42,Pennsylvania,153.0,1.169836477504618
2025-06-28,42,Pennsylvania,144.0,1.10102256706317
2025-07-05,42,Pennsylvania,104.0,0.7951829651011783
2025-07-12,42,Pennsylvania,127.0,0.9710407362293234
2025-07-19,42,Pennsylvania,106.0,0.8104749451992779
2025-07-26,42,Pennsylvania,119.0,0.9098728158369251
2025-08-02,42,Pennsylvania,92.0,0.7034310845125807
2025-08-09,42,Pennsylvania,92.0,0.7034310845125807
2025-08-16,42,Pennsylvania,105.0,0.802828955150228
2025-08-23,42,Pennsylvania,100.0,0.7645990049049791
2025-08-30,42,Pennsylvania,93.0,0.7110770745616305
2025-09-06,42,Pennsylvania,90.0,0.6881391044144811
2025-09-13,42,Pennsylvania,120.0,0.9175188058859749
2025-09-20,42,Pennsylvania,121.0,0.9251647959350247
2025-09-27,42,Pennsylvania,119.0,0.9098728158369251
2024-10-05,,,19.0,
2024-10-12,,,7.0,
2024-10-19,,,119.0,
2024-10-26,,,255.0,
2024-11-02,,,88.0,
2024-11-09,,,166.0,
2024-11-16,,,160.0,
2024-11-23,,,254.0,
2024-11-30,,,274.0,
2024-12-07,,,427.0,
2024-12-14,,,865.0,
2024-12-21,,,1728.0,
2024-12-28,,,3743.0,
2025-01-04,,,5701.0,
2025-01-11,,,5016.0,
2025-01-18,,,5225.0,
2025-01-25,,,7046.0,
2025-02-01,,,9292.0,
2025-02-08,,,10939.0,
2025-02-15,,,10900.0,
2025-02-22,,,9715.0,
2025-03-01,,,7880.0,
2025-03-08,,,5743.0,
2025-03-15,,,4035.0,
2025-03-22,,,3029.0,
2025-03-29,,,1900.0,
2025-04-05,,,1147.0,
2025-04-12,,,792.0,
2025-04-19,,,589.0,
2025-04-26,,,440.0,
2025-05-03,,,340.0,
2025-05-10,,,261.0,
2025-05-17,,,187.0,
2025-05-24,,,182.0,
2025-05-31,,,164.0,
2025-06-07,,,104.0,
2025-06-14,,,94.0,
2025-06-21,,,94.0,
2025-06-28,,,101.0,
2025-07-05,,,98.0,
2025-07-12,,,72.0,
2025-07-19,,,60.0,
2025-07-26,,,60.0,
2025-08-02,,,63.0,
2025-08-09,,,46.0,
2025-08-16,,,55.0,
2025-08-23,,,64.0,
2025-08-30,,,63.0,
2025-09-06,,,62.0,
2025-09-13,,,82.0,
2025-09-20,,,64.0,
2025-09-27,,,58.0,
2021-10-09,,,47.0,
2021-10-16,,,52.0,
2021-10-23,,,32.0,
2021-10-30,,,30.0,
2021-11-06,,,41.0,
2021-11-13,,,52.0,
2021-11-20,,,47.0,
2021-11-27,,,48.0,
2021-12-04,,,120.0,
2021-12-11,,,150.0,
2021-12-18,,,183.0,
2021-12-25,,,249.0,
2022-01-01,,,424.0,
2022-01-08,,,356.0,
2022-01-15,,,243.0,
2022-01-22,,,160.0,
2022-01-29,,,149.0,
2022-02-05,,,234.0,
2022-02-12,,,311.0,
2022-02-19,,,497.0,
2022-02-26,,,555.0,
2022-03-05,,,528.0,
2022-03-12,,,649.0,
2022-03-19,,,891.0,
2022-03-26,,,934.0,
2022-04-02,,,842.0,
2022-04-09,,,603.0,
2022-04-16,,,538.0,
2022-04-23,,,602.0,
2022-04-30,,,321.0,
2022-05-07,,,284.0,
2022-05-14,,,286.0,
2022-05-21,,,269.0,
2022-05-28,,,232.0,
2022-06-04,,,210.0,
2022-06-11,,,172.0,
2022-06-18,,,175.0,
2022-06-25,,,153.0,
2022-07-02,,,132.0,
2022-07-09,,,88.0,
2022-07-16,,,135.0,
2022-07-23,,,118.0,
2022-07-30,,,74.0,
2022-08-06,,,92.0,
2022-08-13,,,105.0,
2022-08-20,,,110.0,
2022-08-27,,,99.0,
2022-09-03,,,135.0,
2022-09-10,,,149.0,
2022-09-17,,,163.0,
2022-09-24,,,252.0,
2022-10-01,,,206.0,
2020-08-08,,,,
2020-08-15,,,,
2020-08-22,,,,
2020-08-29,,,,
2020-09-05,,,,
2020-09-12,,,,
2020-09-19,,,,
2020-09-26,,,0.0,
2020-10-03,,,0.0,
2020-10-10,,,0.0,
2020-10-17,,,0.0,
2020-10-24,,,4.0,
2020-10-31,,,3.0,
2020-11-07,,,7.0,
2020-11-14,,,16.0,
2020-11-21,,,7.0,
2020-11-28,,,4.0,
2020-12-05,,,7.0,
2020-12-12,,,13.0,
2020-12-19,,,8.0,
2020-12-26,,,9.0,
2021-01-02,,,1.0,
2021-01-09,,,2.0,
2021-01-16,,,19.0,
2021-01-23,,,5.0,
2021-01-30,,,6.0,
2021-02-06,,,2.0,
2021-02-13,,,3.0,
2021-02-20,,,2.0,
2021-02-27,,,2.0,
2021-03-06,,,8.0,
2021-03-13,,,3.0,
2021-03-20,,,1.0,
2021-03-27,,,5.0,
2021-04-03,,,0.0,
2021-04-10,,,4.0,
2021-04-17,,,1.0,
2021-04-24,,,6.0,
2021-05-01,,,5.0,
2021-05-08,,,4.0,
2021-05-15,,,2.0,
2021-05-22,,,4.0,
2021-05-29,,,13.0,
2021-06-05,,,0.0,
2021-06-12,,,16.0,
2021-06-19,,,10.0,
2021-06-26,,,5.0,
2021-07-03,,,5.0,
2021-07-10,,,9.0,
2021-07-17,,,5.0,
2021-07-24,,,2.0,
2021-07-31,,,3.0,
2021-08-07,,,5.0,
2021-08-14,,,4.0,
2021-08-21,,,7.0,
2021-08-28,,,4.0,
2021-09-04,,,6.0,
2021-09-11,,,10.0,
2021-09-18,,,10.0,
2021-09-25,,,3.0,
2021-10-02,,,2.0,
2023-10-07,45,South Carolina,22.0,0.4015455121722134
2023-10-14,45,South Carolina,26.0,0.4745537871126158
2023-10-21,45,South Carolina,32.0,0.5840661995232195
2023-10-28,45,South Carolina,21.0,0.38329344343711275
2023-11-04,45,South Carolina,45.0,0.8213430930795274
2023-11-11,45,South Carolina,52.0,0.9491075742252316
2023-11-18,45,South Carolina,64.0,1.168132399046439
2023-11-25,45,South Carolina,81.0,1.4784175675431492
2023-12-02,45,South Carolina,133.0,2.4275251417683807
2023-12-09,45,South Carolina,177.0,3.2306161661128074
2023-12-16,45,South Carolina,264.0,4.81854614606656
2023-12-23,45,South Carolina,421.0,7.684120937477356
2023-12-30,45,South Carolina,649.0,11.845592609080295
2024-01-06,45,South Carolina,473.0,8.633228511702587
2024-01-13,45,South Carolina,268.0,4.891554421006963
2024-01-20,45,South Carolina,197.0,3.5956575408148197
2024-01-27,45,South Carolina,213.0,3.8876906405764293
2024-02-03,45,South Carolina,175.0,3.1941120286426066
2024-02-10,45,South Carolina,132.0,2.40927307303328
2024-02-17,45,South Carolina,130.0,2.372768935563079
2024-02-24,45,South Carolina,111.0,2.0259796295961676
2024-03-02,45,South Carolina,107.0,1.952971354655765
2024-03-09,45,South Carolina,97.0,1.770450667304759
2024-03-16,45,South Carolina,74.0,1.350653086397445
2024-03-23,45,South Carolina,66.0,1.20463653651664
2024-03-30,45,South Carolina,63.0,1.1498803303113383
2024-04-06,45,South Carolina,44.0,0.8030910243444268
2024-04-13,45,South Carolina,64.0,1.168132399046439
2024-04-20,45,South Carolina,37.0,0.6753265431987225
2024-04-27,45,South Carolina,30.0,0.5475620620530183
2024-05-04,45,South Carolina,31.0,0.5658141307881188
2024-05-11,45,South Carolina,21.0,0.38329344343711275
2024-05-18,45,South Carolina,22.0,0.4015455121722134
2024-05-25,45,South Carolina,18.0,0.32853723723181094
2024-06-01,45,South Carolina,19.0,0.34678930596691154
2024-06-08,45,South Carolina,28.0,0.5110579245828171
2024-06-15,45,South Carolina,29.0,0.5293099933179176
2024-06-22,45,South Carolina,20.0,0.36504137470201214
2024-06-29,45,South Carolina,17.0,0.31028516849671034
2024-07-06,45,South Carolina,19.0,0.34678930596691154
2024-07-13,45,South Carolina,20.0,0.36504137470201214
2024-07-20,45,South Carolina,15.0,0.27378103102650914
2024-07-27,45,South Carolina,16.0,0.29203309976160974
2024-08-03,45,South Carolina,22.0,0.4015455121722134
2024-08-10,45,South Carolina,15.0,0.27378103102650914
2024-08-17,45,South Carolina,16.0,0.29203309976160974
2024-08-24,45,South Carolina,24.0,0.4380496496424146
2024-08-31,45,South Carolina,3.0,0.054756206205301826
2024-09-07,45,South Carolina,2.0,0.03650413747020122
2024-09-14,45,South Carolina,2.0,0.03650413747020122
2024-09-21,45,South Carolina,1.0,0.01825206873510061
2024-09-28,45,South Carolina,2.0,0.03650413747020122
2025-10-04,45,South Carolina,17.0,0.31028516849671034
2025-10-11,45,South Carolina,19.0,0.34678930596691154
2025-10-18,45,South Carolina,6.0,0.10951241241060365
2025-10-25,45,South Carolina,6.0,0.10951241241060365
2025-11-01,45,South Carolina,12.0,0.2190248248212073
2025-11-08,45,South Carolina,16.0,0.29203309976160974
2025-11-15,45,South Carolina,20.0,0.36504137470201214
2025-11-22,45,South Carolina,41.0,0.748334818139125
2025-11-29,45,South Carolina,53.0,0.9673596429603323
2025-12-06,45,South Carolina,86.0,1.5696779112186523
2025-12-13,45,South Carolina,123.0,2.2450044544173746
2025-12-20,45,South Carolina,391.0,7.136558875424337
2025-12-27,45,South Carolina,856.0,15.62377083724612
2026-01-03,45,South Carolina,891.0,16.262593242974642
2026-01-10,45,South Carolina,559.0,10.20290642292124
2026-01-17,45,South Carolina,300.0,5.475620620530182
2026-01-24,45,South Carolina,241.0,4.398748565159247
2026-01-31,45,South Carolina,260.0,4.745537871126158
2026-02-07,45,South Carolina,255.0,4.654277527450655
2026-02-14,45,South Carolina,234.0,4.270984084013542
2026-02-21,45,South Carolina,258.0,4.709033733655957
2026-02-28,45,South Carolina,184.0,3.358380647258512
2026-03-07,45,South Carolina,96.0,1.7521985985696584
2026-03-14,45,South Carolina,72.0,1.3141489489272438
2026-03-21,45,South Carolina,51.0,0.930855505490131
2026-03-28,45,South Carolina,15.0,0.27378103102650914
2026-04-04,45,South Carolina,13.0,0.2372768935563079
2026-04-11,45,South Carolina,11.0,0.2007727560861067
2026-04-18,45,South Carolina,3.0,0.054756206205301826
2023-10-07,47,Tennessee,28.0,0.38739580090622944
2023-10-14,47,Tennessee,32.0,0.44273805817854794
2023-10-21,47,Tennessee,43.0,0.5949292656774238
2023-10-28,47,Tennessee,44.0,0.6087648299955034
2023-11-04,47,Tennessee,44.0,0.6087648299955034
2023-11-11,47,Tennessee,47.0,0.6502715229497423
2023-11-18,47,Tennessee,57.0,0.7886271661305385
2023-11-25,47,Tennessee,73.0,1.0099961952198124
2023-12-02,47,Tennessee,98.0,1.3558853031718032
2023-12-09,47,Tennessee,152.0,2.1030057763481027
2023-12-16,47,Tennessee,178.0,2.462730448618173
2023-12-23,47,Tennessee,294.0,4.067655909515409
2023-12-30,47,Tennessee,538.0,7.443533603126838
2024-01-06,47,Tennessee,474.0,6.558057486769742
2024-01-13,47,Tennessee,390.0,5.395870084051054
2024-01-20,47,Tennessee,350.0,4.842447511327868
2024-01-27,47,Tennessee,280.0,3.8739580090622945
2024-02-03,47,Tennessee,223.0,3.085330842931756
2024-02-10,47,Tennessee,196.0,2.7117706063436064
2024-02-17,47,Tennessee,195.0,2.697935042025527
2024-02-24,47,Tennessee,201.0,2.780948427934004
2024-03-02,47,Tennessee,236.0,3.265193179066791
2024-03-09,47,Tennessee,188.0,2.6010860917989693
2024-03-16,47,Tennessee,129.0,1.7847877970322714
2024-03-23,47,Tennessee,127.0,1.7571166683961121
2024-03-30,47,Tennessee,84.0,1.1621874027186885
2024-04-06,47,Tennessee,102.0,1.4112275604441216
2024-04-13,47,Tennessee,77.0,1.065338452492131
2024-04-20,47,Tennessee,58.0,0.8024627304486182
2024-04-27,47,Tennessee,51.0,0.7056137802220608
2024-05-04,47,Tennessee,22.0,0.3043824149977517
2024-05-11,47,Tennessee,17.0,0.2352045934073536
2024-05-18,47,Tennessee,21.0,0.2905468506796721
2024-05-25,47,Tennessee,20.0,0.2767112863615925
2024-06-01,47,Tennessee,30.0,0.4150669295423887
2024-06-08,47,Tennessee,17.0,0.2352045934073536
2024-06-15,47,Tennessee,15.0,0.20753346477119436
2024-06-22,47,Tennessee,12.0,0.1660267718169555
2024-06-29,47,Tennessee,7.0,0.09684895022655736
2024-07-06,47,Tennessee,10.0,0.13835564318079624
2024-07-13,47,Tennessee,11.0,0.15219120749887585
2024-07-20,47,Tennessee,10.0,0.13835564318079624
2024-07-27,47,Tennessee,13.0,0.1798623361350351
2024-08-03,47,Tennessee,9.0,0.12452007886271661
2024-08-10,47,Tennessee,9.0,0.12452007886271661
2024-08-17,47,Tennessee,9.0,0.12452007886271661
2024-08-24,47,Tennessee,8.0,0.11068451454463699
2024-08-31,47,Tennessee,11.0,0.15219120749887585
2024-09-07,47,Tennessee,8.0,0.11068451454463699
2024-09-14,47,Tennessee,6.0,0.08301338590847775
2024-09-21,47,Tennessee,2.0,0.027671128636159247
2024-09-28,47,Tennessee,5.0,0.06917782159039812
2023-10-07,49,Utah,4.0,0.11416786043435734
2023-10-14,49,Utah,3.0,0.085625895325768
2023-10-21,49,Utah,9.0,0.256877685977304
2023-10-28,49,Utah,5.0,0.14270982554294667
2023-11-04,49,Utah,9.0,0.256877685977304
2023-11-11,49,Utah,5.0,0.14270982554294667
2023-11-18,49,Utah,7.0,0.19979375576012534
2023-11-25,49,Utah,10.0,0.28541965108589334
2023-12-02,49,Utah,17.0,0.48521340684601866
2023-12-09,49,Utah,17.0,0.48521340684601866
2023-12-16,49,Utah,24.0,0.685007162606144
2023-12-23,49,Utah,58.0,1.6554339762981813
2023-12-30,49,Utah,80.0,2.2833572086871468
2024-01-06,49,Utah,63.0,1.798143801841128
2024-01-13,49,Utah,47.0,1.3414723601036986
2024-01-20,49,Utah,28.0,0.7991750230405014
2024-01-27,49,Utah,38.0,1.0845946741263948
2024-02-03,49,Utah,28.0,0.7991750230405014
2024-02-10,49,Utah,16.0,0.45667144173742935
2024-02-17,49,Utah,19.0,0.5422973370631974
2024-02-24,49,Utah,9.0,0.256877685977304
2024-03-02,49,Utah,17.0,0.48521340684601866
2024-03-09,49,Utah,14.0,0.3995875115202507
2024-03-16,49,Utah,13.0,0.3710455464116613
2024-03-23,49,Utah,11.0,0.31396161619448265
2024-03-30,49,Utah,11.0,0.31396161619448265
2024-04-06,49,Utah,5.0,0.14270982554294667
2024-04-13,49,Utah,1.0,0.028541965108589334
2024-04-20,49,Utah,3.0,0.085625895325768
2024-04-27,49,Utah,6.0,0.171251790651536
2024-05-04,49,Utah,2.0,0.05708393021717867
2024-05-11,49,Utah,3.0,0.085625895325768
2024-05-18,49,Utah,0.0,0.0
2024-05-25,49,Utah,0.0,0.0
2024-06-01,49,Utah,0.0,0.0
2024-06-08,49,Utah,0.0,0.0
2024-06-15,49,Utah,0.0,0.0
2024-06-22,49,Utah,0.0,0.0
2024-06-29,49,Utah,0.0,0.0
2024-07-06,49,Utah,0.0,0.0
2024-07-13,49,Utah,0.0,0.0
2024-07-20,49,Utah,0.0,0.0
2024-07-27,49,Utah,0.0,0.0
2024-08-03,49,Utah,0.0,0.0
2024-08-10,49,Utah,0.0,0.0
2024-08-17,49,Utah,0.0,0.0
2024-08-24,49,Utah,0.0,0.0
2024-08-31,49,Utah,0.0,0.0
2024-09-07,49,Utah,0.0,0.0
2024-09-14,49,Utah,0.0,0.0
2024-09-21,49,Utah,0.0,0.0
2024-09-28,49,Utah,0.0,0.0
2023-10-07,04,Arizona,16.0,0.21101542733789266
2023-10-14,04,Arizona,21.0,0.27695774838098414
2023-10-21,04,Arizona,52.0,0.6858001388481512
2023-10-28,04,Arizona,49.0,0.6462347462222963
2023-11-04,04,Arizona,51.0,0.6726116746395329
2023-11-11,04,Arizona,132.0,1.7408772755376145
2023-11-18,04,Arizona,187.0,2.4662428070116205
2023-11-25,04,Arizona,209.0,2.756389019601223
2023-12-02,04,Arizona,276.0,3.6400161215786486
2023-12-09,04,Arizona,388.0,5.117124112943897
2023-12-16,04,Arizona,602.0,7.939455453588212
2023-12-23,04,Arizona,946.0,12.476287141352904
2023-12-30,04,Arizona,1106.0,14.586441414731832
2024-01-06,04,Arizona,907.0,11.96193703721679
2024-01-13,04,Arizona,716.0,9.442940373370696
2024-01-20,04,Arizona,682.0,8.994532590277675
2024-01-27,04,Arizona,616.0,8.124093952508868
2024-02-03,04,Arizona,343.0,4.523643223556074
2024-02-10,04,Arizona,183.0,2.4134889501771473
2024-02-17,04,Arizona,204.0,2.6904466985581315
2024-02-24,04,Arizona,204.0,2.6904466985581315
2024-03-02,04,Arizona,182.0,2.400300485968529
2024-03-09,04,Arizona,125.0,1.6485580260772865
2024-03-16,04,Arizona,134.0,1.767254203954851
2024-03-23,04,Arizona,106.0,1.397977206113539
2024-03-30,04,Arizona,97.0,1.2792810282359743
2024-04-06,04,Arizona,81.0,1.0682656008980818
2024-04-13,04,Arizona,85.0,1.1210194577325547
2024-04-20,04,Arizona,79.0,1.0418886724808452
2024-04-27,04,Arizona,105.0,1.3847887419049207
2024-05-04,04,Arizona,75.0,0.989134815646372
2024-05-11,04,Arizona,73.0,0.9627578872291354
2024-05-18,04,Arizona,66.0,0.8704386377688073
2024-05-25,04,Arizona,66.0,0.8704386377688073
2024-06-01,04,Arizona,68.0,0.8968155661860439
2024-06-08,04,Arizona,53.0,0.6989886030567695
2024-06-15,04,Arizona,69.0,0.9100040303946622
2024-06-22,04,Arizona,44.0,0.5802924251792049
2024-06-29,04,Arizona,23.0,0.30333467679822074
2024-07-06,04,Arizona,29.0,0.3824654620499305
2024-07-13,04,Arizona,29.0,0.3824654620499305
2024-07-20,04,Arizona,16.0,0.21101542733789266
2024-07-27,04,Arizona,12.0,0.15826157050341952
2024-08-03,04,Arizona,10.0,0.13188464208618292
2024-08-10,04,Arizona,25.0,0.3297116052154573
2024-08-17,04,Arizona,17.0,0.22420389154651096
2024-08-24,04,Arizona,25.0,0.3297116052154573
2024-08-31,04,Arizona,26.0,0.3429000694240756
2024-09-07,04,Arizona,14.0,0.1846384989206561
2024-09-14,04,Arizona,24.0,0.31652314100683904
2024-09-21,04,Arizona,18.0,0.23739235575512926
2024-09-28,04,Arizona,14.0,0.1846384989206561
2025-10-04,04,Arizona,19.0,0.25058081996374754
2025-10-11,04,Arizona,9.0,0.11869617787756463
2025-10-18,04,Arizona,12.0,0.15826157050341952
2025-10-25,04,Arizona,15.0,0.1978269631292744
2025-11-01,04,Arizona,11.0,0.14507310629480122
2025-11-08,04,Arizona,17.0,0.22420389154651096
2025-11-15,04,Arizona,18.0,0.23739235575512926
2025-11-22,04,Arizona,47.0,0.6198578178050598
2025-11-29,04,Arizona,47.0,0.6198578178050598
2025-12-06,04,Arizona,41.0,0.54072703255335
2025-12-13,04,Arizona,80.0,1.0550771366894633
2025-12-20,04,Arizona,132.0,1.7408772755376145
2025-12-27,04,Arizona,316.0,4.167554689923381
2026-01-03,04,Arizona,362.0,4.774224043519822
2026-01-10,04,Arizona,223.0,2.9410275185218793
2026-01-17,04,Arizona,145.0,1.9123273102496523
2026-01-24,04,Arizona,198.0,2.611315913306422
2026-01-31,04,Arizona,263.0,3.468566086866611
2026-02-07,04,Arizona,346.0,4.563208616181929
2026-02-14,04,Arizona,415.0,5.473212646576592
2026-02-21,04,Arizona,354.0,4.668716329850875
2026-02-28,04,Arizona,284.0,3.745523835247595
2026-03-07,04,Arizona,237.0,3.1256660174425352
2026-03-14,04,Arizona,196.0,2.584938984889185
2026-03-21,04,Arizona,136.0,1.7936311323720877
2026-03-28,04,Arizona,125.0,1.6485580260772865
2026-04-04,04,Arizona,74.0,0.9759463514377537
2026-04-11,04,Arizona,67.0,0.8836271019774256
2026-04-18,04,Arizona,61.0,0.8044963167257159
2020-08-08,12,Florida,,
2020-08-15,12,Florida,,
2020-08-22,12,Florida,,
2020-08-29,12,Florida,,
2020-09-05,12,Florida,,
2020-09-12,12,Florida,,
2020-09-19,12,Florida,,
2020-09-26,12,Florida,,
2024-10-05,15,Hawaii,0.0,0.0
2024-10-12,15,Hawaii,1.0,0.06914931134200834
2024-10-19,15,Hawaii,1.0,0.06914931134200834
2024-10-26,15,Hawaii,2.0,0.1382986226840167
2024-11-02,15,Hawaii,3.0,0.20744793402602504
2024-11-09,15,Hawaii,7.0,0.4840451793940584
2024-11-16,15,Hawaii,15.0,1.0372396701301252
2024-11-23,15,Hawaii,8.0,0.5531944907360667
2024-11-30,15,Hawaii,14.0,0.9680903587881168
2024-12-07,15,Hawaii,20.0,1.382986226840167
2024-12-14,15,Hawaii,34.0,2.3510765856282836
2024-12-21,15,Hawaii,42.0,2.9042710763643504
2024-12-28,15,Hawaii,57.0,3.9415107464944756
2025-01-04,15,Hawaii,125.0,8.643663917751043
2025-01-11,15,Hawaii,113.0,7.813872181646943
2025-01-18,15,Hawaii,91.0,6.29258733212276
2025-01-25,15,Hawaii,88.0,6.085139398096734
2025-02-01,15,Hawaii,70.0,4.840451793940584
2025-02-08,15,Hawaii,83.0,5.739392841386692
2025-02-15,15,Hawaii,79.0,5.462795596018659
2025-02-22,15,Hawaii,86.0,5.946840775412718
2025-03-01,15,Hawaii,67.0,4.6330038599145595
2025-03-08,15,Hawaii,63.0,4.3564066145465254
2025-03-15,15,Hawaii,56.0,3.872361435152467
2025-03-22,15,Hawaii,42.0,2.9042710763643504
2025-03-29,15,Hawaii,31.0,2.143628651602259
2025-04-05,15,Hawaii,39.0,2.6968231423383253
2025-04-12,15,Hawaii,24.0,1.6595834722082003
2025-04-19,15,Hawaii,24.0,1.6595834722082003
2025-04-26,15,Hawaii,24.0,1.6595834722082003
2025-05-03,15,Hawaii,34.0,2.3510765856282836
2025-05-10,15,Hawaii,30.0,2.0744793402602504
2025-05-17,15,Hawaii,25.0,1.7287327835502087
2025-05-24,15,Hawaii,18.0,1.2446876041561503
2025-05-31,15,Hawaii,19.0,1.3138369154981586
2025-06-07,15,Hawaii,10.0,0.6914931134200835
2025-06-14,15,Hawaii,14.0,0.9680903587881168
2025-06-21,15,Hawaii,5.0,0.34574655671004173
2025-06-28,15,Hawaii,8.0,0.5531944907360667
2025-07-05,15,Hawaii,9.0,0.6223438020780752
2025-07-12,15,Hawaii,4.0,0.2765972453680334
2025-07-19,15,Hawaii,3.0,0.20744793402602504
2025-07-26,15,Hawaii,6.0,0.4148958680520501
2025-08-02,15,Hawaii,4.0,0.2765972453680334
2025-08-09,15,Hawaii,6.0,0.4148958680520501
2025-08-16,15,Hawaii,4.0,0.2765972453680334
2025-08-23,15,Hawaii,0.0,0.0
2025-08-30,15,Hawaii,4.0,0.2765972453680334
2025-09-06,15,Hawaii,4.0,0.2765972453680334
2025-09-13,15,Hawaii,6.0,0.4148958680520501
2025-09-20,15,Hawaii,1.0,0.06914931134200834
2025-09-27,15,Hawaii,3.0,0.20744793402602504
2020-10-03,19,Iowa,,
2020-10-10,19,Iowa,,
2020-10-17,19,Iowa,,
2020-10-24,19,Iowa,1.0,0.03085002936922796
2020-10-31,19,Iowa,2.0,0.06170005873845592
2020-11-07,19,Iowa,9.0,0.2776502643230516
2020-11-14,19,Iowa,16.0,0.49360046990764733
2020-11-21,19,Iowa,4.0,0.12340011747691183
2020-11-28,19,Iowa,9.0,0.2776502643230516
2020-12-05,19,Iowa,1.0,0.03085002936922796
2020-12-12,19,Iowa,3.0,0.09255008810768388
2020-12-19,19,Iowa,4.0,0.12340011747691183
2020-12-26,19,Iowa,2.0,0.06170005873845592
2021-01-02,19,Iowa,7.0,0.2159502055845957
2021-01-09,19,Iowa,2.0,0.06170005873845592
2021-01-16,19,Iowa,7.0,0.2159502055845957
2021-01-23,19,Iowa,1.0,0.03085002936922796
2021-01-30,19,Iowa,3.0,0.09255008810768388
2021-02-06,19,Iowa,2.0,0.06170005873845592
2021-02-13,19,Iowa,1.0,0.03085002936922796
2021-02-20,19,Iowa,4.0,0.12340011747691183
2021-02-27,19,Iowa,0.0,0.0
2021-03-06,19,Iowa,0.0,0.0
2021-03-13,19,Iowa,2.0,0.06170005873845592
2021-03-20,19,Iowa,0.0,0.0
2021-03-27,19,Iowa,10.0,0.3085002936922796
2021-04-03,19,Iowa,3.0,0.09255008810768388
2021-04-10,19,Iowa,1.0,0.03085002936922796
2021-04-17,19,Iowa,13.0,0.4010503817999635
2021-04-24,19,Iowa,2.0,0.06170005873845592
2021-05-01,19,Iowa,2.0,0.06170005873845592
2021-05-08,19,Iowa,2.0,0.06170005873845592
2021-05-15,19,Iowa,0.0,0.0
2021-05-22,19,Iowa,1.0,0.03085002936922796
2021-05-29,19,Iowa,1.0,0.03085002936922796
2021-06-05,19,Iowa,0.0,0.0
2021-06-12,19,Iowa,1.0,0.03085002936922796
2021-06-19,19,Iowa,0.0,0.0
2021-06-26,19,Iowa,0.0,0.0
2021-07-03,19,Iowa,0.0,0.0
2021-07-10,19,Iowa,0.0,0.0
2021-07-17,19,Iowa,0.0,0.0
2021-07-24,19,Iowa,0.0,0.0
2021-07-31,19,Iowa,0.0,0.0
2021-08-07,19,Iowa,0.0,0.0
2021-08-14,19,Iowa,0.0,0.0
2021-08-21,19,Iowa,3.0,0.09255008810768388
2021-08-28,19,Iowa,0.0,0.0
2021-09-04,19,Iowa,0.0,0.0
2021-09-11,19,Iowa,1.0,0.03085002936922796
2021-09-18,19,Iowa,0.0,0.0
2021-09-25,19,Iowa,9.0,0.2776502643230516
2021-10-02,19,Iowa,0.0,0.0
2022-10-08,16,Idaho,1.0,0.04995955773801108
2022-10-15,16,Idaho,1.0,0.04995955773801108
2022-10-22,16,Idaho,1.0,0.04995955773801108
2022-10-29,16,Idaho,1.0,0.04995955773801108
2022-11-05,16,Idaho,16.0,0.7993529238081772
2022-11-12,16,Idaho,11.0,0.5495551351181219
2022-11-19,16,Idaho,56.0,2.7977352333286203
2022-11-26,16,Idaho,141.0,7.044297641059562
2022-12-03,16,Idaho,183.0,9.142599066056027
2022-12-10,16,Idaho,185.0,9.24251818153205
2022-12-17,16,Idaho,286.0,14.288433513071169
2022-12-24,16,Idaho,203.0,10.14179022081625
2022-12-31,16,Idaho,223.0,11.140981375576471
2023-01-07,16,Idaho,112.0,5.595470466657241
2023-01-14,16,Idaho,46.0,2.2981396559485097
2023-01-21,16,Idaho,35.0,1.7485845208303878
2023-01-28,16,Idaho,17.0,0.8493124815461883
2023-02-04,16,Idaho,3.0,0.14987867321403325
2023-02-11,16,Idaho,4.0,0.1998382309520443
2023-02-18,16,Idaho,8.0,0.3996764619040886
2023-02-25,16,Idaho,3.0,0.14987867321403325
2023-03-04,16,Idaho,3.0,0.14987867321403325
2023-03-11,16,Idaho,4.0,0.1998382309520443
2023-03-18,16,Idaho,6.0,0.2997573464280665
2023-03-25,16,Idaho,3.0,0.14987867321403325
2023-04-01,16,Idaho,3.0,0.14987867321403325
2023-04-08,16,Idaho,5.0,0.2497977886900554
2023-04-15,16,Idaho,2.0,0.09991911547602216
2023-04-22,16,Idaho,3.0,0.14987867321403325
2023-04-29,16,Idaho,7.0,0.34971690416607754
2023-05-06,16,Idaho,5.0,0.2497977886900554
2023-05-13,16,Idaho,9.0,0.4496360196420997
2023-05-20,16,Idaho,1.0,0.04995955773801108
2023-05-27,16,Idaho,2.0,0.09991911547602216
2023-06-03,16,Idaho,2.0,0.09991911547602216
2023-06-10,16,Idaho,1.0,0.04995955773801108
2023-06-17,16,Idaho,6.0,0.2997573464280665
2023-06-24,16,Idaho,1.0,0.04995955773801108
2023-07-01,16,Idaho,7.0,0.34971690416607754
2023-07-08,16,Idaho,3.0,0.14987867321403325
2023-07-15,16,Idaho,3.0,0.14987867321403325
2023-07-22,16,Idaho,1.0,0.04995955773801108
2023-07-29,16,Idaho,3.0,0.14987867321403325
2023-08-05,16,Idaho,2.0,0.09991911547602216
2023-08-12,16,Idaho,3.0,0.14987867321403325
2023-08-19,16,Idaho,3.0,0.14987867321403325
2023-08-26,16,Idaho,0.0,0.0
2023-09-02,16,Idaho,0.0,0.0
2023-09-09,16,Idaho,2.0,0.09991911547602216
2023-09-16,16,Idaho,0.0,0.0
2023-09-23,16,Idaho,3.0,0.14987867321403325
2023-09-30,16,Idaho,2.0,0.09991911547602216
2020-08-08,21,Kentucky,,
2020-08-15,21,Kentucky,,
2020-08-22,21,Kentucky,,
2020-08-29,21,Kentucky,,
2020-09-05,21,Kentucky,,
2020-09-12,21,Kentucky,,
2020-09-19,21,Kentucky,,
2020-09-26,21,Kentucky,,
2022-10-08,25,Massachusetts,6.0,0.08407870271045916
2022-10-15,25,Massachusetts,7.0,0.09809181982886901
2022-10-22,25,Massachusetts,9.0,0.12611805406568874
2022-10-29,25,Massachusetts,15.0,0.21019675677614788
2022-11-05,25,Massachusetts,30.0,0.42039351355229576
2022-11-12,25,Massachusetts,41.0,0.5745378018548042
2022-11-19,25,Massachusetts,73.0,1.0229575496439196
2022-11-26,25,Massachusetts,175.0,2.4522954957217253
2022-12-03,25,Massachusetts,451.0,6.319915820402846
2022-12-10,25,Massachusetts,544.0,7.623135712414963
2022-12-17,25,Massachusetts,659.0,9.234644181032097
2022-12-24,25,Massachusetts,760.0,10.649969009991493
2022-12-31,25,Massachusetts,765.0,10.720034595583542
2023-01-07,25,Massachusetts,489.0,6.852414270902421
2023-01-14,25,Massachusetts,251.0,3.5172923967208747
2023-01-21,25,Massachusetts,131.0,1.8357183425116914
2023-01-28,25,Massachusetts,76.0,1.0649969009991493
2023-02-04,25,Massachusetts,58.0,0.8127607928677718
2023-02-11,25,Massachusetts,59.0,0.8267739099861816
2023-02-18,25,Massachusetts,39.0,0.5465115676179845
2023-02-25,25,Massachusetts,21.0,0.29427545948660705
2023-03-04,25,Massachusetts,15.0,0.21019675677614788
2023-03-11,25,Massachusetts,18.0,0.2522361081313775
2023-03-18,25,Massachusetts,20.0,0.2802623423681972
2023-03-25,25,Massachusetts,19.0,0.26624922524978734
2023-04-01,25,Massachusetts,13.0,0.18217052253932817
2023-04-08,25,Massachusetts,11.0,0.15414428830250845
2023-04-15,25,Massachusetts,10.0,0.1401311711840986
2023-04-22,25,Massachusetts,9.0,0.12611805406568874
2023-04-29,25,Massachusetts,9.0,0.12611805406568874
2023-05-06,25,Massachusetts,10.0,0.1401311711840986
2023-05-13,25,Massachusetts,18.0,0.2522361081313775
2023-05-20,25,Massachusetts,13.0,0.18217052253932817
2023-05-27,25,Massachusetts,10.0,0.1401311711840986
2023-06-03,25,Massachusetts,9.0,0.12611805406568874
2023-06-10,25,Massachusetts,11.0,0.15414428830250845
2023-06-17,25,Massachusetts,12.0,0.1681574054209183
2023-06-24,25,Massachusetts,4.0,0.056052468473639434
2023-07-01,25,Massachusetts,7.0,0.09809181982886901
2023-07-08,25,Massachusetts,3.0,0.04203935135522958
2023-07-15,25,Massachusetts,7.0,0.09809181982886901
2023-07-22,25,Massachusetts,10.0,0.1401311711840986
2023-07-29,25,Massachusetts,4.0,0.056052468473639434
2023-08-05,25,Massachusetts,6.0,0.08407870271045916
2023-08-12,25,Massachusetts,10.0,0.1401311711840986
2023-08-19,25,Massachusetts,6.0,0.08407870271045916
2023-08-26,25,Massachusetts,8.0,0.11210493694727887
2023-09-02,25,Massachusetts,17.0,0.2382229910129676
2023-09-09,25,Massachusetts,8.0,0.11210493694727887
2023-09-16,25,Massachusetts,5.0,0.0700655855920493
2023-09-23,25,Massachusetts,10.0,0.1401311711840986
2023-09-30,25,Massachusetts,8.0,0.11210493694727887
2020-08-08,27,Minnesota,,
2020-08-15,27,Minnesota,,
2020-08-22,27,Minnesota,,
2020-08-29,27,Minnesota,,
2020-09-05,27,Minnesota,,
2020-09-12,27,Minnesota,,
2020-09-19,27,Minnesota,,
2020-09-26,27,Minnesota,,
2024-10-05,28,Mississippi,10.0,0.33978413513894623
2024-10-12,28,Mississippi,0.0,0.0
2024-10-19,28,Mississippi,4.0,0.13591365405557848
2024-10-26,28,Mississippi,0.0,0.0
2024-11-02,28,Mississippi,15.0,0.5096762027084193
2024-11-09,28,Mississippi,23.0,0.7815035108195764
2024-11-16,28,Mississippi,24.0,0.815481924333471
2024-11-23,28,Mississippi,36.0,1.2232228865002064
2024-11-30,28,Mississippi,28.0,0.9513955783890494
2024-12-07,28,Mississippi,39.0,1.3251581270418902
2024-12-14,28,Mississippi,62.0,2.1066616378614667
2024-12-21,28,Mississippi,100.0,3.397841351389462
2024-12-28,28,Mississippi,212.0,7.20342366494566
2025-01-04,28,Mississippi,285.0,9.683847851459968
2025-01-11,28,Mississippi,229.0,7.781056694681869
2025-01-18,28,Mississippi,251.0,8.52858179198755
2025-01-25,28,Mississippi,350.0,11.892444729863119
2025-02-01,28,Mississippi,589.0,20.013285559683933
2025-02-08,28,Mississippi,503.0,17.091141997488997
2025-02-15,28,Mississippi,289.0,9.819761505515546
2025-02-22,28,Mississippi,223.0,7.577186213598501
2025-03-01,28,Mississippi,214.0,7.271380491973449
2025-03-08,28,Mississippi,181.0,6.1500928460149265
2025-03-15,28,Mississippi,196.0,6.659769048723346
2025-03-22,28,Mississippi,106.0,3.60171183247283
2025-03-29,28,Mississippi,58.0,1.9707479838058881
2025-04-05,28,Mississippi,55.0,1.8688127432642043
2025-04-12,28,Mississippi,47.0,1.5969854351530473
2025-04-19,28,Mississippi,29.0,0.9853739919029441
2025-04-26,28,Mississippi,23.0,0.7815035108195764
2025-05-03,28,Mississippi,15.0,0.5096762027084193
2025-05-10,28,Mississippi,19.0,0.6455898567639978
2025-05-17,28,Mississippi,16.0,0.5436546162223139
2025-05-24,28,Mississippi,15.0,0.5096762027084193
2025-05-31,28,Mississippi,20.0,0.6795682702778925
2025-06-07,28,Mississippi,17.0,0.5776330297362086
2025-06-14,28,Mississippi,17.0,0.5776330297362086
2025-06-21,28,Mississippi,19.0,0.6455898567639978
2025-06-28,28,Mississippi,12.0,0.4077409621667355
2025-07-05,28,Mississippi,10.0,0.33978413513894623
2025-07-12,28,Mississippi,15.0,0.5096762027084193
2025-07-19,28,Mississippi,12.0,0.4077409621667355
2025-07-26,28,Mississippi,12.0,0.4077409621667355
2025-08-02,28,Mississippi,5.0,0.16989206756947312
2025-08-09,28,Mississippi,12.0,0.4077409621667355
2025-08-16,28,Mississippi,15.0,0.5096762027084193
2025-08-23,28,Mississippi,16.0,0.5436546162223139
2025-08-30,28,Mississippi,19.0,0.6455898567639978
2025-09-06,28,Mississippi,17.0,0.5776330297362086
2025-09-13,28,Mississippi,15.0,0.5096762027084193
2025-09-20,28,Mississippi,13.0,0.4417193756806301
2025-09-27,28,Mississippi,10.0,0.33978413513894623
2020-10-03,38,North Dakota,,
2020-10-10,38,North Dakota,,
2020-10-17,38,North Dakota,,
2020-10-24,38,North Dakota,2.0,0.2510771208484398
2020-10-31,38,North Dakota,0.0,0.0
2020-11-07,38,North Dakota,1.0,0.1255385604242199
2020-11-14,38,North Dakota,7.0,0.8787699229695394
2020-11-21,38,North Dakota,0.0,0.0
2020-11-28,38,North Dakota,1.0,0.1255385604242199
2020-12-05,38,North Dakota,4.0,0.5021542416968796
2020-12-12,38,North Dakota,2.0,0.2510771208484398
2020-12-19,38,North Dakota,0.0,0.0
2020-12-26,38,North Dakota,2.0,0.2510771208484398
2021-01-02,38,North Dakota,0.0,0.0
2021-01-09,38,North Dakota,1.0,0.1255385604242199
2021-01-16,38,North Dakota,2.0,0.2510771208484398
2021-01-23,38,North Dakota,0.0,0.0
2021-01-30,38,North Dakota,1.0,0.1255385604242199
2021-02-06,38,North Dakota,0.0,0.0
2021-02-13,38,North Dakota,0.0,0.0
2021-02-20,38,North Dakota,0.0,0.0
2021-02-27,38,North Dakota,0.0,0.0
2021-03-06,38,North Dakota,0.0,0.0
2021-03-13,38,North Dakota,0.0,0.0
2021-03-20,38,North Dakota,0.0,0.0
2021-03-27,38,North Dakota,0.0,0.0
2021-04-03,38,North Dakota,0.0,0.0
2021-04-10,38,North Dakota,1.0,0.1255385604242199
2021-04-17,38,North Dakota,0.0,0.0
2021-04-24,38,North Dakota,0.0,0.0
2021-05-01,38,North Dakota,0.0,0.0
2021-05-08,38,North Dakota,0.0,0.0
2021-05-15,38,North Dakota,1.0,0.1255385604242199
2021-05-22,38,North Dakota,0.0,0.0
2021-05-29,38,North Dakota,10.0,1.2553856042421991
2021-06-05,38,North Dakota,0.0,0.0
2021-06-12,38,North Dakota,0.0,0.0
2021-06-19,38,North Dakota,1.0,0.1255385604242199
2021-06-26,38,North Dakota,2.0,0.2510771208484398
2021-07-03,38,North Dakota,1.0,0.1255385604242199
2021-07-10,38,North Dakota,4.0,0.5021542416968796
2021-07-17,38,North Dakota,2.0,0.2510771208484398
2021-07-24,38,North Dakota,1.0,0.1255385604242199
2021-07-31,38,North Dakota,2.0,0.2510771208484398
2021-08-07,38,North Dakota,4.0,0.5021542416968796
2021-08-14,38,North Dakota,3.0,0.3766156812726597
2021-08-21,38,North Dakota,1.0,0.1255385604242199
2021-08-28,38,North Dakota,3.0,0.3766156812726597
2021-09-04,38,North Dakota,2.0,0.2510771208484398
2021-09-11,38,North Dakota,7.0,0.8787699229695394
2021-09-18,38,North Dakota,2.0,0.2510771208484398
2021-09-25,38,North Dakota,1.0,0.1255385604242199
2021-10-02,38,North Dakota,0.0,0.0
2020-08-08,33,New Hampshire,,
2020-08-15,33,New Hampshire,,
2020-08-22,33,New Hampshire,,
2020-08-29,33,New Hampshire,,
2020-09-05,33,New Hampshire,,
2020-09-12,33,New Hampshire,,
2020-09-19,33,New Hampshire,,
2020-09-26,33,New Hampshire,,
2020-10-03,32,Nevada,0.0,0.0
2020-10-10,32,Nevada,0.0,0.0
2020-10-17,32,Nevada,0.0,0.0
2020-10-24,32,Nevada,5.0,0.15302373367504554
2020-10-31,32,Nevada,53.0,1.6220515769554826
2020-11-07,32,Nevada,3.0,0.09181424020502732
2020-11-14,32,Nevada,1.0,0.030604746735009108
2020-11-21,32,Nevada,6.0,0.18362848041005464
2020-11-28,32,Nevada,2.0,0.061209493470018216
2020-12-05,32,Nevada,10.0,0.3060474673500911
2020-12-12,32,Nevada,11.0,0.33665221408510015
2020-12-19,32,Nevada,7.0,0.21423322714506374
2020-12-26,32,Nevada,3.0,0.09181424020502732
2021-01-02,32,Nevada,17.0,0.5202806944951548
2021-01-09,32,Nevada,9.0,0.27544272061508196
2021-01-16,32,Nevada,13.0,0.3978617075551184
2021-01-23,32,Nevada,2.0,0.061209493470018216
2021-01-30,32,Nevada,5.0,0.15302373367504554
2021-02-06,32,Nevada,2.0,0.061209493470018216
2021-02-13,32,Nevada,0.0,0.0
2021-02-20,32,Nevada,5.0,0.15302373367504554
2021-02-27,32,Nevada,6.0,0.18362848041005464
2021-03-06,32,Nevada,0.0,0.0
2021-03-13,32,Nevada,13.0,0.3978617075551184
2021-03-20,32,Nevada,2.0,0.061209493470018216
2021-03-27,32,Nevada,0.0,0.0
2021-04-03,32,Nevada,4.0,0.12241898694003643
2021-04-10,32,Nevada,3.0,0.09181424020502732
2021-04-17,32,Nevada,5.0,0.15302373367504554
2021-04-24,32,Nevada,7.0,0.21423322714506374
2021-05-01,32,Nevada,13.0,0.3978617075551184
2021-05-08,32,Nevada,2.0,0.061209493470018216
2021-05-15,32,Nevada,2.0,0.061209493470018216
2021-05-22,32,Nevada,0.0,0.0
2021-05-29,32,Nevada,0.0,0.0
2021-06-05,32,Nevada,2.0,0.061209493470018216
2021-06-12,32,Nevada,3.0,0.09181424020502732
2021-06-19,32,Nevada,9.0,0.27544272061508196
2021-06-26,32,Nevada,2.0,0.061209493470018216
2021-07-03,32,Nevada,1.0,0.030604746735009108
2021-07-10,32,Nevada,2.0,0.061209493470018216
2021-07-17,32,Nevada,3.0,0.09181424020502732
2021-07-24,32,Nevada,2.0,0.061209493470018216
2021-07-31,32,Nevada,0.0,0.0
2021-08-07,32,Nevada,0.0,0.0
2021-08-14,32,Nevada,1.0,0.030604746735009108
2021-08-21,32,Nevada,2.0,0.061209493470018216
2021-08-28,32,Nevada,6.0,0.18362848041005464
2021-09-04,32,Nevada,0.0,0.0
2021-09-11,32,Nevada,0.0,0.0
2021-09-18,32,Nevada,4.0,0.12241898694003643
2021-09-25,32,Nevada,1.0,0.030604746735009108
2021-10-02,32,Nevada,3.0,0.09181424020502732
2021-10-09,32,Nevada,66.0,2.019913284510601
2021-10-16,32,Nevada,7.0,0.21423322714506374
2021-10-23,32,Nevada,2.0,0.061209493470018216
2021-10-30,32,Nevada,1.0,0.030604746735009108
2021-11-06,32,Nevada,4.0,0.12241898694003643
2021-11-13,32,Nevada,5.0,0.15302373367504554
2021-11-20,32,Nevada,20.0,0.6120949347001822
2021-11-27,32,Nevada,10.0,0.3060474673500911
2021-12-04,32,Nevada,7.0,0.21423322714506374
2021-12-11,32,Nevada,8.0,0.24483797388007286
2021-12-18,32,Nevada,7.0,0.21423322714506374
2021-12-25,32,Nevada,11.0,0.33665221408510015
2022-01-01,32,Nevada,7.0,0.21423322714506374
2022-01-08,32,Nevada,18.0,0.5508854412301639
2022-01-15,32,Nevada,44.0,1.3466088563404006
2022-01-22,32,Nevada,5.0,0.15302373367504554
2022-01-29,32,Nevada,11.0,0.33665221408510015
2022-02-05,32,Nevada,4.0,0.12241898694003643
2022-02-12,32,Nevada,8.0,0.24483797388007286
2022-02-19,32,Nevada,9.0,0.27544272061508196
2022-02-26,32,Nevada,9.0,0.27544272061508196
2022-03-05,32,Nevada,24.0,0.7345139216402186
2022-03-12,32,Nevada,33.0,1.0099566422553006
2022-03-19,32,Nevada,41.0,1.2547946161353734
2022-03-26,32,Nevada,53.0,1.6220515769554826
2022-04-02,32,Nevada,68.0,2.081122777980619
2022-04-09,32,Nevada,110.0,3.3665221408510018
2022-04-16,32,Nevada,88.0,2.6932177126808012
2022-04-23,32,Nevada,84.0,2.5707987257407647
2022-04-30,32,Nevada,59.0,1.8056800573655374
2022-05-07,32,Nevada,59.0,1.8056800573655374
2022-05-14,32,Nevada,79.0,2.4177749920657194
2022-05-21,32,Nevada,99.0,3.0298699267659015
2022-05-28,32,Nevada,93.0,2.846241446355847
2022-06-04,32,Nevada,71.0,2.1729370181856464
2022-06-11,32,Nevada,89.0,2.7238224594158105
2022-06-18,32,Nevada,62.0,1.8974942975705646
2022-06-25,32,Nevada,36.0,1.1017708824603278
2022-07-02,32,Nevada,24.0,0.7345139216402186
2022-07-09,32,Nevada,20.0,0.6120949347001822
2022-07-16,32,Nevada,18.0,0.5508854412301639
2022-07-23,32,Nevada,4.0,0.12241898694003643
2022-07-30,32,Nevada,5.0,0.15302373367504554
2022-08-06,32,Nevada,1.0,0.030604746735009108
2022-08-13,32,Nevada,0.0,0.0
2022-08-20,32,Nevada,1.0,0.030604746735009108
2022-08-27,32,Nevada,5.0,0.15302373367504554
2022-09-03,32,Nevada,7.0,0.21423322714506374
2022-09-10,32,Nevada,1.0,0.030604746735009108
2022-09-17,32,Nevada,8.0,0.24483797388007286
2022-09-24,32,Nevada,11.0,0.33665221408510015
2022-10-01,32,Nevada,15.0,0.4590712010251366
2023-10-07,36,New York,37.0,0.18623616114320413
2023-10-14,36,New York,26.0,0.1308686537763056
2023-10-21,36,New York,33.0,0.16610252210069557
2023-10-28,36,New York,47.0,0.23657025874947551
2023-11-04,36,New York,56.0,0.28187094659511974
2023-11-11,36,New York,88.0,0.44294005893518823
2023-11-18,36,New York,123.0,0.619109400557138
2023-11-25,36,New York,176.0,0.8858801178703765
2023-12-02,36,New York,338.0,1.7012924990919729
2023-12-09,36,New York,501.0,2.5217382900741967
2023-12-16,36,New York,743.0,3.739823452145964
2023-12-23,36,New York,938.0,4.721338355468256
2023-12-30,36,New York,1333.0,6.709535210915976
2024-01-06,36,New York,1240.0,6.241428103177652
2024-01-13,36,New York,1024.0,5.15421159488219
2024-01-20,36,New York,851.0,4.283431706293695
2024-01-27,36,New York,884.0,4.44953422839439
2024-02-03,36,New York,764.0,3.845525057119134
2024-02-10,36,New York,765.0,3.850558466879761
2024-02-17,36,New York,780.0,3.9260596132891683
2024-02-24,36,New York,782.0,3.9361264328104224
2024-03-02,36,New York,764.0,3.845525057119134
2024-03-09,36,New York,593.0,2.9848119880518933
2024-03-16,36,New York,411.0,2.068731411617754
2024-03-23,36,New York,355.0,1.7868604650226343
2024-03-30,36,New York,391.0,1.9680632164052112
2024-04-06,36,New York,408.0,2.0536311823358724
2024-04-13,36,New York,365.0,1.8371945626289057
2024-04-20,36,New York,216.0,1.087216508295462
2024-04-27,36,New York,164.0,0.8254792007428507
2024-05-04,36,New York,132.0,0.6644100884027823
2024-05-11,36,New York,52.0,0.2617373075526112
2024-05-18,36,New York,28.0,0.14093547329755987
2024-05-25,36,New York,20.0,0.10066819521254278
2024-06-01,36,New York,12.0,0.06040091712752566
2024-06-08,36,New York,10.0,0.05033409760627139
2024-06-15,36,New York,10.0,0.05033409760627139
2024-06-22,36,New York,7.0,0.03523386832438997
2024-06-29,36,New York,6.0,0.03020045856376283
2024-07-06,36,New York,4.0,0.020133639042508554
2024-07-13,36,New York,1.0,0.0050334097606271385
2024-07-20,36,New York,14.0,0.07046773664877994
2024-07-27,36,New York,1.0,0.0050334097606271385
2024-08-03,36,New York,0.0,0.0
2024-08-10,36,New York,3.0,0.015100229281881416
2024-08-17,36,New York,1.0,0.0050334097606271385
2024-08-24,36,New York,2.0,0.010066819521254277
2024-08-31,36,New York,0.0,0.0
2024-09-07,36,New York,0.0,0.0
2024-09-14,36,New York,2.0,0.010066819521254277
2024-09-21,36,New York,3.0,0.015100229281881416
2024-09-28,36,New York,5.0,0.025167048803135694
2021-10-09,39,Ohio,8.0,0.06732134429953152
2021-10-16,39,Ohio,4.0,0.03366067214976576
2021-10-23,39,Ohio,12.0,0.10098201644929726
2021-10-30,39,Ohio,9.0,0.07573651233697296
2021-11-06,39,Ohio,12.0,0.10098201644929726
2021-11-13,39,Ohio,8.0,0.06732134429953152
2021-11-20,39,Ohio,9.0,0.07573651233697296
2021-11-27,39,Ohio,14.0,0.11781235252418014
2021-12-04,39,Ohio,37.0,0.31136121738533323
2021-12-11,39,Ohio,40.0,0.3366067214976576
2021-12-18,39,Ohio,65.0,0.5469859224336935
2021-12-25,39,Ohio,89.0,0.748949955332288
2022-01-01,39,Ohio,163.0,1.3716723901029546
2022-01-08,39,Ohio,96.0,0.8078561315943781
2022-01-15,39,Ohio,65.0,0.5469859224336935
2022-01-22,39,Ohio,31.0,0.2608702091606846
2022-01-29,39,Ohio,32.0,0.26928537719812606
2022-02-05,39,Ohio,20.0,0.1683033607488288
2022-02-12,39,Ohio,26.0,0.2187943689734774
2022-02-19,39,Ohio,33.0,0.2777005452355675
2022-02-26,39,Ohio,32.0,0.26928537719812606
2022-03-05,39,Ohio,53.0,0.44600390598439626
2022-03-12,39,Ohio,75.0,0.6311376028081079
2022-03-19,39,Ohio,94.0,0.7910257955194953
2022-03-26,39,Ohio,104.0,0.8751774758939096
2022-04-02,39,Ohio,97.0,0.8162712996318195
2022-04-09,39,Ohio,127.0,1.0687263407550627
2022-04-16,39,Ohio,133.0,1.1192173489797113
2022-04-23,39,Ohio,115.0,0.9677443243057655
2022-04-30,39,Ohio,104.0,0.8751774758939096
2022-05-07,39,Ohio,99.0,0.8331016357067025
2022-05-14,39,Ohio,79.0,0.6647982749578737
2022-05-21,39,Ohio,66.0,0.555401090471135
2022-05-28,39,Ohio,45.0,0.37868256168486475
2022-06-04,39,Ohio,37.0,0.31136121738533323
2022-06-11,39,Ohio,21.0,0.17671852878627023
2022-06-18,39,Ohio,20.0,0.1683033607488288
2022-06-25,39,Ohio,12.0,0.10098201644929726
2022-07-02,39,Ohio,11.0,0.09256684841185582
2022-07-09,39,Ohio,6.0,0.05049100822464863
2022-07-16,39,Ohio,5.0,0.0420758401872072
2022-07-23,39,Ohio,11.0,0.09256684841185582
2022-07-30,39,Ohio,7.0,0.05890617626209007
2022-08-06,39,Ohio,4.0,0.03366067214976576
2022-08-13,39,Ohio,1.0,0.00841516803744144
2022-08-20,39,Ohio,10.0,0.0841516803744144
2022-08-27,39,Ohio,10.0,0.0841516803744144
2022-09-03,39,Ohio,13.0,0.1093971844867387
2022-09-10,39,Ohio,16.0,0.13464268859906303
2022-09-17,39,Ohio,7.0,0.05890617626209007
2022-09-24,39,Ohio,11.0,0.09256684841185582
2022-10-01,39,Ohio,15.0,0.1262275205616216
2022-10-08,44,Rhode Island,1.0,0.08990315632001208
2022-10-15,44,Rhode Island,0.0,0.0
2022-10-22,44,Rhode Island,2.0,0.17980631264002417
2022-10-29,44,Rhode Island,0.0,0.0
2022-11-05,44,Rhode Island,3.0,0.2697094689600362
2022-11-12,44,Rhode Island,6.0,0.5394189379200724
2022-11-19,44,Rhode Island,3.0,0.2697094689600362
2022-11-26,44,Rhode Island,14.0,1.2586441884801691
2022-12-03,44,Rhode Island,22.0,1.9778694390402658
2022-12-10,44,Rhode Island,54.0,4.854770441280652
2022-12-17,44,Rhode Island,41.0,3.6860294091204953
2022-12-24,44,Rhode Island,57.0,5.124479910240689
2022-12-31,44,Rhode Island,49.0,4.405254659680592
2023-01-07,44,Rhode Island,36.0,3.236513627520435
2023-01-14,44,Rhode Island,9.0,0.8091284068801088
2023-01-21,44,Rhode Island,16.0,1.4384505011201933
2023-01-28,44,Rhode Island,10.0,0.8990315632001208
2023-02-04,44,Rhode Island,4.0,0.35961262528004834
2023-02-11,44,Rhode Island,1.0,0.08990315632001208
2023-02-18,44,Rhode Island,2.0,0.17980631264002417
2023-02-25,44,Rhode Island,2.0,0.17980631264002417
2023-03-04,44,Rhode Island,1.0,0.08990315632001208
2023-03-11,44,Rhode Island,0.0,0.0
2023-03-18,44,Rhode Island,1.0,0.08990315632001208
2023-03-25,44,Rhode Island,2.0,0.17980631264002417
2023-04-01,44,Rhode Island,0.0,0.0
2023-04-08,44,Rhode Island,0.0,0.0
2023-04-15,44,Rhode Island,1.0,0.08990315632001208
2023-04-22,44,Rhode Island,1.0,0.08990315632001208
2023-04-29,44,Rhode Island,1.0,0.08990315632001208
2023-05-06,44,Rhode Island,0.0,0.0
2023-05-13,44,Rhode Island,4.0,0.35961262528004834
2023-05-20,44,Rhode Island,0.0,0.0
2023-05-27,44,Rhode Island,3.0,0.2697094689600362
2023-06-03,44,Rhode Island,1.0,0.08990315632001208
2023-06-10,44,Rhode Island,1.0,0.08990315632001208
2023-06-17,44,Rhode Island,2.0,0.17980631264002417
2023-06-24,44,Rhode Island,0.0,0.0
2023-07-01,44,Rhode Island,1.0,0.08990315632001208
2023-07-08,44,Rhode Island,2.0,0.17980631264002417
2023-07-15,44,Rhode Island,0.0,0.0
2023-07-22,44,Rhode Island,0.0,0.0
2023-07-29,44,Rhode Island,0.0,0.0
2023-08-05,44,Rhode Island,0.0,0.0
2023-08-12,44,Rhode Island,0.0,0.0
2023-08-19,44,Rhode Island,0.0,0.0
2023-08-26,44,Rhode Island,0.0,0.0
2023-09-02,44,Rhode Island,0.0,0.0
2023-09-09,44,Rhode Island,0.0,0.0
2023-09-16,44,Rhode Island,2.0,0.17980631264002417
2023-09-23,44,Rhode Island,1.0,0.08990315632001208
2023-09-30,44,Rhode Island,0.0,0.0
2020-08-08,,,0.0,
2020-08-15,,,0.0,
2020-08-22,,,0.0,
2020-08-29,,,0.0,
2020-09-05,,,0.0,
2020-09-12,,,,
2020-09-19,,,,
2020-09-26,,,,
2024-10-05,,,72.0,
2024-10-12,,,35.0,
2024-10-19,,,97.0,
2024-10-26,,,343.0,
2024-11-02,,,274.0,
2024-11-09,,,484.0,
2024-11-16,,,740.0,
2024-11-23,,,1074.0,
2024-11-30,,,1345.0,
2024-12-07,,,2112.0,
2024-12-14,,,2698.0,
2024-12-21,,,4348.0,
2024-12-28,,,6526.0,
2025-01-04,,,7386.0,
2025-01-11,,,5128.0,
2025-01-18,,,5027.0,
2025-01-25,,,5381.0,
2025-02-01,,,5690.0,
2025-02-08,,,4817.0,
2025-02-15,,,3742.0,
2025-02-22,,,2910.0,
2025-03-01,,,2289.0,
2025-03-08,,,1713.0,
2025-03-15,,,1539.0,
2025-03-22,,,1184.0,
2025-03-29,,,941.0,
2025-04-05,,,645.0,
2025-04-12,,,589.0,
2025-04-19,,,510.0,
2025-04-26,,,386.0,
2025-05-03,,,376.0,
2025-05-10,,,288.0,
2025-05-17,,,285.0,
2025-05-24,,,268.0,
2025-05-31,,,284.0,
2025-06-07,,,206.0,
2025-06-14,,,227.0,
2025-06-21,,,159.0,
2025-06-28,,,128.0,
2025-07-05,,,127.0,
2025-07-12,,,128.0,
2025-07-19,,,96.0,
2025-07-26,,,85.0,
2025-08-02,,,97.0,
2025-08-09,,,89.0,
2025-08-16,,,103.0,
2025-08-23,,,82.0,
2025-08-30,,,124.0,
2025-09-06,,,116.0,
2025-09-13,,,121.0,
2025-09-20,,,114.0,
2025-09-27,,,131.0,
2020-08-08,46,South Dakota,,
2020-08-15,46,South Dakota,,
2020-08-22,46,South Dakota,,
2020-08-29,46,South Dakota,,
2020-09-05,46,South Dakota,,
2020-09-12,46,South Dakota,,
2020-09-19,46,South Dakota,,
2020-09-26,46,South Dakota,,
2021-10-09,50,Vermont,0.0,0.0
2021-10-16,50,Vermont,0.0,0.0
2021-10-23,50,Vermont,0.0,0.0
2021-10-30,50,Vermont,0.0,0.0
2021-11-06,50,Vermont,0.0,0.0
2021-11-13,50,Vermont,0.0,0.0
2021-11-20,50,Vermont,0.0,0.0
2021-11-27,50,Vermont,0.0,0.0
2021-12-04,50,Vermont,1.0,0.1542036691221031
2021-12-11,50,Vermont,0.0,0.0
2021-12-18,50,Vermont,0.0,0.0
2021-12-25,50,Vermont,0.0,0.0
2022-01-01,50,Vermont,1.0,0.1542036691221031
2022-01-08,50,Vermont,0.0,0.0
2022-01-15,50,Vermont,1.0,0.1542036691221031
2022-01-22,50,Vermont,0.0,0.0
2022-01-29,50,Vermont,0.0,0.0
2022-02-05,50,Vermont,0.0,0.0
2022-02-12,50,Vermont,0.0,0.0
2022-02-19,50,Vermont,0.0,0.0
2022-02-26,50,Vermont,1.0,0.1542036691221031
2022-03-05,50,Vermont,0.0,0.0
2022-03-12,50,Vermont,0.0,0.0
2022-03-19,50,Vermont,0.0,0.0
2022-03-26,50,Vermont,8.0,1.2336293529768247
2022-04-02,50,Vermont,9.0,1.387833022098928
2022-04-09,50,Vermont,14.0,2.158851367709443
2022-04-16,50,Vermont,12.0,1.8504440294652371
2022-04-23,50,Vermont,12.0,1.8504440294652371
2022-04-30,50,Vermont,6.0,0.9252220147326186
2022-05-07,50,Vermont,7.0,1.0794256838547216
2022-05-14,50,Vermont,3.0,0.4626110073663093
2022-05-21,50,Vermont,0.0,0.0
2022-05-28,50,Vermont,2.0,0.3084073382442062
2022-06-04,50,Vermont,0.0,0.0
2022-06-11,50,Vermont,5.0,0.7710183456105154
2022-06-18,50,Vermont,2.0,0.3084073382442062
2022-06-25,50,Vermont,0.0,0.0
2022-07-02,50,Vermont,3.0,0.4626110073663093
2022-07-09,50,Vermont,1.0,0.1542036691221031
2022-07-16,50,Vermont,1.0,0.1542036691221031
2022-07-23,50,Vermont,0.0,0.0
2022-07-30,50,Vermont,0.0,0.0
2022-08-06,50,Vermont,0.0,0.0
2022-08-13,50,Vermont,0.0,0.0
2022-08-20,50,Vermont,0.0,0.0
2022-08-27,50,Vermont,0.0,0.0
2022-09-03,50,Vermont,1.0,0.1542036691221031
2022-09-10,50,Vermont,0.0,0.0
2022-09-17,50,Vermont,0.0,0.0
2022-09-24,50,Vermont,0.0,0.0
2022-10-01,50,Vermont,0.0,0.0
2022-10-08,55,Wisconsin,1.0,0.016775779130091973
2022-10-15,55,Wisconsin,2.0,0.033551558260183946
2022-10-22,55,Wisconsin,11.0,0.1845335704310117
2022-10-29,55,Wisconsin,15.0,0.2516366869513796
2022-11-05,55,Wisconsin,33.0,0.5536007112930351
2022-11-12,55,Wisconsin,45.0,0.7549100608541388
2022-11-19,55,Wisconsin,88.0,1.4762685634480937
2022-11-26,55,Wisconsin,235.0,3.942308095571614
2022-12-03,55,Wisconsin,459.0,7.700082620712216
2022-12-10,55,Wisconsin,479.0,8.035598203314056
2022-12-17,55,Wisconsin,483.0,8.102701319834424
2022-12-24,55,Wisconsin,458.0,7.683306841582124
2022-12-31,55,Wisconsin,484.0,8.119477098964515
2023-01-07,55,Wisconsin,332.0,5.569558671190535
2023-01-14,55,Wisconsin,171.0,2.8686582312457274
2023-01-21,55,Wisconsin,108.0,1.811784146049933
2023-01-28,55,Wisconsin,51.0,0.8555647356346906
2023-02-04,55,Wisconsin,22.0,0.3690671408620234
2023-02-11,55,Wisconsin,23.0,0.3858429199921154
2023-02-18,55,Wisconsin,11.0,0.1845335704310117
2023-02-25,55,Wisconsin,6.0,0.10065467478055184
2023-03-04,55,Wisconsin,7.0,0.11743045391064381
2023-03-11,55,Wisconsin,10.0,0.16775779130091972
2023-03-18,55,Wisconsin,6.0,0.10065467478055184
2023-03-25,55,Wisconsin,9.0,0.15098201217082777
2023-04-01,55,Wisconsin,4.0,0.06710311652036789
2023-04-08,55,Wisconsin,10.0,0.16775779130091972
2023-04-15,55,Wisconsin,9.0,0.15098201217082777
2023-04-22,55,Wisconsin,5.0,0.08387889565045986
2023-04-29,55,Wisconsin,0.0,0.0
2023-05-06,55,Wisconsin,7.0,0.11743045391064381
2023-05-13,55,Wisconsin,5.0,0.08387889565045986
2023-05-20,55,Wisconsin,2.0,0.033551558260183946
2023-05-27,55,Wisconsin,2.0,0.033551558260183946
2023-06-03,55,Wisconsin,7.0,0.11743045391064381
2023-06-10,55,Wisconsin,11.0,0.1845335704310117
2023-06-17,55,Wisconsin,4.0,0.06710311652036789
2023-06-24,55,Wisconsin,1.0,0.016775779130091973
2023-07-01,55,Wisconsin,5.0,0.08387889565045986
2023-07-08,55,Wisconsin,4.0,0.06710311652036789
2023-07-15,55,Wisconsin,8.0,0.13420623304073578
2023-07-22,55,Wisconsin,9.0,0.15098201217082777
2023-07-29,55,Wisconsin,2.0,0.033551558260183946
2023-08-05,55,Wisconsin,1.0,0.016775779130091973
2023-08-12,55,Wisconsin,5.0,0.08387889565045986
2023-08-19,55,Wisconsin,2.0,0.033551558260183946
2023-08-26,55,Wisconsin,1.0,0.016775779130091973
2023-09-02,55,Wisconsin,2.0,0.033551558260183946
2023-09-09,55,Wisconsin,1.0,0.016775779130091973
2023-09-16,55,Wisconsin,3.0,0.05032733739027592
2023-09-23,55,Wisconsin,0.0,0.0
2023-09-30,55,Wisconsin,9.0,0.15098201217082777
2024-10-05,55,Wisconsin,1.0,0.016775779130091973
2024-10-12,55,Wisconsin,0.0,0.0
2024-10-19,55,Wisconsin,7.0,0.11743045391064381
2024-10-26,55,Wisconsin,7.0,0.11743045391064381
2024-11-02,55,Wisconsin,5.0,0.08387889565045986
2024-11-09,55,Wisconsin,12.0,0.2013093495611037
2024-11-16,55,Wisconsin,6.0,0.10065467478055184
2024-11-23,55,Wisconsin,18.0,0.30196402434165553
2024-11-30,55,Wisconsin,12.0,0.2013093495611037
2024-12-07,55,Wisconsin,27.0,0.4529460365124833
2024-12-14,55,Wisconsin,66.0,1.1072014225860702
2024-12-21,55,Wisconsin,120.0,2.0130934956110367
2024-12-28,55,Wisconsin,253.0,4.244272119913269
2025-01-04,55,Wisconsin,389.0,6.525778081605778
2025-01-11,55,Wisconsin,388.0,6.509002302475686
2025-01-18,55,Wisconsin,593.0,9.94803702414454
2025-01-25,55,Wisconsin,857.0,14.376842714488822
2025-02-01,55,Wisconsin,1068.0,17.916532110938228
2025-02-08,55,Wisconsin,1153.0,19.342473336996044
2025-02-15,55,Wisconsin,1107.0,18.570787497011814
2025-02-22,55,Wisconsin,892.0,14.96399498404204
2025-03-01,55,Wisconsin,783.0,13.135435058862015
2025-03-08,55,Wisconsin,501.0,8.40466534417608
2025-03-15,55,Wisconsin,326.0,5.468903996409983
2025-03-22,55,Wisconsin,186.0,3.120294918197107
2025-03-29,55,Wisconsin,136.0,2.2815059616925084
2025-04-05,55,Wisconsin,77.0,1.2917349930170818
2025-04-12,55,Wisconsin,66.0,1.1072014225860702
2025-04-19,55,Wisconsin,40.0,0.6710311652036789
2025-04-26,55,Wisconsin,33.0,0.5536007112930351
2025-05-03,55,Wisconsin,30.0,0.5032733739027592
2025-05-10,55,Wisconsin,27.0,0.4529460365124833
2025-05-17,55,Wisconsin,15.0,0.2516366869513796
2025-05-24,55,Wisconsin,10.0,0.16775779130091972
2025-05-31,55,Wisconsin,4.0,0.06710311652036789
2025-06-07,55,Wisconsin,2.0,0.033551558260183946
2025-06-14,55,Wisconsin,4.0,0.06710311652036789
2025-06-21,55,Wisconsin,6.0,0.10065467478055184
2025-06-28,55,Wisconsin,3.0,0.05032733739027592
2025-07-05,55,Wisconsin,2.0,0.033551558260183946
2025-07-12,55,Wisconsin,1.0,0.016775779130091973
2025-07-19,55,Wisconsin,7.0,0.11743045391064381
2025-07-26,55,Wisconsin,3.0,0.05032733739027592
2025-08-02,55,Wisconsin,5.0,0.08387889565045986
2025-08-09,55,Wisconsin,3.0,0.05032733739027592
2025-08-16,55,Wisconsin,1.0,0.016775779130091973
2025-08-23,55,Wisconsin,4.0,0.06710311652036789
2025-08-30,55,Wisconsin,4.0,0.06710311652036789
2025-09-06,55,Wisconsin,10.0,0.16775779130091972
2025-09-13,55,Wisconsin,8.0,0.13420623304073578
2025-09-20,55,Wisconsin,4.0,0.06710311652036789
2025-09-27,55,Wisconsin,7.0,0.11743045391064381
2020-10-03,56,Wyoming,,
2020-10-10,56,Wyoming,,
2020-10-17,56,Wyoming,0.0,0.0
2020-10-24,56,Wyoming,0.0,0.0
2020-10-31,56,Wyoming,1.0,0.17017858540752664
2020-11-07,56,Wyoming,0.0,0.0
2020-11-14,56,Wyoming,0.0,0.0
2020-11-21,56,Wyoming,0.0,0.0
2020-11-28,56,Wyoming,0.0,0.0
2020-12-05,56,Wyoming,0.0,0.0
2020-12-12,56,Wyoming,0.0,0.0
2020-12-19,56,Wyoming,0.0,0.0
2020-12-26,56,Wyoming,0.0,0.0
2021-01-02,56,Wyoming,0.0,0.0
2021-01-09,56,Wyoming,0.0,0.0
2021-01-16,56,Wyoming,12.0,2.04214302489032
2021-01-23,56,Wyoming,0.0,0.0
2021-01-30,56,Wyoming,0.0,0.0
2021-02-06,56,Wyoming,0.0,0.0
2021-02-13,56,Wyoming,0.0,0.0
2021-02-20,56,Wyoming,0.0,0.0
2021-02-27,56,Wyoming,0.0,0.0
2021-03-06,56,Wyoming,0.0,0.0
2021-03-13,56,Wyoming,1.0,0.17017858540752664
2021-03-20,56,Wyoming,1.0,0.17017858540752664
2021-03-27,56,Wyoming,3.0,0.51053575622258
2021-04-03,56,Wyoming,0.0,0.0
2021-04-10,56,Wyoming,0.0,0.0
2021-04-17,56,Wyoming,0.0,0.0
2021-04-24,56,Wyoming,0.0,0.0
2021-05-01,56,Wyoming,0.0,0.0
2021-05-08,56,Wyoming,1.0,0.17017858540752664
2021-05-15,56,Wyoming,0.0,0.0
2021-05-22,56,Wyoming,2.0,0.3403571708150533
2021-05-29,56,Wyoming,0.0,0.0
2021-06-05,56,Wyoming,0.0,0.0
2021-06-12,56,Wyoming,8.0,1.3614286832602132
2021-06-19,56,Wyoming,4.0,0.6807143416301066
2021-06-26,56,Wyoming,0.0,0.0
2021-07-03,56,Wyoming,0.0,0.0
2021-07-10,56,Wyoming,0.0,0.0
2021-07-17,56,Wyoming,0.0,0.0
2021-07-24,56,Wyoming,0.0,0.0
2021-07-31,56,Wyoming,0.0,0.0
2021-08-07,56,Wyoming,0.0,0.0
2021-08-14,56,Wyoming,0.0,0.0
2021-08-21,56,Wyoming,0.0,0.0
2021-08-28,56,Wyoming,0.0,0.0
2021-09-04,56,Wyoming,0.0,0.0
2021-09-11,56,Wyoming,0.0,0.0
2021-09-18,56,Wyoming,0.0,0.0
2021-09-25,56,Wyoming,0.0,0.0
2021-10-02,56,Wyoming,0.0,0.0
2021-10-09,56,Wyoming,0.0,0.0
2021-10-16,56,Wyoming,0.0,0.0
2021-10-23,56,Wyoming,0.0,0.0
2021-10-30,56,Wyoming,0.0,0.0
2021-11-06,56,Wyoming,0.0,0.0
2021-11-13,56,Wyoming,1.0,0.17017858540752664
2021-11-20,56,Wyoming,4.0,0.6807143416301066
2021-11-27,56,Wyoming,1.0,0.17017858540752664
2021-12-04,56,Wyoming,3.0,0.51053575622258
2021-12-11,56,Wyoming,2.0,0.3403571708150533
2021-12-18,56,Wyoming,1.0,0.17017858540752664
2021-12-25,56,Wyoming,2.0,0.3403571708150533
2022-01-01,56,Wyoming,19.0,3.2333931227430064
2022-01-08,56,Wyoming,9.0,1.53160726866774
2022-01-15,56,Wyoming,1.0,0.17017858540752664
2022-01-22,56,Wyoming,7.0,1.1912500978526865
2022-01-29,56,Wyoming,2.0,0.3403571708150533
2022-02-05,56,Wyoming,0.0,0.0
2022-02-12,56,Wyoming,2.0,0.3403571708150533
2022-02-19,56,Wyoming,2.0,0.3403571708150533
2022-02-26,56,Wyoming,4.0,0.6807143416301066
2022-03-05,56,Wyoming,4.0,0.6807143416301066
2022-03-12,56,Wyoming,6.0,1.02107151244516
2022-03-19,56,Wyoming,3.0,0.51053575622258
2022-03-26,56,Wyoming,7.0,1.1912500978526865
2022-04-02,56,Wyoming,2.0,0.3403571708150533
2022-04-09,56,Wyoming,10.0,1.7017858540752666
2022-04-16,56,Wyoming,8.0,1.3614286832602132
2022-04-23,56,Wyoming,1.0,0.17017858540752664
2022-04-30,56,Wyoming,5.0,0.8508929270376333
2022-05-07,56,Wyoming,4.0,0.6807143416301066
2022-05-14,56,Wyoming,4.0,0.6807143416301066
2022-05-21,56,Wyoming,6.0,1.02107151244516
2022-05-28,56,Wyoming,6.0,1.02107151244516
2022-06-04,56,Wyoming,7.0,1.1912500978526865
2022-06-11,56,Wyoming,7.0,1.1912500978526865
2022-06-18,56,Wyoming,4.0,0.6807143416301066
2022-06-25,56,Wyoming,0.0,0.0
2022-07-02,56,Wyoming,1.0,0.17017858540752664
2022-07-09,56,Wyoming,2.0,0.3403571708150533
2022-07-16,56,Wyoming,3.0,0.51053575622258
2022-07-23,56,Wyoming,0.0,0.0
2022-07-30,56,Wyoming,2.0,0.3403571708150533
2022-08-06,56,Wyoming,0.0,0.0
2022-08-13,56,Wyoming,0.0,0.0
2022-08-20,56,Wyoming,0.0,0.0
2022-08-27,56,Wyoming,0.0,0.0
2022-09-03,56,Wyoming,0.0,0.0
2022-09-10,56,Wyoming,0.0,0.0
2022-09-17,56,Wyoming,0.0,0.0
2022-09-24,56,Wyoming,0.0,0.0
2022-10-01,56,Wyoming,0.0,0.0
2025-10-04,56,Wyoming,2.0,0.3403571708150533
2025-10-11,56,Wyoming,0.0,0.0
2025-10-18,56,Wyoming,0.0,0.0
2025-10-25,56,Wyoming,4.0,0.6807143416301066
2025-11-01,56,Wyoming,5.0,0.8508929270376333
2025-11-08,56,Wyoming,2.0,0.3403571708150533
2025-11-15,56,Wyoming,6.0,1.02107151244516
2025-11-22,56,Wyoming,2.0,0.3403571708150533
2025-11-29,56,Wyoming,10.0,1.7017858540752666
2025-12-06,56,Wyoming,10.0,1.7017858540752666
2025-12-13,56,Wyoming,21.0,3.5737502935580596
2025-12-20,56,Wyoming,29.0,4.935178976818273
2025-12-27,56,Wyoming,57.0,9.70017936822902
2026-01-03,56,Wyoming,58.0,9.870357953636546
2026-01-10,56,Wyoming,56.0,9.530000782821492
2026-01-17,56,Wyoming,26.0,4.424643220595693
2026-01-24,56,Wyoming,18.0,3.06321453733548
2026-01-31,56,Wyoming,10.0,1.7017858540752666
2026-02-07,56,Wyoming,21.0,3.5737502935580596
2026-02-14,56,Wyoming,29.0,4.935178976818273
2026-02-21,56,Wyoming,13.0,2.2123216102978467
2026-02-28,56,Wyoming,15.0,2.5526787811129
2026-03-07,56,Wyoming,10.0,1.7017858540752666
2026-03-14,56,Wyoming,11.0,1.8719644394827932
2026-03-21,56,Wyoming,13.0,2.2123216102978467
2026-03-28,56,Wyoming,4.0,0.6807143416301066
2026-04-04,56,Wyoming,10.0,1.7017858540752666
2026-04-11,56,Wyoming,9.0,1.53160726866774
2026-04-18,56,Wyoming,6.0,1.02107151244516
2020-10-03,08,Colorado,,
2020-10-10,08,Colorado,,
2020-10-17,08,Colorado,0.0,0.0
2020-10-24,08,Colorado,0.0,0.0
2020-10-31,08,Colorado,0.0,0.0
2020-11-07,08,Colorado,3.0,0.050356752412466114
2020-11-14,08,Colorado,5.0,0.08392792068744352
2020-11-21,08,Colorado,5.0,0.08392792068744352
2020-11-28,08,Colorado,3.0,0.050356752412466114
2020-12-05,08,Colorado,2.0,0.03357116827497741
2020-12-12,08,Colorado,5.0,0.08392792068744352
2020-12-19,08,Colorado,5.0,0.08392792068744352
2020-12-26,08,Colorado,5.0,0.08392792068744352
2021-01-02,08,Colorado,0.0,0.0
2021-01-09,08,Colorado,0.0,0.0
2021-01-16,08,Colorado,4.0,0.06714233654995481
2021-01-23,08,Colorado,5.0,0.08392792068744352
2021-01-30,08,Colorado,5.0,0.08392792068744352
2021-02-06,08,Colorado,2.0,0.03357116827497741
2021-02-13,08,Colorado,1.0,0.016785584137488704
2021-02-20,08,Colorado,1.0,0.016785584137488704
2021-02-27,08,Colorado,0.0,0.0
2021-03-06,08,Colorado,8.0,0.13428467309990963
2021-03-13,08,Colorado,2.0,0.03357116827497741
2021-03-20,08,Colorado,0.0,0.0
2021-03-27,08,Colorado,1.0,0.016785584137488704
2021-04-03,08,Colorado,0.0,0.0
2021-04-10,08,Colorado,1.0,0.016785584137488704
2021-04-17,08,Colorado,0.0,0.0
2021-04-24,08,Colorado,1.0,0.016785584137488704
2021-05-01,08,Colorado,0.0,0.0
2021-05-08,08,Colorado,0.0,0.0
2021-05-15,08,Colorado,0.0,0.0
2021-05-22,08,Colorado,1.0,0.016785584137488704
2021-05-29,08,Colorado,1.0,0.016785584137488704
2021-06-05,08,Colorado,0.0,0.0
2021-06-12,08,Colorado,0.0,0.0
2021-06-19,08,Colorado,0.0,0.0
2021-06-26,08,Colorado,0.0,0.0
2021-07-03,08,Colorado,1.0,0.016785584137488704
2021-07-10,08,Colorado,0.0,0.0
2021-07-17,08,Colorado,0.0,0.0
2021-07-24,08,Colorado,0.0,0.0
2021-07-31,08,Colorado,0.0,0.0
2021-08-07,08,Colorado,1.0,0.016785584137488704
2021-08-14,08,Colorado,0.0,0.0
2021-08-21,08,Colorado,0.0,0.0
2021-08-28,08,Colorado,1.0,0.016785584137488704
2021-09-04,08,Colorado,3.0,0.050356752412466114
2021-09-11,08,Colorado,2.0,0.03357116827497741
2021-09-18,08,Colorado,0.0,0.0
2021-09-25,08,Colorado,0.0,0.0
2021-10-02,08,Colorado,0.0,0.0
2022-10-08,12,Florida,113.0,0.4834800638279256
2022-10-15,12,Florida,101.0,0.4321370482001813
2022-10-22,12,Florida,124.0,0.5305444948200245
2022-10-29,12,Florida,241.0,1.0311388971905315
2022-11-05,12,Florida,290.0,1.2407895443371542
2022-11-12,12,Florida,452.0,1.9339202553117023
2022-11-19,12,Florida,517.0,2.212028256628651
2022-11-26,12,Florida,741.0,3.170431215013211
2022-12-03,12,Florida,919.0,3.932019280158085
2022-12-10,12,Florida,785.0,3.358688938981607
2022-12-17,12,Florida,846.0,3.619682601755974
2022-12-24,12,Florida,1017.0,4.35132057445133
2022-12-31,12,Florida,1238.0,5.296887778928955
2023-01-07,12,Florida,1321.0,5.652010303687519
2023-01-14,12,Florida,700.0,2.9950092449517514
2023-01-21,12,Florida,592.0,2.532922104302053
2023-01-28,12,Florida,420.0,1.7970055469710509
2023-02-04,12,Florida,353.0,1.5103403763828118
2023-02-11,12,Florida,300.0,1.2835753906936078
2023-02-18,12,Florida,235.0,1.0054673893766595
2023-02-25,12,Florida,213.0,0.9113385273924616
2023-03-04,12,Florida,178.0,0.761588065144874
2023-03-11,12,Florida,179.0,0.7658666497805193
2023-03-18,12,Florida,211.0,0.9027813581211708
2023-03-25,12,Florida,158.0,0.6760163724319668
2023-04-01,12,Florida,165.0,0.7059664648814843
2023-04-08,12,Florida,184.0,0.787259572958746
2023-04-15,12,Florida,130.0,0.5562160026338967
2023-04-22,12,Florida,152.0,0.6503448646180946
2023-04-29,12,Florida,136.0,0.5818875104477689
2023-05-06,12,Florida,128.0,0.547658833362606
2023-05-13,12,Florida,132.0,0.5647731719051874
2023-05-20,12,Florida,140.0,0.5990018489903502
2023-05-27,12,Florida,141.0,0.6032804336259957
2023-06-03,12,Florida,148.0,0.6332305260755132
2023-06-10,12,Florida,166.0,0.7102450495171296
2023-06-17,12,Florida,148.0,0.6332305260755132
2023-06-24,12,Florida,165.0,0.7059664648814843
2023-07-01,12,Florida,158.0,0.6760163724319668
2023-07-08,12,Florida,144.0,0.6161161875329317
2023-07-15,12,Florida,138.0,0.5904446797190596
2023-07-22,12,Florida,109.0,0.46636572528534415
2023-07-29,12,Florida,131.0,0.560494587269542
2023-08-05,12,Florida,131.0,0.560494587269542
2023-08-12,12,Florida,133.0,0.5690517565408327
2023-08-19,12,Florida,152.0,0.6503448646180946
2023-08-26,12,Florida,160.0,0.6845735417032575
2023-09-02,12,Florida,171.0,0.7316379726953565
2023-09-09,12,Florida,150.0,0.6417876953468039
2023-09-16,12,Florida,154.0,0.6589020338893853
2023-09-23,12,Florida,171.0,0.7316379726953565
2023-09-30,12,Florida,168.0,0.7188022187884203
2020-10-03,15,Hawaii,,
2020-10-10,15,Hawaii,,
2020-10-17,15,Hawaii,0.0,0.0
2020-10-24,15,Hawaii,0.0,0.0
2020-10-31,15,Hawaii,0.0,0.0
2020-11-07,15,Hawaii,0.0,0.0
2020-11-14,15,Hawaii,0.0,0.0
2020-11-21,15,Hawaii,0.0,0.0
2020-11-28,15,Hawaii,1.0,0.06914931134200834
2020-12-05,15,Hawaii,0.0,0.0
2020-12-12,15,Hawaii,0.0,0.0
2020-12-19,15,Hawaii,0.0,0.0
2020-12-26,15,Hawaii,0.0,0.0
2021-01-02,15,Hawaii,0.0,0.0
2021-01-09,15,Hawaii,0.0,0.0
2021-01-16,15,Hawaii,0.0,0.0
2021-01-23,15,Hawaii,0.0,0.0
2021-01-30,15,Hawaii,0.0,0.0
2021-02-06,15,Hawaii,0.0,0.0
2021-02-13,15,Hawaii,0.0,0.0
2021-02-20,15,Hawaii,0.0,0.0
2021-02-27,15,Hawaii,0.0,0.0
2021-03-06,15,Hawaii,0.0,0.0
2021-03-13,15,Hawaii,0.0,0.0
2021-03-20,15,Hawaii,0.0,0.0
2021-03-27,15,Hawaii,0.0,0.0
2021-04-03,15,Hawaii,0.0,0.0
2021-04-10,15,Hawaii,0.0,0.0
2021-04-17,15,Hawaii,0.0,0.0
2021-04-24,15,Hawaii,0.0,0.0
2021-05-01,15,Hawaii,0.0,0.0
2021-05-08,15,Hawaii,0.0,0.0
2021-05-15,15,Hawaii,0.0,0.0
2021-05-22,15,Hawaii,0.0,0.0
2021-05-29,15,Hawaii,0.0,0.0
2021-06-05,15,Hawaii,0.0,0.0
2021-06-12,15,Hawaii,0.0,0.0
2021-06-19,15,Hawaii,0.0,0.0
2021-06-26,15,Hawaii,0.0,0.0
2021-07-03,15,Hawaii,0.0,0.0
2021-07-10,15,Hawaii,1.0,0.06914931134200834
2021-07-17,15,Hawaii,1.0,0.06914931134200834
2021-07-24,15,Hawaii,0.0,0.0
2021-07-31,15,Hawaii,0.0,0.0
2021-08-07,15,Hawaii,2.0,0.1382986226840167
2021-08-14,15,Hawaii,2.0,0.1382986226840167
2021-08-21,15,Hawaii,0.0,0.0
2021-08-28,15,Hawaii,0.0,0.0
2021-09-04,15,Hawaii,0.0,0.0
2021-09-11,15,Hawaii,0.0,0.0
2021-09-18,15,Hawaii,0.0,0.0
2021-09-25,15,Hawaii,1.0,0.06914931134200834
2021-10-02,15,Hawaii,0.0,0.0
2023-10-07,15,Hawaii,10.0,0.6914931134200835
2023-10-14,15,Hawaii,15.0,1.0372396701301252
2023-10-21,15,Hawaii,13.0,0.8989410474461085
2023-10-28,15,Hawaii,13.0,0.8989410474461085
2023-11-04,15,Hawaii,14.0,0.9680903587881168
2023-11-11,15,Hawaii,16.0,1.1063889814721335
2023-11-18,15,Hawaii,29.0,2.005330028918242
2023-11-25,15,Hawaii,26.0,1.797882094892217
2023-12-02,15,Hawaii,23.0,1.5904341608661918
2023-12-09,15,Hawaii,32.0,2.212777962944267
2023-12-16,15,Hawaii,24.0,1.6595834722082003
2023-12-23,15,Hawaii,28.0,1.9361807175762336
2023-12-30,15,Hawaii,32.0,2.212777962944267
2024-01-06,15,Hawaii,40.0,2.765972453680334
2024-01-13,15,Hawaii,25.0,1.7287327835502087
2024-01-20,15,Hawaii,23.0,1.5904341608661918
2024-01-27,15,Hawaii,30.0,2.0744793402602504
2024-02-03,15,Hawaii,5.0,0.34574655671004173
2024-02-10,15,Hawaii,17.0,1.1755382928141418
2024-02-17,15,Hawaii,10.0,0.6914931134200835
2024-02-24,15,Hawaii,14.0,0.9680903587881168
2024-03-02,15,Hawaii,16.0,1.1063889814721335
2024-03-09,15,Hawaii,9.0,0.6223438020780752
2024-03-16,15,Hawaii,18.0,1.2446876041561503
2024-03-23,15,Hawaii,6.0,0.4148958680520501
2024-03-30,15,Hawaii,7.0,0.4840451793940584
2024-04-06,15,Hawaii,9.0,0.6223438020780752
2024-04-13,15,Hawaii,12.0,0.8297917361041002
2024-04-20,15,Hawaii,5.0,0.34574655671004173
2024-04-27,15,Hawaii,14.0,0.9680903587881168
2024-05-04,15,Hawaii,6.0,0.4148958680520501
2024-05-11,15,Hawaii,3.0,0.20744793402602504
2024-05-18,15,Hawaii,2.0,0.1382986226840167
2024-05-25,15,Hawaii,2.0,0.1382986226840167
2024-06-01,15,Hawaii,6.0,0.4148958680520501
2024-06-08,15,Hawaii,1.0,0.06914931134200834
2024-06-15,15,Hawaii,3.0,0.20744793402602504
2024-06-22,15,Hawaii,4.0,0.2765972453680334
2024-06-29,15,Hawaii,2.0,0.1382986226840167
2024-07-06,15,Hawaii,3.0,0.20744793402602504
2024-07-13,15,Hawaii,4.0,0.2765972453680334
2024-07-20,15,Hawaii,6.0,0.4148958680520501
2024-07-27,15,Hawaii,1.0,0.06914931134200834
2024-08-03,15,Hawaii,3.0,0.20744793402602504
2024-08-10,15,Hawaii,3.0,0.20744793402602504
2024-08-17,15,Hawaii,1.0,0.06914931134200834
2024-08-24,15,Hawaii,1.0,0.06914931134200834
2024-08-31,15,Hawaii,2.0,0.1382986226840167
2024-09-07,15,Hawaii,2.0,0.1382986226840167
2024-09-14,15,Hawaii,1.0,0.06914931134200834
2024-09-21,15,Hawaii,1.0,0.06914931134200834
2024-09-28,15,Hawaii,1.0,0.06914931134200834
2020-10-03,16,Idaho,,
2020-10-10,16,Idaho,0.0,0.0
2020-10-17,16,Idaho,0.0,0.0
2020-10-24,16,Idaho,1.0,0.04995955773801108
2020-10-31,16,Idaho,0.0,0.0
2020-11-07,16,Idaho,0.0,0.0
2020-11-14,16,Idaho,1.0,0.04995955773801108
2020-11-21,16,Idaho,0.0,0.0
2020-11-28,16,Idaho,0.0,0.0
2020-12-05,16,Idaho,1.0,0.04995955773801108
2020-12-12,16,Idaho,1.0,0.04995955773801108
2020-12-19,16,Idaho,2.0,0.09991911547602216
2020-12-26,16,Idaho,2.0,0.09991911547602216
2021-01-02,16,Idaho,0.0,0.0
2021-01-09,16,Idaho,2.0,0.09991911547602216
2021-01-16,16,Idaho,2.0,0.09991911547602216
2021-01-23,16,Idaho,0.0,0.0
2021-01-30,16,Idaho,0.0,0.0
2021-02-06,16,Idaho,0.0,0.0
2021-02-13,16,Idaho,0.0,0.0
2021-02-20,16,Idaho,0.0,0.0
2021-02-27,16,Idaho,0.0,0.0
2021-03-06,16,Idaho,0.0,0.0
2021-03-13,16,Idaho,1.0,0.04995955773801108
2021-03-20,16,Idaho,2.0,0.09991911547602216
2021-03-27,16,Idaho,1.0,0.04995955773801108
2021-04-03,16,Idaho,0.0,0.0
2021-04-10,16,Idaho,1.0,0.04995955773801108
2021-04-17,16,Idaho,0.0,0.0
2021-04-24,16,Idaho,0.0,0.0
2021-05-01,16,Idaho,0.0,0.0
2021-05-08,16,Idaho,0.0,0.0
2021-05-15,16,Idaho,0.0,0.0
2021-05-22,16,Idaho,0.0,0.0
2021-05-29,16,Idaho,0.0,0.0
2021-06-05,16,Idaho,0.0,0.0
2021-06-12,16,Idaho,1.0,0.04995955773801108
2021-06-19,16,Idaho,0.0,0.0
2021-06-26,16,Idaho,1.0,0.04995955773801108
2021-07-03,16,Idaho,0.0,0.0
2021-07-10,16,Idaho,0.0,0.0
2021-07-17,16,Idaho,0.0,0.0
2021-07-24,16,Idaho,0.0,0.0
2021-07-31,16,Idaho,0.0,0.0
2021-08-07,16,Idaho,0.0,0.0
2021-08-14,16,Idaho,0.0,0.0
2021-08-21,16,Idaho,0.0,0.0
2021-08-28,16,Idaho,0.0,0.0
2021-09-04,16,Idaho,0.0,0.0
2021-09-11,16,Idaho,0.0,0.0
2021-09-18,16,Idaho,0.0,0.0
2021-09-25,16,Idaho,0.0,0.0
2021-10-02,16,Idaho,0.0,0.0
2025-10-04,18,Indiana,18.0,0.2599550133407469
2025-10-11,18,Indiana,12.0,0.17330334222716456
2025-10-18,18,Indiana,17.0,0.2455130681551498
2025-10-25,18,Indiana,17.0,0.2455130681551498
2025-11-01,18,Indiana,19.0,0.27439695852634394
2025-11-08,18,Indiana,22.0,0.3177227940831351
2025-11-15,18,Indiana,41.0,0.592119752609479
2025-11-22,18,Indiana,60.0,0.8665167111358228
2025-11-29,18,Indiana,86.0,1.2420072859613462
2025-12-06,18,Indiana,118.0,1.7041495319004516
2025-12-13,18,Indiana,163.0,2.354037065252319
2025-12-20,18,Indiana,351.0,5.069122760144564
2025-12-27,18,Indiana,699.0,10.094919684732337
2026-01-03,18,Indiana,906.0,13.084402338150925
2026-01-10,18,Indiana,642.0,9.271728809153306
2026-01-17,18,Indiana,383.0,5.531265006083669
2026-01-24,18,Indiana,316.0,4.563654678648668
2026-01-31,18,Indiana,335.0,4.8380516371750115
2026-02-07,18,Indiana,350.0,5.054680814958967
2026-02-14,18,Indiana,277.0,4.000418816410383
2026-02-21,18,Indiana,359.0,5.18465832162934
2026-02-28,18,Indiana,292.0,4.217047994194338
2026-03-07,18,Indiana,288.0,4.15928021345195
2026-03-14,18,Indiana,246.0,3.5527185156568737
2026-03-21,18,Indiana,185.0,2.6717598593354537
2026-03-28,18,Indiana,58.0,0.8376328207646287
2026-04-04,18,Indiana,51.0,0.7365392044654494
2026-04-11,18,Indiana,31.0,0.4477003007535085
2026-04-18,18,Indiana,37.0,0.5343519718670908
2020-10-03,24,Maryland,,
2020-10-10,24,Maryland,,
2020-10-17,24,Maryland,0.0,0.0
2020-10-24,24,Maryland,0.0,0.0
2020-10-31,24,Maryland,1.0,0.01596622823403936
2020-11-07,24,Maryland,2.0,0.03193245646807872
2020-11-14,24,Maryland,3.0,0.04789868470211808
2020-11-21,24,Maryland,4.0,0.06386491293615744
2020-11-28,24,Maryland,3.0,0.04789868470211808
2020-12-05,24,Maryland,0.0,0.0
2020-12-12,24,Maryland,0.0,0.0
2020-12-19,24,Maryland,2.0,0.03193245646807872
2020-12-26,24,Maryland,2.0,0.03193245646807872
2021-01-02,24,Maryland,4.0,0.06386491293615744
2021-01-09,24,Maryland,10.0,0.1596622823403936
2021-01-16,24,Maryland,4.0,0.06386491293615744
2021-01-23,24,Maryland,3.0,0.04789868470211808
2021-01-30,24,Maryland,4.0,0.06386491293615744
2021-02-06,24,Maryland,0.0,0.0
2021-02-13,24,Maryland,1.0,0.01596622823403936
2021-02-20,24,Maryland,1.0,0.01596622823403936
2021-02-27,24,Maryland,1.0,0.01596622823403936
2021-03-06,24,Maryland,1.0,0.01596622823403936
2021-03-13,24,Maryland,3.0,0.04789868470211808
2021-03-20,24,Maryland,0.0,0.0
2021-03-27,24,Maryland,1.0,0.01596622823403936
2021-04-03,24,Maryland,1.0,0.01596622823403936
2021-04-10,24,Maryland,0.0,0.0
2021-04-17,24,Maryland,1.0,0.01596622823403936
2021-04-24,24,Maryland,0.0,0.0
2021-05-01,24,Maryland,0.0,0.0
2021-05-08,24,Maryland,1.0,0.01596622823403936
2021-05-15,24,Maryland,2.0,0.03193245646807872
2021-05-22,24,Maryland,0.0,0.0
2021-05-29,24,Maryland,0.0,0.0
2021-06-05,24,Maryland,0.0,0.0
2021-06-12,24,Maryland,1.0,0.01596622823403936
2021-06-19,24,Maryland,2.0,0.03193245646807872
2021-06-26,24,Maryland,2.0,0.03193245646807872
2021-07-03,24,Maryland,2.0,0.03193245646807872
2021-07-10,24,Maryland,0.0,0.0
2021-07-17,24,Maryland,0.0,0.0
2021-07-24,24,Maryland,0.0,0.0
2021-07-31,24,Maryland,0.0,0.0
2021-08-07,24,Maryland,0.0,0.0
2021-08-14,24,Maryland,0.0,0.0
2021-08-21,24,Maryland,0.0,0.0
2021-08-28,24,Maryland,0.0,0.0
2021-09-04,24,Maryland,0.0,0.0
2021-09-11,24,Maryland,0.0,0.0
2021-09-18,24,Maryland,0.0,0.0
2021-09-25,24,Maryland,0.0,0.0
2021-10-02,24,Maryland,1.0,0.01596622823403936
2022-10-08,29,Missouri,6.0,0.09606969279794333
2022-10-15,29,Missouri,10.0,0.1601161546632389
2022-10-22,29,Missouri,23.0,0.3682671557254495
2022-10-29,29,Missouri,49.0,0.7845691578498706
2022-11-05,29,Missouri,66.0,1.0567666207773767
2022-11-12,29,Missouri,105.0,1.6812196239640085
2022-11-19,29,Missouri,222.0,3.554578633523904
2022-11-26,29,Missouri,488.0,7.813668347566058
2022-12-03,29,Missouri,849.0,13.593861530908983
2022-12-10,29,Missouri,828.0,13.257617606116181
2022-12-17,29,Missouri,749.0,11.992699984276594
2022-12-24,29,Missouri,559.0,8.950493045675055
2022-12-31,29,Missouri,636.0,10.183387436581993
2023-01-07,29,Missouri,405.0,6.484704263861175
2023-01-14,29,Missouri,189.0,3.026195323135215
2023-01-21,29,Missouri,100.0,1.601161546632389
2023-01-28,29,Missouri,72.0,1.1528363135753201
2023-02-04,29,Missouri,50.0,0.8005807733161945
2023-02-11,29,Missouri,41.0,0.6564762341192795
2023-02-18,29,Missouri,42.0,0.6724878495856034
2023-02-25,29,Missouri,36.0,0.5764181567876601
2023-03-04,29,Missouri,39.0,0.6244530031866317
2023-03-11,29,Missouri,35.0,0.5604065413213362
2023-03-18,29,Missouri,24.0,0.38427877119177334
2023-03-25,29,Missouri,32.0,0.5123716949223645
2023-04-01,29,Missouri,29.0,0.4643368485233928
2023-04-08,29,Missouri,29.0,0.4643368485233928
2023-04-15,29,Missouri,18.0,0.28820907839383003
2023-04-22,29,Missouri,19.0,0.30422069386015393
2023-04-29,29,Missouri,26.0,0.41630200212442114
2023-05-06,29,Missouri,27.0,0.43231361759074505
2023-05-13,29,Missouri,21.0,0.3362439247928017
2023-05-20,29,Missouri,22.0,0.3522555402591256
2023-05-27,29,Missouri,8.0,0.1280929237305911
2023-06-03,29,Missouri,8.0,0.1280929237305911
2023-06-10,29,Missouri,18.0,0.28820907839383003
2023-06-17,29,Missouri,10.0,0.1601161546632389
2023-06-24,29,Missouri,12.0,0.19213938559588667
2023-07-01,29,Missouri,7.0,0.11208130826426722
2023-07-08,29,Missouri,3.0,0.04803484639897167
2023-07-15,29,Missouri,13.0,0.20815100106221057
2023-07-22,29,Missouri,20.0,0.3202323093264778
2023-07-29,29,Missouri,10.0,0.1601161546632389
2023-08-05,29,Missouri,4.0,0.06404646186529556
2023-08-12,29,Missouri,9.0,0.14410453919691502
2023-08-19,29,Missouri,11.0,0.1761277701295628
2023-08-26,29,Missouri,7.0,0.11208130826426722
2023-09-02,29,Missouri,6.0,0.09606969279794333
2023-09-09,29,Missouri,12.0,0.19213938559588667
2023-09-16,29,Missouri,8.0,0.1280929237305911
2023-09-23,29,Missouri,16.0,0.2561858474611822
2023-09-30,29,Missouri,12.0,0.19213938559588667
2021-10-09,38,North Dakota,2.0,0.2510771208484398
2021-10-16,38,North Dakota,2.0,0.2510771208484398
2021-10-23,38,North Dakota,0.0,0.0
2021-10-30,38,North Dakota,4.0,0.5021542416968796
2021-11-06,38,North Dakota,1.0,0.1255385604242199
2021-11-13,38,North Dakota,3.0,0.3766156812726597
2021-11-20,38,North Dakota,1.0,0.1255385604242199
2021-11-27,38,North Dakota,3.0,0.3766156812726597
2021-12-04,38,North Dakota,9.0,1.129847043817979
2021-12-11,38,North Dakota,5.0,0.6276928021210996
2021-12-18,38,North Dakota,6.0,0.7532313625453194
2021-12-25,38,North Dakota,14.0,1.7575398459390787
2022-01-01,38,North Dakota,51.0,6.402466581635215
2022-01-08,38,North Dakota,54.0,6.779082262907875
2022-01-15,38,North Dakota,40.0,5.0215424169687966
2022-01-22,38,North Dakota,29.0,3.640618252302377
2022-01-29,38,North Dakota,19.0,2.385232648060178
2022-02-05,38,North Dakota,18.0,2.259694087635958
2022-02-12,38,North Dakota,7.0,0.8787699229695394
2022-02-19,38,North Dakota,8.0,1.0043084833937592
2022-02-26,38,North Dakota,0.0,0.0
2022-03-05,38,North Dakota,3.0,0.3766156812726597
2022-03-12,38,North Dakota,7.0,0.8787699229695394
2022-03-19,38,North Dakota,5.0,0.6276928021210996
2022-03-26,38,North Dakota,9.0,1.129847043817979
2022-04-02,38,North Dakota,4.0,0.5021542416968796
2022-04-09,38,North Dakota,4.0,0.5021542416968796
2022-04-16,38,North Dakota,7.0,0.8787699229695394
2022-04-23,38,North Dakota,7.0,0.8787699229695394
2022-04-30,38,North Dakota,3.0,0.3766156812726597
2022-05-07,38,North Dakota,1.0,0.1255385604242199
2022-05-14,38,North Dakota,1.0,0.1255385604242199
2022-05-21,38,North Dakota,1.0,0.1255385604242199
2022-05-28,38,North Dakota,0.0,0.0
2022-06-04,38,North Dakota,4.0,0.5021542416968796
2022-06-11,38,North Dakota,2.0,0.2510771208484398
2022-06-18,38,North Dakota,0.0,0.0
2022-06-25,38,North Dakota,0.0,0.0
2022-07-02,38,North Dakota,0.0,0.0
2022-07-09,38,North Dakota,0.0,0.0
2022-07-16,38,North Dakota,1.0,0.1255385604242199
2022-07-23,38,North Dakota,2.0,0.2510771208484398
2022-07-30,38,North Dakota,0.0,0.0
2022-08-06,38,North Dakota,1.0,0.1255385604242199
2022-08-13,38,North Dakota,3.0,0.3766156812726597
2022-08-20,38,North Dakota,0.0,0.0
2022-08-27,38,North Dakota,0.0,0.0
2022-09-03,38,North Dakota,1.0,0.1255385604242199
2022-09-10,38,North Dakota,0.0,0.0
2022-09-17,38,North Dakota,0.0,0.0
2022-09-24,38,North Dakota,1.0,0.1255385604242199
2022-10-01,38,North Dakota,0.0,0.0
2025-10-04,38,North Dakota,3.0,0.3766156812726597
2025-10-11,38,North Dakota,3.0,0.3766156812726597
2025-10-18,38,North Dakota,1.0,0.1255385604242199
2025-10-25,38,North Dakota,2.0,0.2510771208484398
2025-11-01,38,North Dakota,2.0,0.2510771208484398
2025-11-08,38,North Dakota,5.0,0.6276928021210996
2025-11-15,38,North Dakota,1.0,0.1255385604242199
2025-11-22,38,North Dakota,2.0,0.2510771208484398
2025-11-29,38,North Dakota,10.0,1.2553856042421991
2025-12-06,38,North Dakota,9.0,1.129847043817979
2025-12-13,38,North Dakota,22.0,2.761848329332838
2025-12-20,38,North Dakota,55.0,6.9046208233320945
2025-12-27,38,North Dakota,104.0,13.05601028411887
2026-01-03,38,North Dakota,159.0,19.960631107450965
2026-01-10,38,North Dakota,103.0,12.93047172369465
2026-01-17,38,North Dakota,95.0,11.926163240300891
2026-01-24,38,North Dakota,72.0,9.038776350543833
2026-01-31,38,North Dakota,61.0,7.657852185877414
2026-02-07,38,North Dakota,42.0,5.272619537817236
2026-02-14,38,North Dakota,30.0,3.766156812726597
2026-02-21,38,North Dakota,22.0,2.761848329332838
2026-02-28,38,North Dakota,18.0,2.259694087635958
2026-03-07,38,North Dakota,27.0,3.3895411314539374
2026-03-14,38,North Dakota,22.0,2.761848329332838
2026-03-21,38,North Dakota,24.0,3.0129254501812777
2026-03-28,38,North Dakota,15.0,1.8830784063632986
2026-04-04,38,North Dakota,10.0,1.2553856042421991
2026-04-11,38,North Dakota,11.0,1.380924164666419
2026-04-18,38,North Dakota,8.0,1.0043084833937592
2025-10-04,41,Oregon,3.0,0.07021862099522724
2025-10-11,41,Oregon,5.0,0.1170310349920454
2025-10-18,41,Oregon,5.0,0.1170310349920454
2025-10-25,41,Oregon,6.0,0.1404372419904545
2025-11-01,41,Oregon,4.0,0.09362482799363632
2025-11-08,41,Oregon,9.0,0.21065586298568173
2025-11-15,41,Oregon,12.0,0.280874483980909
2025-11-22,41,Oregon,20.0,0.4681241399681816
2025-11-29,41,Oregon,29.0,0.6787800029538633
2025-12-06,41,Oregon,41.0,0.9596544869347723
2025-12-13,41,Oregon,40.0,0.9362482799363632
2025-12-20,41,Oregon,57.0,1.3341537989093175
2025-12-27,41,Oregon,137.0,3.206650358782044
2026-01-03,41,Oregon,198.0,4.634428985684998
2026-01-10,41,Oregon,170.0,3.9790551897295434
2026-01-17,41,Oregon,203.0,4.751460020677043
2026-01-24,41,Oregon,245.0,5.734520714610225
2026-01-31,41,Oregon,432.0,10.111481423312723
2026-02-07,41,Oregon,573.0,13.411756610088403
2026-02-14,41,Oregon,400.0,9.362482799363631
2026-02-21,41,Oregon,309.0,7.232517962508406
2026-02-28,41,Oregon,197.0,4.611022778686589
2026-03-07,41,Oregon,147.0,3.4407124287661346
2026-03-14,41,Oregon,102.0,2.387433113837726
2026-03-21,41,Oregon,42.0,0.9830606939331814
2026-03-28,41,Oregon,22.0,0.5149365539649997
2026-04-04,41,Oregon,11.0,0.25746827698249986
2026-04-11,41,Oregon,4.0,0.09362482799363632
2026-04-18,41,Oregon,9.0,0.21065586298568173
2025-10-04,42,Pennsylvania,112.0,0.8563508854935765
2025-10-11,42,Pennsylvania,119.0,0.9098728158369251
2025-10-18,42,Pennsylvania,104.0,0.7951829651011783
2025-10-25,42,Pennsylvania,132.0,1.0092706864745724
2025-11-01,42,Pennsylvania,117.0,0.8945808357388255
2025-11-08,42,Pennsylvania,113.0,0.8639968755426264
2025-11-15,42,Pennsylvania,157.0,1.2004204377008172
2025-11-22,42,Pennsylvania,221.0,1.6897638008400038
2025-11-29,42,Pennsylvania,349.0,2.668450527118377
2025-12-06,42,Pennsylvania,513.0,3.9223928951625426
2025-12-13,42,Pennsylvania,707.0,5.405714964678202
2025-12-20,42,Pennsylvania,1256.0,9.603363501606538
2025-12-27,42,Pennsylvania,2377.0,18.174518346591352
2026-01-03,42,Pennsylvania,3327.0,25.438208893188655
2026-01-10,42,Pennsylvania,2245.0,17.16524766011678
2026-01-17,42,Pennsylvania,1867.0,14.27506342157596
2026-01-24,42,Pennsylvania,1232.0,9.419859740429342
2026-01-31,42,Pennsylvania,1039.0,7.944183660962732
2026-02-07,42,Pennsylvania,842.0,6.437923621299924
2026-02-14,42,Pennsylvania,784.0,5.994456198455036
2026-02-21,42,Pennsylvania,774.0,5.917996297964538
2026-02-28,42,Pennsylvania,804.0,6.147375999436032
2026-03-07,42,Pennsylvania,853.0,6.522029511839471
2026-03-14,42,Pennsylvania,891.0,6.812577133703363
2026-03-21,42,Pennsylvania,682.0,5.214565213451957
2026-03-28,42,Pennsylvania,375.0,2.8672462683936715
2026-04-04,42,Pennsylvania,366.0,2.7984323579522234
2026-04-11,42,Pennsylvania,229.0,1.750931721232402
2026-04-18,42,Pennsylvania,182.0,1.391570188927062
2024-10-05,,,10.0,
2024-10-12,,,81.0,
2024-10-19,,,63.0,
2024-10-26,,,106.0,
2024-11-02,,,141.0,
2024-11-09,,,312.0,
2024-11-16,,,358.0,
2024-11-23,,,405.0,
2024-11-30,,,647.0,
2024-12-07,,,868.0,
2024-12-14,,,1163.0,
2024-12-21,,,1976.0,
2024-12-28,,,3319.0,
2025-01-04,,,4176.0,
2025-01-11,,,3195.0,
2025-01-18,,,3835.0,
2025-01-25,,,5116.0,
2025-02-01,,,7228.0,
2025-02-08,,,6798.0,
2025-02-15,,,4476.0,
2025-02-22,,,3244.0,
2025-03-01,,,2793.0,
2025-03-08,,,2346.0,
2025-03-15,,,1754.0,
2025-03-22,,,1201.0,
2025-03-29,,,993.0,
2025-04-05,,,661.0,
2025-04-12,,,453.0,
2025-04-19,,,422.0,
2025-04-26,,,376.0,
2025-05-03,,,306.0,
2025-05-10,,,260.0,
2025-05-17,,,287.0,
2025-05-24,,,218.0,
2025-05-31,,,231.0,
2025-06-07,,,219.0,
2025-06-14,,,202.0,
2025-06-21,,,193.0,
2025-06-28,,,171.0,
2025-07-05,,,118.0,
2025-07-12,,,121.0,
2025-07-19,,,114.0,
2025-07-26,,,124.0,
2025-08-02,,,118.0,
2025-08-09,,,111.0,
2025-08-16,,,123.0,
2025-08-23,,,135.0,
2025-08-30,,,138.0,
2025-09-06,,,163.0,
2025-09-13,,,147.0,
2025-09-20,,,143.0,
2025-09-27,,,185.0,
2023-10-07,,,42.0,
2023-10-14,,,38.0,
2023-10-21,,,36.0,
2023-10-28,,,33.0,
2023-11-04,,,44.0,
2023-11-11,,,68.0,
2023-11-18,,,76.0,
2023-11-25,,,119.0,
2023-12-02,,,174.0,
2023-12-09,,,231.0,
2023-12-16,,,260.0,
2023-12-23,,,468.0,
2023-12-30,,,612.0,
2024-01-06,,,582.0,
2024-01-13,,,556.0,
2024-01-20,,,462.0,
2024-01-27,,,463.0,
2024-02-03,,,568.0,
2024-02-10,,,649.0,
2024-02-17,,,643.0,
2024-02-24,,,777.0,
2024-03-02,,,805.0,
2024-03-09,,,756.0,
2024-03-16,,,557.0,
2024-03-23,,,412.0,
2024-03-30,,,400.0,
2024-04-06,,,324.0,
2024-04-13,,,243.0,
2024-04-20,,,203.0,
2024-04-27,,,125.0,
2024-05-04,,,56.0,
2024-05-11,,,27.0,
2024-05-18,,,18.0,
2024-05-25,,,17.0,
2024-06-01,,,9.0,
2024-06-08,,,10.0,
2024-06-15,,,5.0,
2024-06-22,,,4.0,
2024-06-29,,,7.0,
2024-07-06,,,0.0,
2024-07-13,,,6.0,
2024-07-20,,,3.0,
2024-07-27,,,6.0,
2024-08-03,,,2.0,
2024-08-10,,,3.0,
2024-08-17,,,5.0,
2024-08-24,,,4.0,
2024-08-31,,,5.0,
2024-09-07,,,4.0,
2024-09-14,,,5.0,
2024-09-21,,,4.0,
2024-09-28,,,7.0,
2022-10-08,,,13.0,
2022-10-15,,,21.0,
2022-10-22,,,37.0,
2022-10-29,,,57.0,
2022-11-05,,,69.0,
2022-11-12,,,114.0,
2022-11-19,,,201.0,
2022-11-26,,,347.0,
2022-12-03,,,453.0,
2022-12-10,,,554.0,
2022-12-17,,,597.0,
2022-12-24,,,728.0,
2022-12-31,,,681.0,
2023-01-07,,,455.0,
2023-01-14,,,243.0,
2023-01-21,,,128.0,
2023-01-28,,,86.0,
2023-02-04,,,84.0,
2023-02-11,,,63.0,
2023-02-18,,,63.0,
2023-02-25,,,33.0,
2023-03-04,,,41.0,
2023-03-11,,,41.0,
2023-03-18,,,46.0,
2023-03-25,,,34.0,
2023-04-01,,,24.0,
2023-04-08,,,35.0,
2023-04-15,,,34.0,
2023-04-22,,,27.0,
2023-04-29,,,19.0,
2023-05-06,,,27.0,
2023-05-13,,,23.0,
2023-05-20,,,32.0,
2023-05-27,,,24.0,
2023-06-03,,,12.0,
2023-06-10,,,12.0,
2023-06-17,,,17.0,
2023-06-24,,,9.0,
2023-07-01,,,23.0,
2023-07-08,,,10.0,
2023-07-15,,,13.0,
2023-07-22,,,5.0,
2023-07-29,,,7.0,
2023-08-05,,,6.0,
2023-08-12,,,9.0,
2023-08-19,,,3.0,
2023-08-26,,,6.0,
2023-09-02,,,5.0,
2023-09-09,,,13.0,
2023-09-16,,,6.0,
2023-09-23,,,14.0,
2023-09-30,,,23.0,
2024-10-05,47,Tennessee,4.0,0.05534225727231849
2024-10-12,47,Tennessee,2.0,0.027671128636159247
2024-10-19,47,Tennessee,8.0,0.11068451454463699
2024-10-26,47,Tennessee,31.0,0.42890249386046836
2024-11-02,47,Tennessee,45.0,0.622600394313583
2024-11-09,47,Tennessee,96.0,1.328214174535644
2024-11-16,47,Tennessee,94.0,1.3005430458994847
2024-11-23,47,Tennessee,59.0,0.8162982947666978
2024-11-30,47,Tennessee,60.0,0.8301338590847774
2024-12-07,47,Tennessee,115.0,1.5910898965791567
2024-12-14,47,Tennessee,217.0,3.0023174570232785
2024-12-21,47,Tennessee,372.0,5.14682992632562
2024-12-28,47,Tennessee,747.0,10.335166545605478
2025-01-04,47,Tennessee,1063.0,14.70720487011864
2025-01-11,47,Tennessee,684.0,9.463525993566462
2025-01-18,47,Tennessee,570.0,7.886271661305385
2025-01-25,47,Tennessee,646.0,8.937774549479437
2025-02-01,47,Tennessee,944.0,13.060772716267165
2025-02-08,47,Tennessee,1067.0,14.762547127390958
2025-02-15,47,Tennessee,699.0,9.671059458337657
2025-02-22,47,Tennessee,546.0,7.554218117671475
2025-03-01,47,Tennessee,526.0,7.277506831309882
2025-03-08,47,Tennessee,479.0,6.62723530836014
2025-03-15,47,Tennessee,461.0,6.378195150634706
2025-03-22,47,Tennessee,308.0,4.261353809968524
2025-03-29,47,Tennessee,219.0,3.0299885856594377
2025-04-05,47,Tennessee,150.0,2.0753346477119434
2025-04-12,47,Tennessee,100.0,1.3835564318079623
2025-04-19,47,Tennessee,59.0,0.8162982947666978
2025-04-26,47,Tennessee,65.0,0.8993116806751755
2025-05-03,47,Tennessee,46.0,0.6364359586316627
2025-05-10,47,Tennessee,32.0,0.44273805817854794
2025-05-17,47,Tennessee,50.0,0.6917782159039811
2025-05-24,47,Tennessee,36.0,0.49808031545086645
2025-05-31,47,Tennessee,35.0,0.4842447511327868
2025-06-07,47,Tennessee,35.0,0.4842447511327868
2025-06-14,47,Tennessee,45.0,0.622600394313583
2025-06-21,47,Tennessee,33.0,0.4565736224966276
2025-06-28,47,Tennessee,19.0,0.26287572204351284
2025-07-05,47,Tennessee,13.0,0.1798623361350351
2025-07-12,47,Tennessee,33.0,0.4565736224966276
2025-07-19,47,Tennessee,34.0,0.4704091868147072
2025-07-26,47,Tennessee,23.0,0.31821797931583135
2025-08-02,47,Tennessee,17.0,0.2352045934073536
2025-08-09,47,Tennessee,32.0,0.44273805817854794
2025-08-16,47,Tennessee,23.0,0.31821797931583135
2025-08-23,47,Tennessee,25.0,0.34588910795199057
2025-08-30,47,Tennessee,25.0,0.34588910795199057
2025-09-06,47,Tennessee,28.0,0.38739580090622944
2025-09-13,47,Tennessee,36.0,0.49808031545086645
2025-09-20,47,Tennessee,40.0,0.553422572723185
2025-09-27,47,Tennessee,41.0,0.5672581370412646
2020-08-08,48,Texas,,
2020-08-15,48,Texas,,
2020-08-22,48,Texas,,
2020-08-29,48,Texas,,
2020-09-05,48,Texas,,
2020-09-12,48,Texas,,
2020-09-19,48,Texas,,
2020-09-26,48,Texas,,
2023-10-07,US,US,1107.0,0.325481986486129
2023-10-14,US,US,1214.0,0.3569423049631081
2023-10-21,US,US,1460.0,0.429271635293359
2023-10-28,US,US,1613.0,0.47425695049875893
2023-11-04,US,US,2010.0,0.5909835526983915
2023-11-11,US,US,2775.0,0.8159101287253913
2023-11-18,US,US,3490.0,1.0261356213519335
2023-11-25,US,US,4379.0,1.2875208842120678
2023-12-02,US,US,5946.0,1.7482528379824058
2023-12-09,US,US,7473.0,2.197223925032378
2023-12-16,US,US,10266.0,3.0184264437819337
2023-12-23,US,US,15710.0,4.619080404423746
2023-12-30,US,US,21667.0,6.370567480754253
2024-01-06,US,US,19502.0,5.734010569514443
2024-01-13,US,US,15888.0,4.671416261329375
2024-01-20,US,US,13290.0,3.9075479678416034
2024-01-27,US,US,12978.0,3.8158132074227487
2024-02-03,US,US,11950.0,3.5135589327093424
2024-02-10,US,US,11625.0,3.418001890606369
2024-02-17,US,US,11114.0,3.267756818253693
2024-02-24,US,US,10853.0,3.191017162903305
2024-03-02,US,US,10797.0,3.1745519494947927
2024-03-09,US,US,9408.0,2.7661558526300833
2024-03-16,US,US,7318.0,2.1516505664909595
2024-03-23,US,US,6036.0,1.7747147881032295
2024-03-30,US,US,5571.0,1.6379947124789747
2024-04-06,US,US,5066.0,1.489513770134354
2024-04-13,US,US,4069.0,1.1963741671292314
2024-04-20,US,US,2938.0,0.8638356606108827
2024-04-27,US,US,2414.0,0.7097683065740881
2024-05-04,US,US,1484.0,0.4363281553255786
2024-05-11,US,US,852.0,0.2505064611437958
2024-05-18,US,US,681.0,0.20022875591423114
2024-05-25,US,US,610.0,0.1793532174855815
2024-06-01,US,US,590.0,0.1734727841253985
2024-06-08,US,US,511.0,0.15024507235267565
2024-06-15,US,US,517.0,0.15200920236073054
2024-06-22,US,US,441.0,0.12966355559203516
2024-06-29,US,US,356.0,0.1046717138112574
2024-07-06,US,US,341.0,0.10026138879112015
2024-07-13,US,US,367.0,0.10790595215935805
2024-07-20,US,US,324.0,0.0952630204349646
2024-07-27,US,US,273.0,0.08026791536649795
2024-08-03,US,US,275.0,0.08085595870251625
2024-08-10,US,US,275.0,0.08085595870251625
2024-08-17,US,US,273.0,0.08026791536649795
2024-08-24,US,US,274.0,0.0805619370345071
2024-08-31,US,US,259.0,0.07615161201436985
2024-09-07,US,US,223.0,0.06556683196604045
2024-09-14,US,US,319.0,0.09379291209491886
2024-09-21,US,US,293.0,0.08614834872668095
2024-09-28,US,US,223.0,0.06556683196604045
2020-08-08,50,Vermont,,
2020-08-15,50,Vermont,,
2020-08-22,50,Vermont,,
2020-08-29,50,Vermont,,
2020-09-05,50,Vermont,,
2020-09-12,50,Vermont,,
2020-09-19,50,Vermont,,
2020-09-26,50,Vermont,,
2023-10-07,01,Alabama,20.0,0.38776981750970735
2023-10-14,01,Alabama,24.0,0.4653237810116488
2023-10-21,01,Alabama,30.0,0.581654726264561
2023-10-28,01,Alabama,30.0,0.581654726264561
2023-11-04,01,Alabama,37.0,0.7173741623929586
2023-11-11,01,Alabama,56.0,1.0857554890271806
2023-11-18,01,Alabama,73.0,1.4153598339104319
2023-11-25,01,Alabama,71.0,1.376582852159461
2023-12-02,01,Alabama,84.0,1.6286332335407707
2023-12-09,01,Alabama,110.0,2.1327339963033904
2023-12-16,01,Alabama,143.0,2.7725541951944073
2023-12-23,01,Alabama,269.0,5.215504045505564
2023-12-30,01,Alabama,318.0,6.165540098404347
2024-01-06,01,Alabama,348.0,6.747194824668908
2024-01-13,01,Alabama,226.0,4.381798937859693
2024-01-20,01,Alabama,169.0,3.2766549579570268
2024-01-27,01,Alabama,140.0,2.7143887225679513
2024-02-03,01,Alabama,103.0,1.9970145601749927
2024-02-10,01,Alabama,109.0,2.113345505427905
2024-02-17,01,Alabama,120.0,2.326618905058244
2024-02-24,01,Alabama,87.0,1.686798706167227
2024-03-02,01,Alabama,81.0,1.5704677609143147
2024-03-09,01,Alabama,84.0,1.6286332335407707
2024-03-16,01,Alabama,64.0,1.2408634160310634
2024-03-23,01,Alabama,69.0,1.3378058704084903
2024-03-30,01,Alabama,60.0,1.163309452529122
2024-04-06,01,Alabama,39.0,0.7561511441439293
2024-04-13,01,Alabama,19.0,0.36838132663422196
2024-04-20,01,Alabama,17.0,0.32960434488325124
2024-04-27,01,Alabama,15.0,0.2908273631322805
2024-05-04,01,Alabama,10.0,0.19388490875485367
2024-05-11,01,Alabama,0.0,0.0
2024-05-18,01,Alabama,2.0,0.03877698175097073
2024-05-25,01,Alabama,0.0,0.0
2024-06-01,01,Alabama,0.0,0.0
2024-06-08,01,Alabama,0.0,0.0
2024-06-15,01,Alabama,0.0,0.0
2024-06-22,01,Alabama,0.0,0.0
2024-06-29,01,Alabama,0.0,0.0
2024-07-06,01,Alabama,0.0,0.0
2024-07-13,01,Alabama,0.0,0.0
2024-07-20,01,Alabama,0.0,0.0
2024-07-27,01,Alabama,0.0,0.0
2024-08-03,01,Alabama,1.0,0.019388490875485366
2024-08-10,01,Alabama,0.0,0.0
2024-08-17,01,Alabama,0.0,0.0
2024-08-24,01,Alabama,0.0,0.0
2024-08-31,01,Alabama,1.0,0.019388490875485366
2024-09-07,01,Alabama,0.0,0.0
2024-09-14,01,Alabama,0.0,0.0
2024-09-21,01,Alabama,0.0,0.0
2024-09-28,01,Alabama,0.0,0.0
2025-10-04,05,Arkansas,4.0,0.12951883106664586
2025-10-11,05,Arkansas,5.0,0.16189853883330732
2025-10-18,05,Arkansas,2.0,0.06475941553332293
2025-10-25,05,Arkansas,3.0,0.09713912329998439
2025-11-01,05,Arkansas,9.0,0.2914173698999532
2025-11-08,05,Arkansas,9.0,0.2914173698999532
2025-11-15,05,Arkansas,27.0,0.8742521096998596
2025-11-22,05,Arkansas,18.0,0.5828347397999064
2025-11-29,05,Arkansas,78.0,2.5256172057995943
2025-12-06,05,Arkansas,56.0,1.813263634933042
2025-12-13,05,Arkansas,87.0,2.817034575699547
2025-12-20,05,Arkansas,145.0,4.695057626165912
2025-12-27,05,Arkansas,297.0,9.616773206698454
2026-01-03,05,Arkansas,278.0,9.001558759131887
2026-01-10,05,Arkansas,163.0,5.277892365965819
2026-01-17,05,Arkansas,142.0,4.5979185028659275
2026-01-24,05,Arkansas,167.0,5.407411197032465
2026-01-31,05,Arkansas,209.0,6.767358923232246
2026-02-07,05,Arkansas,175.0,5.666448859165756
2026-02-14,05,Arkansas,231.0,7.4797124940987985
2026-02-21,05,Arkansas,173.0,5.601689443632433
2026-02-28,05,Arkansas,125.0,4.047463470832683
2026-03-07,05,Arkansas,107.0,3.464628731032777
2026-03-14,05,Arkansas,77.0,2.493237498032933
2026-03-21,05,Arkansas,46.0,1.4894665572664274
2026-03-28,05,Arkansas,31.0,1.0037709407665054
2026-04-04,05,Arkansas,21.0,0.6799738630998907
2026-04-11,05,Arkansas,9.0,0.2914173698999532
2026-04-18,05,Arkansas,3.0,0.09713912329998439
2023-10-07,08,Colorado,9.0,0.15107025723739834
2023-10-14,08,Colorado,15.0,0.2517837620623306
2023-10-21,08,Colorado,16.0,0.26856934619981926
2023-10-28,08,Colorado,19.0,0.3189260986122854
2023-11-04,08,Colorado,31.0,0.5203531082621499
2023-11-11,08,Colorado,52.0,0.8728503751494127
2023-11-18,08,Colorado,102.0,1.712129582023848
2023-11-25,08,Colorado,137.0,2.299625026835953
2023-12-02,08,Colorado,126.0,2.1149836013235768
2023-12-09,08,Colorado,153.0,2.568194373035772
2023-12-16,08,Colorado,234.0,3.927826688172357
2023-12-23,08,Colorado,252.0,4.2299672026471535
2023-12-30,08,Colorado,367.0,6.160309378458355
2024-01-06,08,Colorado,308.0,5.169959914346522
2024-01-13,08,Colorado,286.0,4.8006770633217695
2024-01-20,08,Colorado,197.0,3.306760075085275
2024-01-27,08,Colorado,229.0,3.8438987674849137
2024-02-03,08,Colorado,196.0,3.2899744909477864
2024-02-10,08,Colorado,196.0,3.2899744909477864
2024-02-17,08,Colorado,137.0,2.299625026835953
2024-02-24,08,Colorado,129.0,2.165340353736043
2024-03-02,08,Colorado,93.0,1.5610593247864497
2024-03-09,08,Colorado,80.0,1.3428467309990963
2024-03-16,08,Colorado,96.0,1.6114160771989157
2024-03-23,08,Colorado,97.0,1.6282016613364043
2024-03-30,08,Colorado,68.0,1.1414197213492319
2024-04-06,08,Colorado,49.0,0.8224936227369466
2024-04-13,08,Colorado,55.0,0.9232071275618788
2024-04-20,08,Colorado,26.0,0.43642518757470633
2024-04-27,08,Colorado,23.0,0.3860684351622402
2024-05-04,08,Colorado,23.0,0.3860684351622402
2024-05-11,08,Colorado,12.0,0.20142700964986446
2024-05-18,08,Colorado,6.0,0.10071350482493223
2024-05-25,08,Colorado,11.0,0.18464142551237575
2024-06-01,08,Colorado,10.0,0.16785584137488704
2024-06-08,08,Colorado,4.0,0.06714233654995481
2024-06-15,08,Colorado,3.0,0.050356752412466114
2024-06-22,08,Colorado,3.0,0.050356752412466114
2024-06-29,08,Colorado,3.0,0.050356752412466114
2024-07-06,08,Colorado,3.0,0.050356752412466114
2024-07-13,08,Colorado,1.0,0.016785584137488704
2024-07-20,08,Colorado,3.0,0.050356752412466114
2024-07-27,08,Colorado,6.0,0.10071350482493223
2024-08-03,08,Colorado,6.0,0.10071350482493223
2024-08-10,08,Colorado,5.0,0.08392792068744352
2024-08-17,08,Colorado,0.0,0.0
2024-08-24,08,Colorado,0.0,0.0
2024-08-31,08,Colorado,0.0,0.0
2024-09-07,08,Colorado,1.0,0.016785584137488704
2024-09-14,08,Colorado,0.0,0.0
2024-09-21,08,Colorado,0.0,0.0
2024-09-28,08,Colorado,3.0,0.050356752412466114
2020-08-08,19,Iowa,,
2020-08-15,19,Iowa,,
2020-08-22,19,Iowa,,
2020-08-29,19,Iowa,,
2020-09-05,19,Iowa,,
2020-09-12,19,Iowa,,
2020-09-19,19,Iowa,,
2020-09-26,19,Iowa,,
2021-10-09,21,Kentucky,3.0,0.06538266731642509
2021-10-16,21,Kentucky,1.0,0.021794222438808363
2021-10-23,21,Kentucky,0.0,0.0
2021-10-30,21,Kentucky,3.0,0.06538266731642509
2021-11-06,21,Kentucky,5.0,0.1089711121940418
2021-11-13,21,Kentucky,5.0,0.1089711121940418
2021-11-20,21,Kentucky,2.0,0.043588444877616726
2021-11-27,21,Kentucky,4.0,0.08717688975523345
2021-12-04,21,Kentucky,1.0,0.021794222438808363
2021-12-11,21,Kentucky,3.0,0.06538266731642509
2021-12-18,21,Kentucky,9.0,0.19614800194927526
2021-12-25,21,Kentucky,5.0,0.1089711121940418
2022-01-01,21,Kentucky,10.0,0.2179422243880836
2022-01-08,21,Kentucky,3.0,0.06538266731642509
2022-01-15,21,Kentucky,18.0,0.3922960038985505
2022-01-22,21,Kentucky,23.0,0.5012671160925923
2022-01-29,21,Kentucky,18.0,0.3922960038985505
2022-02-05,21,Kentucky,13.0,0.2833248917045087
2022-02-12,21,Kentucky,11.0,0.239736446826892
2022-02-19,21,Kentucky,12.0,0.26153066926570034
2022-02-26,21,Kentucky,23.0,0.5012671160925923
2022-03-05,21,Kentucky,23.0,0.5012671160925923
2022-03-12,21,Kentucky,30.0,0.6538266731642508
2022-03-19,21,Kentucky,39.0,0.8499746751135261
2022-03-26,21,Kentucky,42.0,0.9153573424299511
2022-04-02,21,Kentucky,53.0,1.1550937892568431
2022-04-09,21,Kentucky,90.0,1.9614800194927526
2022-04-16,21,Kentucky,105.0,2.288393356074878
2022-04-23,21,Kentucky,82.0,1.7871262399822856
2022-04-30,21,Kentucky,119.0,2.593512470218195
2022-05-07,21,Kentucky,109.0,2.3755702458301116
2022-05-14,21,Kentucky,47.0,1.024328454623993
2022-05-21,21,Kentucky,41.0,0.8935631199911428
2022-05-28,21,Kentucky,22.0,0.479472893653784
2022-06-04,21,Kentucky,22.0,0.479472893653784
2022-06-11,21,Kentucky,17.0,0.37050178145974216
2022-06-18,21,Kentucky,5.0,0.1089711121940418
2022-06-25,21,Kentucky,11.0,0.239736446826892
2022-07-02,21,Kentucky,1.0,0.021794222438808363
2022-07-09,21,Kentucky,6.0,0.13076533463285017
2022-07-16,21,Kentucky,3.0,0.06538266731642509
2022-07-23,21,Kentucky,1.0,0.021794222438808363
2022-07-30,21,Kentucky,6.0,0.13076533463285017
2022-08-06,21,Kentucky,1.0,0.021794222438808363
2022-08-13,21,Kentucky,4.0,0.08717688975523345
2022-08-20,21,Kentucky,3.0,0.06538266731642509
2022-08-27,21,Kentucky,4.0,0.08717688975523345
2022-09-03,21,Kentucky,4.0,0.08717688975523345
2022-09-10,21,Kentucky,8.0,0.1743537795104669
2022-09-17,21,Kentucky,5.0,0.1089711121940418
2022-09-24,21,Kentucky,10.0,0.2179422243880836
2022-10-01,21,Kentucky,4.0,0.08717688975523345
2020-08-08,23,Maine,,
2020-08-15,23,Maine,,
2020-08-22,23,Maine,,
2020-08-29,23,Maine,,
2020-09-05,23,Maine,,
2020-09-12,23,Maine,,
2020-09-19,23,Maine,,
2020-09-26,23,Maine,,
2020-08-08,26,Michigan,0.0,0.0
2020-08-15,26,Michigan,0.0,0.0
2020-08-22,26,Michigan,0.0,0.0
2020-08-29,26,Michigan,0.0,0.0
2020-09-05,26,Michigan,0.0,0.0
2020-09-12,26,Michigan,0.0,0.0
2020-09-19,26,Michigan,0.0,0.0
2020-09-26,26,Michigan,0.0,0.0
2021-10-09,28,Mississippi,2.0,0.06795682702778924
2021-10-16,28,Mississippi,5.0,0.16989206756947312
2021-10-23,28,Mississippi,14.0,0.4756977891945247
2021-10-30,28,Mississippi,2.0,0.06795682702778924
2021-11-06,28,Mississippi,6.0,0.20387048108336775
2021-11-13,28,Mississippi,8.0,0.27182730811115696
2021-11-20,28,Mississippi,10.0,0.33978413513894623
2021-11-27,28,Mississippi,14.0,0.4756977891945247
2021-12-04,28,Mississippi,24.0,0.815481924333471
2021-12-11,28,Mississippi,10.0,0.33978413513894623
2021-12-18,28,Mississippi,16.0,0.5436546162223139
2021-12-25,28,Mississippi,29.0,0.9853739919029441
2022-01-01,28,Mississippi,52.0,1.7668775027225203
2022-01-08,28,Mississippi,37.0,1.2572013000141011
2022-01-15,28,Mississippi,36.0,1.2232228865002064
2022-01-22,28,Mississippi,17.0,0.5776330297362086
2022-01-29,28,Mississippi,12.0,0.4077409621667355
2022-02-05,28,Mississippi,21.0,0.7135466837917871
2022-02-12,28,Mississippi,21.0,0.7135466837917871
2022-02-19,28,Mississippi,25.0,0.8494603378473655
2022-02-26,28,Mississippi,27.0,0.9174171648751548
2022-03-05,28,Mississippi,34.0,1.1552660594724171
2022-03-12,28,Mississippi,33.0,1.1212876459585226
2022-03-19,28,Mississippi,31.0,1.0533308189307333
2022-03-26,28,Mississippi,48.0,1.630963848666942
2022-04-02,28,Mississippi,25.0,0.8494603378473655
2022-04-09,28,Mississippi,32.0,1.0873092324446278
2022-04-16,28,Mississippi,22.0,0.7475250973056817
2022-04-23,28,Mississippi,16.0,0.5436546162223139
2022-04-30,28,Mississippi,26.0,0.8834387513612602
2022-05-07,28,Mississippi,22.0,0.7475250973056817
2022-05-14,28,Mississippi,25.0,0.8494603378473655
2022-05-21,28,Mississippi,31.0,1.0533308189307333
2022-05-28,28,Mississippi,20.0,0.6795682702778925
2022-06-04,28,Mississippi,23.0,0.7815035108195764
2022-06-11,28,Mississippi,14.0,0.4756977891945247
2022-06-18,28,Mississippi,13.0,0.4417193756806301
2022-06-25,28,Mississippi,23.0,0.7815035108195764
2022-07-02,28,Mississippi,17.0,0.5776330297362086
2022-07-09,28,Mississippi,21.0,0.7135466837917871
2022-07-16,28,Mississippi,20.0,0.6795682702778925
2022-07-23,28,Mississippi,23.0,0.7815035108195764
2022-07-30,28,Mississippi,18.0,0.6116114432501032
2022-08-06,28,Mississippi,19.0,0.6455898567639978
2022-08-13,28,Mississippi,14.0,0.4756977891945247
2022-08-20,28,Mississippi,13.0,0.4417193756806301
2022-08-27,28,Mississippi,13.0,0.4417193756806301
2022-09-03,28,Mississippi,21.0,0.7135466837917871
2022-09-10,28,Mississippi,18.0,0.6116114432501032
2022-09-17,28,Mississippi,36.0,1.2232228865002064
2022-09-24,28,Mississippi,20.0,0.6795682702778925
2022-10-01,28,Mississippi,29.0,0.9853739919029441
2023-10-07,34,New Jersey,17.0,0.1789313399399696
2023-10-14,34,New Jersey,13.0,0.1368298481893885
2023-10-21,34,New Jersey,33.0,0.3473373069422939
2023-10-28,34,New Jersey,44.0,0.46311640925639186
2023-11-04,34,New Jersey,26.0,0.273659696378777
2023-11-11,34,New Jersey,46.0,0.4841671551316824
2023-11-18,34,New Jersey,33.0,0.3473373069422939
2023-11-25,34,New Jersey,75.0,0.7894029703233952
2023-12-02,34,New Jersey,129.0,1.3577731089562397
2023-12-09,34,New Jersey,160.0,1.684059670023243
2023-12-16,34,New Jersey,304.0,3.1997133730441623
2023-12-23,34,New Jersey,488.0,5.136381993570891
2023-12-30,34,New Jersey,729.0,7.672996871543401
2024-01-06,34,New Jersey,667.0,7.020423749409395
2024-01-13,34,New Jersey,570.0,5.999462574457803
2024-01-20,34,New Jersey,441.0,4.641689465501564
2024-01-27,34,New Jersey,345.0,3.6312536634876182
2024-02-03,34,New Jersey,331.0,3.4838984423605845
2024-02-10,34,New Jersey,323.0,3.3996954588594224
2024-02-17,34,New Jersey,370.0,3.89438798692875
2024-02-24,34,New Jersey,297.0,3.126035762480645
2024-03-02,34,New Jersey,343.0,3.6102029176123276
2024-03-09,34,New Jersey,272.0,2.8629014390395136
2024-03-16,34,New Jersey,218.0,2.294531300406669
2024-03-23,34,New Jersey,180.0,1.8945671287761485
2024-03-30,34,New Jersey,188.0,1.9787701122773107
2024-04-06,34,New Jersey,168.0,1.7682626535244053
2024-04-13,34,New Jersey,130.0,1.368298481893885
2024-04-20,34,New Jersey,110.0,1.1577910231409796
2024-04-27,34,New Jersey,89.0,0.936758191450429
2024-05-04,34,New Jersey,81.0,0.8525552079492669
2024-05-11,34,New Jersey,47.0,0.4946925280693277
2024-05-18,34,New Jersey,32.0,0.33681193400464865
2024-05-25,34,New Jersey,37.0,0.389438798692875
2024-06-01,34,New Jersey,26.0,0.273659696378777
2024-06-08,34,New Jersey,20.0,0.21050745875290539
2024-06-15,34,New Jersey,25.0,0.26313432344113175
2024-06-22,34,New Jersey,16.0,0.16840596700232432
2024-06-29,34,New Jersey,20.0,0.21050745875290539
2024-07-06,34,New Jersey,21.0,0.22103283169055066
2024-07-13,34,New Jersey,23.0,0.2420835775658412
2024-07-20,34,New Jersey,17.0,0.1789313399399696
2024-07-27,34,New Jersey,17.0,0.1789313399399696
2024-08-03,34,New Jersey,12.0,0.12630447525174324
2024-08-10,34,New Jersey,15.0,0.15788059406467905
2024-08-17,34,New Jersey,10.0,0.10525372937645269
2024-08-24,34,New Jersey,12.0,0.12630447525174324
2024-08-31,34,New Jersey,7.0,0.07367761056351689
2024-09-07,34,New Jersey,12.0,0.12630447525174324
2024-09-14,34,New Jersey,21.0,0.22103283169055066
2024-09-21,34,New Jersey,27.0,0.2841850693164223
2024-09-28,34,New Jersey,8.0,0.08420298350116216
2023-10-07,35,New Mexico,6.0,0.2816562891971669
2023-10-14,35,New Mexico,4.0,0.18777085946477795
2023-10-21,35,New Mexico,2.0,0.09388542973238898
2023-10-28,35,New Mexico,2.0,0.09388542973238898
2023-11-04,35,New Mexico,10.0,0.46942714866194485
2023-11-11,35,New Mexico,9.0,0.42248443379575035
2023-11-18,35,New Mexico,12.0,0.5633125783943338
2023-11-25,35,New Mexico,21.0,0.9857970121900842
2023-12-02,35,New Mexico,42.0,1.9715940243801684
2023-12-09,35,New Mexico,84.0,3.943188048760337
2023-12-16,35,New Mexico,153.0,7.182235374527756
2023-12-23,35,New Mexico,227.0,10.655996274626148
2023-12-30,35,New Mexico,235.0,11.031537993555704
2024-01-06,35,New Mexico,229.0,10.749881704358538
2024-01-13,35,New Mexico,149.0,6.994464515062979
2024-01-20,35,New Mexico,113.0,5.304526779879977
2024-01-27,35,New Mexico,102.0,4.788156916351838
2024-02-03,35,New Mexico,76.0,3.567646329830781
2024-02-10,35,New Mexico,78.0,3.66153175956317
2024-02-17,35,New Mexico,73.0,3.4268181852321975
2024-02-24,35,New Mexico,59.0,2.7696201771054745
2024-03-02,35,New Mexico,61.0,2.8635056068378635
2024-03-09,35,New Mexico,77.0,3.6145890446969755
2024-03-16,35,New Mexico,45.0,2.112422168978752
2024-03-23,35,New Mexico,57.0,2.6757347473730855
2024-03-30,35,New Mexico,36.0,1.6899377351830014
2024-04-06,35,New Mexico,41.0,1.924651309513974
2024-04-13,35,New Mexico,19.0,0.8919115824576952
2024-04-20,35,New Mexico,15.0,0.7041407229929173
2024-04-27,35,New Mexico,20.0,0.9388542973238897
2024-05-04,35,New Mexico,11.0,0.5163698635281393
2024-05-11,35,New Mexico,16.0,0.7510834378591118
2024-05-18,35,New Mexico,13.0,0.6102552932605283
2024-05-25,35,New Mexico,8.0,0.3755417189295559
2024-06-01,35,New Mexico,9.0,0.42248443379575035
2024-06-08,35,New Mexico,5.0,0.23471357433097242
2024-06-15,35,New Mexico,0.0,0.0
2024-06-22,35,New Mexico,0.0,0.0
2024-06-29,35,New Mexico,0.0,0.0
2024-07-06,35,New Mexico,1.0,0.04694271486619449
2024-07-13,35,New Mexico,0.0,0.0
2024-07-20,35,New Mexico,0.0,0.0
2024-07-27,35,New Mexico,0.0,0.0
2024-08-03,35,New Mexico,0.0,0.0
2024-08-10,35,New Mexico,0.0,0.0
2024-08-17,35,New Mexico,0.0,0.0
2024-08-24,35,New Mexico,1.0,0.04694271486619449
2024-08-31,35,New Mexico,1.0,0.04694271486619449
2024-09-07,35,New Mexico,0.0,0.0
2024-09-14,35,New Mexico,0.0,0.0
2024-09-21,35,New Mexico,0.0,0.0
2024-09-28,35,New Mexico,0.0,0.0
2021-10-09,41,Oregon,4.0,0.09362482799363632
2021-10-16,41,Oregon,1.0,0.02340620699840908
2021-10-23,41,Oregon,1.0,0.02340620699840908
2021-10-30,41,Oregon,0.0,0.0
2021-11-06,41,Oregon,0.0,0.0
2021-11-13,41,Oregon,0.0,0.0
2021-11-20,41,Oregon,1.0,0.02340620699840908
2021-11-27,41,Oregon,6.0,0.1404372419904545
2021-12-04,41,Oregon,4.0,0.09362482799363632
2021-12-11,41,Oregon,5.0,0.1170310349920454
2021-12-18,41,Oregon,7.0,0.16384344898886355
2021-12-25,41,Oregon,4.0,0.09362482799363632
2022-01-01,41,Oregon,6.0,0.1404372419904545
2022-01-08,41,Oregon,5.0,0.1170310349920454
2022-01-15,41,Oregon,4.0,0.09362482799363632
2022-01-22,41,Oregon,4.0,0.09362482799363632
2022-01-29,41,Oregon,5.0,0.1170310349920454
2022-02-05,41,Oregon,1.0,0.02340620699840908
2022-02-12,41,Oregon,2.0,0.04681241399681816
2022-02-19,41,Oregon,5.0,0.1170310349920454
2022-02-26,41,Oregon,4.0,0.09362482799363632
2022-03-05,41,Oregon,2.0,0.04681241399681816
2022-03-12,41,Oregon,7.0,0.16384344898886355
2022-03-19,41,Oregon,18.0,0.42131172597136346
2022-03-26,41,Oregon,24.0,0.561748967961818
2022-04-02,41,Oregon,10.0,0.2340620699840908
2022-04-09,41,Oregon,14.0,0.3276868979777271
2022-04-16,41,Oregon,14.0,0.3276868979777271
2022-04-23,41,Oregon,27.0,0.6319675889570452
2022-04-30,41,Oregon,23.0,0.5383427609634088
2022-05-07,41,Oregon,27.0,0.6319675889570452
2022-05-14,41,Oregon,26.0,0.6085613819586361
2022-05-21,41,Oregon,36.0,0.8426234519427269
2022-05-28,41,Oregon,33.0,0.7724048309474997
2022-06-04,41,Oregon,28.0,0.6553737959554542
2022-06-11,41,Oregon,18.0,0.42131172597136346
2022-06-18,41,Oregon,12.0,0.280874483980909
2022-06-25,41,Oregon,8.0,0.18724965598727264
2022-07-02,41,Oregon,3.0,0.07021862099522724
2022-07-09,41,Oregon,0.0,0.0
2022-07-16,41,Oregon,7.0,0.16384344898886355
2022-07-23,41,Oregon,1.0,0.02340620699840908
2022-07-30,41,Oregon,1.0,0.02340620699840908
2022-08-06,41,Oregon,1.0,0.02340620699840908
2022-08-13,41,Oregon,2.0,0.04681241399681816
2022-08-20,41,Oregon,0.0,0.0
2022-08-27,41,Oregon,0.0,0.0
2022-09-03,41,Oregon,0.0,0.0
2022-09-10,41,Oregon,1.0,0.02340620699840908
2022-09-17,41,Oregon,0.0,0.0
2022-09-24,41,Oregon,2.0,0.04681241399681816
2022-10-01,41,Oregon,1.0,0.02340620699840908
2023-10-07,41,Oregon,6.0,0.1404372419904545
2023-10-14,41,Oregon,6.0,0.1404372419904545
2023-10-21,41,Oregon,8.0,0.18724965598727264
2023-10-28,41,Oregon,14.0,0.3276868979777271
2023-11-04,41,Oregon,6.0,0.1404372419904545
2023-11-11,41,Oregon,11.0,0.25746827698249986
2023-11-18,41,Oregon,17.0,0.39790551897295434
2023-11-25,41,Oregon,11.0,0.25746827698249986
2023-12-02,41,Oregon,17.0,0.39790551897295434
2023-12-09,41,Oregon,43.0,1.0064669009315905
2023-12-16,41,Oregon,45.0,1.0532793149284085
2023-12-23,41,Oregon,103.0,2.410839320836135
2023-12-30,41,Oregon,147.0,3.4407124287661346
2024-01-06,41,Oregon,142.0,3.3236813937740894
2024-01-13,41,Oregon,115.0,2.691713804817044
2024-01-20,41,Oregon,85.0,1.9895275948647717
2024-01-27,41,Oregon,98.0,2.29380828584409
2024-02-03,41,Oregon,84.0,1.9661213878663628
2024-02-10,41,Oregon,87.0,2.03634000886159
2024-02-17,41,Oregon,65.0,1.5214034548965902
2024-02-24,41,Oregon,89.0,2.083152422858408
2024-03-02,41,Oregon,76.0,1.77887173187909
2024-03-09,41,Oregon,79.0,1.8490903528743172
2024-03-16,41,Oregon,68.0,1.5916220758918174
2024-03-23,41,Oregon,97.0,2.270402078845681
2024-03-30,41,Oregon,64.0,1.4979972478981811
2024-04-06,41,Oregon,51.0,1.193716556918863
2024-04-13,41,Oregon,33.0,0.7724048309474997
2024-04-20,41,Oregon,32.0,0.7489986239490906
2024-04-27,41,Oregon,30.0,0.7021862099522724
2024-05-04,41,Oregon,17.0,0.39790551897295434
2024-05-11,41,Oregon,18.0,0.42131172597136346
2024-05-18,41,Oregon,21.0,0.4915303469665907
2024-05-25,41,Oregon,14.0,0.3276868979777271
2024-06-01,41,Oregon,17.0,0.39790551897295434
2024-06-08,41,Oregon,16.0,0.3744993119745453
2024-06-15,41,Oregon,6.0,0.1404372419904545
2024-06-22,41,Oregon,14.0,0.3276868979777271
2024-06-29,41,Oregon,2.0,0.04681241399681816
2024-07-06,41,Oregon,5.0,0.1170310349920454
2024-07-13,41,Oregon,5.0,0.1170310349920454
2024-07-20,41,Oregon,3.0,0.07021862099522724
2024-07-27,41,Oregon,1.0,0.02340620699840908
2024-08-03,41,Oregon,0.0,0.0
2024-08-10,41,Oregon,2.0,0.04681241399681816
2024-08-17,41,Oregon,0.0,0.0
2024-08-24,41,Oregon,2.0,0.04681241399681816
2024-08-31,41,Oregon,2.0,0.04681241399681816
2024-09-07,41,Oregon,4.0,0.09362482799363632
2024-09-14,41,Oregon,3.0,0.07021862099522724
2024-09-21,41,Oregon,2.0,0.04681241399681816
2024-09-28,41,Oregon,1.0,0.02340620699840908
2023-10-07,72,Puerto Rico,109.0,3.4027462347364197
2023-10-14,72,Puerto Rico,103.0,3.215439102549094
2023-10-21,72,Puerto Rico,111.0,3.4651819454655284
2023-10-28,72,Puerto Rico,164.0,5.119728279786907
2023-11-04,72,Puerto Rico,144.0,4.495371172495821
2023-11-11,72,Puerto Rico,148.0,4.620242593954038
2023-11-18,72,Puerto Rico,110.0,3.4339640901009743
2023-11-25,72,Puerto Rico,117.0,3.6524890776528545
2023-12-02,72,Puerto Rico,89.0,2.7783891274453336
2023-12-09,72,Puerto Rico,48.0,1.498457057498607
2023-12-16,72,Puerto Rico,57.0,1.7794177557795956
2023-12-23,72,Puerto Rico,59.0,1.8418534665087043
2023-12-30,72,Puerto Rico,63.0,1.9667248879669215
2024-01-06,72,Puerto Rico,51.0,1.5921106235922697
2024-01-13,72,Puerto Rico,61.0,1.904289177237813
2024-01-20,72,Puerto Rico,50.0,1.5608927682277156
2024-01-27,72,Puerto Rico,51.0,1.5921106235922697
2024-02-03,72,Puerto Rico,34.0,1.0614070823948465
2024-02-10,72,Puerto Rico,68.0,2.122814164789693
2024-02-17,72,Puerto Rico,52.0,1.623328478956824
2024-02-24,72,Puerto Rico,52.0,1.623328478956824
2024-03-02,72,Puerto Rico,43.0,1.3423677806758354
2024-03-09,72,Puerto Rico,52.0,1.623328478956824
2024-03-16,72,Puerto Rico,63.0,1.9667248879669215
2024-03-23,72,Puerto Rico,50.0,1.5608927682277156
2024-03-30,72,Puerto Rico,47.0,1.4672392021340526
2024-04-06,72,Puerto Rico,39.0,1.217496359217618
2024-04-13,72,Puerto Rico,43.0,1.3423677806758354
2024-04-20,72,Puerto Rico,36.0,1.1238427931239552
2024-04-27,72,Puerto Rico,44.0,1.3735856360403897
2024-05-04,72,Puerto Rico,32.0,0.9989713716657379
2024-05-11,72,Puerto Rico,28.0,0.8740999502075207
2024-05-18,72,Puerto Rico,17.0,0.5307035411974232
2024-05-25,72,Puerto Rico,4.0,0.12487142145821724
2024-06-01,72,Puerto Rico,10.0,0.3121785536455431
2024-06-08,72,Puerto Rico,9.0,0.2809606982809888
2024-06-15,72,Puerto Rico,6.0,0.18730713218732586
2024-06-22,72,Puerto Rico,10.0,0.3121785536455431
2024-06-29,72,Puerto Rico,7.0,0.21852498755188018
2024-07-06,72,Puerto Rico,7.0,0.21852498755188018
2024-07-13,72,Puerto Rico,6.0,0.18730713218732586
2024-07-20,72,Puerto Rico,9.0,0.2809606982809888
2024-07-27,72,Puerto Rico,3.0,0.09365356609366293
2024-08-03,72,Puerto Rico,6.0,0.18730713218732586
2024-08-10,72,Puerto Rico,5.0,0.15608927682277154
2024-08-17,72,Puerto Rico,3.0,0.09365356609366293
2024-08-24,72,Puerto Rico,3.0,0.09365356609366293
2024-08-31,72,Puerto Rico,2.0,0.06243571072910862
2024-09-07,72,Puerto Rico,1.0,0.03121785536455431
2024-09-14,72,Puerto Rico,0.0,0.0
2024-09-21,72,Puerto Rico,6.0,0.18730713218732586
2024-09-28,72,Puerto Rico,3.0,0.09365356609366293
2024-10-05,72,Puerto Rico,3.0,0.09365356609366293
2024-10-12,72,Puerto Rico,9.0,0.2809606982809888
2024-10-19,72,Puerto Rico,6.0,0.18730713218732586
2024-10-26,72,Puerto Rico,14.0,0.43704997510376037
2024-11-02,72,Puerto Rico,15.0,0.46826783046831466
2024-11-09,72,Puerto Rico,137.0,4.276846184943941
2024-11-16,72,Puerto Rico,228.0,7.117671023118382
2024-11-23,72,Puerto Rico,160.0,4.994856858328689
2024-11-30,72,Puerto Rico,368.0,11.488170774155986
2024-12-07,72,Puerto Rico,457.0,14.26655990160132
2024-12-14,72,Puerto Rico,470.0,14.672392021340526
2024-12-21,72,Puerto Rico,553.0,17.263474016598533
2024-12-28,72,Puerto Rico,707.0,22.071023742739897
2025-01-04,72,Puerto Rico,1010.0,31.530033918199855
2025-01-11,72,Puerto Rico,1249.0,38.991101350328336
2025-01-18,72,Puerto Rico,643.0,20.073080999408422
2025-01-25,72,Puerto Rico,505.0,15.765016959099928
2025-02-01,72,Puerto Rico,348.0,10.8638136668649
2025-02-08,72,Puerto Rico,251.0,7.835681696503132
2025-02-15,72,Puerto Rico,355.0,11.08233865441678
2025-02-22,72,Puerto Rico,240.0,7.492285287493035
2025-03-01,72,Puerto Rico,315.0,9.833624439834608
2025-03-08,72,Puerto Rico,283.0,8.834653068168869
2025-03-15,72,Puerto Rico,346.0,10.801377956135791
2025-03-22,72,Puerto Rico,243.0,7.585938853586698
2025-03-29,72,Puerto Rico,212.0,6.618185337285514
2025-04-05,72,Puerto Rico,194.0,6.056263940723536
2025-04-12,72,Puerto Rico,274.0,8.553692369887882
2025-04-19,72,Puerto Rico,187.0,5.837738953171656
2025-04-26,72,Puerto Rico,187.0,5.837738953171656
2025-05-03,72,Puerto Rico,138.0,4.308064040308495
2025-05-10,72,Puerto Rico,210.0,6.5557496265564055
2025-05-17,72,Puerto Rico,202.0,6.306006783639971
2025-05-24,72,Puerto Rico,174.0,5.43190683343245
2025-05-31,72,Puerto Rico,255.0,7.960553117961349
2025-06-07,72,Puerto Rico,185.0,5.775303242442547
2025-06-14,72,Puerto Rico,190.0,5.931392519265319
2025-06-21,72,Puerto Rico,209.0,6.5245317711918505
2025-06-28,72,Puerto Rico,114.0,3.558835511559191
2025-07-05,72,Puerto Rico,126.0,3.933449775933843
2025-07-12,72,Puerto Rico,104.0,3.246656957913648
2025-07-19,72,Puerto Rico,99.0,3.0905676810908767
2025-07-26,72,Puerto Rico,110.0,3.4339640901009743
2025-08-02,72,Puerto Rico,101.0,3.1530033918199853
2025-08-09,72,Puerto Rico,99.0,3.0905676810908767
2025-08-16,72,Puerto Rico,44.0,1.3735856360403897
2025-08-23,72,Puerto Rico,86.0,2.684735561351671
2025-08-30,72,Puerto Rico,83.0,2.591081995258008
2025-09-06,72,Puerto Rico,139.0,4.339281895673049
2025-09-13,72,Puerto Rico,122.0,3.808578354475626
2025-09-20,72,Puerto Rico,77.0,2.403774863070682
2025-09-27,72,Puerto Rico,52.0,1.623328478956824
2023-10-07,44,Rhode Island,1.0,0.08990315632001208
2023-10-14,44,Rhode Island,1.0,0.08990315632001208
2023-10-21,44,Rhode Island,0.0,0.0
2023-10-28,44,Rhode Island,1.0,0.08990315632001208
2023-11-04,44,Rhode Island,0.0,0.0
2023-11-11,44,Rhode Island,2.0,0.17980631264002417
2023-11-18,44,Rhode Island,0.0,0.0
2023-11-25,44,Rhode Island,3.0,0.2697094689600362
2023-12-02,44,Rhode Island,6.0,0.5394189379200724
2023-12-09,44,Rhode Island,6.0,0.5394189379200724
2023-12-16,44,Rhode Island,24.0,2.15767575168029
2023-12-23,44,Rhode Island,16.0,1.4384505011201933
2023-12-30,44,Rhode Island,46.0,4.135545190720555
2024-01-06,44,Rhode Island,48.0,4.31535150336058
2024-01-13,44,Rhode Island,34.0,3.056707314880411
2024-01-20,44,Rhode Island,34.0,3.056707314880411
2024-01-27,44,Rhode Island,24.0,2.15767575168029
2024-02-03,44,Rhode Island,17.0,1.5283536574402055
2024-02-10,44,Rhode Island,21.0,1.8879662827202537
2024-02-17,44,Rhode Island,29.0,2.6071915332803504
2024-02-24,44,Rhode Island,34.0,3.056707314880411
2024-03-02,44,Rhode Island,27.0,2.427385220640326
2024-03-09,44,Rhode Island,23.0,2.0677725953602777
2024-03-16,44,Rhode Island,21.0,1.8879662827202537
2024-03-23,44,Rhode Island,13.0,1.168741032160157
2024-03-30,44,Rhode Island,14.0,1.2586441884801691
2024-04-06,44,Rhode Island,16.0,1.4384505011201933
2024-04-13,44,Rhode Island,14.0,1.2586441884801691
2024-04-20,44,Rhode Island,11.0,0.9889347195201329
2024-04-27,44,Rhode Island,7.0,0.6293220942400846
2024-05-04,44,Rhode Island,3.0,0.2697094689600362
2024-05-11,44,Rhode Island,4.0,0.35961262528004834
2024-05-18,44,Rhode Island,1.0,0.08990315632001208
2024-05-25,44,Rhode Island,1.0,0.08990315632001208
2024-06-01,44,Rhode Island,1.0,0.08990315632001208
2024-06-08,44,Rhode Island,0.0,0.0
2024-06-15,44,Rhode Island,0.0,0.0
2024-06-22,44,Rhode Island,0.0,0.0
2024-06-29,44,Rhode Island,0.0,0.0
2024-07-06,44,Rhode Island,1.0,0.08990315632001208
2024-07-13,44,Rhode Island,0.0,0.0
2024-07-20,44,Rhode Island,0.0,0.0
2024-07-27,44,Rhode Island,0.0,0.0
2024-08-03,44,Rhode Island,0.0,0.0
2024-08-10,44,Rhode Island,0.0,0.0
2024-08-17,44,Rhode Island,0.0,0.0
2024-08-24,44,Rhode Island,0.0,0.0
2024-08-31,44,Rhode Island,0.0,0.0
2024-09-07,44,Rhode Island,0.0,0.0
2024-09-14,44,Rhode Island,0.0,0.0
2024-09-21,44,Rhode Island,0.0,0.0
2024-09-28,44,Rhode Island,0.0,0.0
2023-10-07,,,19.0,
2023-10-14,,,23.0,
2023-10-21,,,33.0,
2023-10-28,,,28.0,
2023-11-04,,,43.0,
2023-11-11,,,71.0,
2023-11-18,,,129.0,
2023-11-25,,,182.0,
2023-12-02,,,203.0,
2023-12-09,,,245.0,
2023-12-16,,,358.0,
2023-12-23,,,473.0,
2023-12-30,,,734.0,
2024-01-06,,,688.0,
2024-01-13,,,567.0,
2024-01-20,,,386.0,
2024-01-27,,,497.0,
2024-02-03,,,411.0,
2024-02-10,,,376.0,
2024-02-17,,,279.0,
2024-02-24,,,254.0,
2024-03-02,,,230.0,
2024-03-09,,,195.0,
2024-03-16,,,227.0,
2024-03-23,,,213.0,
2024-03-30,,,183.0,
2024-04-06,,,124.0,
2024-04-13,,,103.0,
2024-04-20,,,76.0,
2024-04-27,,,57.0,
2024-05-04,,,40.0,
2024-05-11,,,18.0,
2024-05-18,,,9.0,
2024-05-25,,,18.0,
2024-06-01,,,12.0,
2024-06-08,,,9.0,
2024-06-15,,,9.0,
2024-06-22,,,9.0,
2024-06-29,,,3.0,
2024-07-06,,,5.0,
2024-07-13,,,3.0,
2024-07-20,,,6.0,
2024-07-27,,,8.0,
2024-08-03,,,8.0,
2024-08-10,,,7.0,
2024-08-17,,,2.0,
2024-08-24,,,1.0,
2024-08-31,,,4.0,
2024-09-07,,,2.0,
2024-09-14,,,3.0,
2024-09-21,,,2.0,
2024-09-28,,,5.0,
2021-10-09,,,96.0,
2021-10-16,,,38.0,
2021-10-23,,,19.0,
2021-10-30,,,7.0,
2021-11-06,,,24.0,
2021-11-13,,,22.0,
2021-11-20,,,42.0,
2021-11-27,,,44.0,
2021-12-04,,,71.0,
2021-12-11,,,95.0,
2021-12-18,,,104.0,
2021-12-25,,,179.0,
2022-01-01,,,490.0,
2022-01-08,,,422.0,
2022-01-15,,,187.0,
2022-01-22,,,197.0,
2022-01-29,,,159.0,
2022-02-05,,,144.0,
2022-02-12,,,89.0,
2022-02-19,,,76.0,
2022-02-26,,,113.0,
2022-03-05,,,138.0,
2022-03-12,,,152.0,
2022-03-19,,,197.0,
2022-03-26,,,234.0,
2022-04-02,,,247.0,
2022-04-09,,,325.0,
2022-04-16,,,294.0,
2022-04-23,,,370.0,
2022-04-30,,,432.0,
2022-05-07,,,437.0,
2022-05-14,,,553.0,
2022-05-21,,,691.0,
2022-05-28,,,715.0,
2022-06-04,,,721.0,
2022-06-11,,,578.0,
2022-06-18,,,430.0,
2022-06-25,,,318.0,
2022-07-02,,,236.0,
2022-07-09,,,153.0,
2022-07-16,,,127.0,
2022-07-23,,,80.0,
2022-07-30,,,71.0,
2022-08-06,,,49.0,
2022-08-13,,,49.0,
2022-08-20,,,54.0,
2022-08-27,,,52.0,
2022-09-03,,,58.0,
2022-09-10,,,43.0,
2022-09-17,,,39.0,
2022-09-24,,,58.0,
2022-10-01,,,97.0,
2024-10-05,45,South Carolina,1.0,0.01825206873510061
2024-10-12,45,South Carolina,0.0,0.0
2024-10-19,45,South Carolina,8.0,0.14601654988080487
2024-10-26,45,South Carolina,8.0,0.14601654988080487
2024-11-02,45,South Carolina,11.0,0.2007727560861067
2024-11-09,45,South Carolina,21.0,0.38329344343711275
2024-11-16,45,South Carolina,13.0,0.2372768935563079
2024-11-23,45,South Carolina,13.0,0.2372768935563079
2024-11-30,45,South Carolina,18.0,0.32853723723181094
2024-12-07,45,South Carolina,40.0,0.7300827494040243
2024-12-14,45,South Carolina,80.0,1.4601654988080486
2024-12-21,45,South Carolina,160.0,2.920330997616097
2024-12-28,45,South Carolina,327.0,5.968426476377899
2025-01-04,45,South Carolina,520.0,9.491075742252317
2025-01-11,45,South Carolina,443.0,8.085666449649569
2025-01-18,45,South Carolina,642.0,11.71782812793459
2025-01-25,45,South Carolina,833.0,15.203973256338806
2025-02-01,45,South Carolina,1287.0,23.49041246207448
2025-02-08,45,South Carolina,1241.0,22.650817300259856
2025-02-15,45,South Carolina,690.0,12.59392742721942
2025-02-22,45,South Carolina,479.0,8.74274092411319
2025-03-01,45,South Carolina,446.0,8.140422655854872
2025-03-08,45,South Carolina,408.0,7.446844043921048
2025-03-15,45,South Carolina,269.0,4.9098064897420635
2025-03-22,45,South Carolina,188.0,3.4313889221989142
2025-03-29,45,South Carolina,137.0,2.5005334167087834
2025-04-05,45,South Carolina,80.0,1.4601654988080486
2025-04-12,45,South Carolina,43.0,0.7848389556093261
2025-04-19,45,South Carolina,34.0,0.6205703369934207
2025-04-26,45,South Carolina,33.0,0.60231826825832
2025-05-03,45,South Carolina,16.0,0.29203309976160974
2025-05-10,45,South Carolina,13.0,0.2372768935563079
2025-05-17,45,South Carolina,15.0,0.27378103102650914
2025-05-24,45,South Carolina,17.0,0.31028516849671034
2025-05-31,45,South Carolina,18.0,0.32853723723181094
2025-06-07,45,South Carolina,9.0,0.16426861861590547
2025-06-14,45,South Carolina,8.0,0.14601654988080487
2025-06-21,45,South Carolina,10.0,0.18252068735100607
2025-06-28,45,South Carolina,16.0,0.29203309976160974
2025-07-05,45,South Carolina,11.0,0.2007727560861067
2025-07-12,45,South Carolina,4.0,0.07300827494040243
2025-07-19,45,South Carolina,3.0,0.054756206205301826
2025-07-26,45,South Carolina,5.0,0.09126034367550304
2025-08-02,45,South Carolina,6.0,0.10951241241060365
2025-08-09,45,South Carolina,5.0,0.09126034367550304
2025-08-16,45,South Carolina,2.0,0.03650413747020122
2025-08-23,45,South Carolina,8.0,0.14601654988080487
2025-08-30,45,South Carolina,11.0,0.2007727560861067
2025-09-06,45,South Carolina,7.0,0.12776448114570427
2025-09-13,45,South Carolina,15.0,0.27378103102650914
2025-09-20,45,South Carolina,5.0,0.09126034367550304
2025-09-27,45,South Carolina,19.0,0.34678930596691154
2024-10-05,48,Texas,1.0,0.0031958243614559167
2024-10-12,48,Texas,79.0,0.2524701245550174
2024-10-19,48,Texas,46.0,0.14700792062697216
2024-10-26,48,Texas,63.0,0.20133693477172274
2024-11-02,48,Texas,103.0,0.3291699092299594
2024-11-09,48,Texas,185.0,0.5912275068693446
2024-11-16,48,Texas,227.0,0.725452130050493
2024-11-23,48,Texas,276.0,0.8820475237618329
2024-11-30,48,Texas,405.0,1.2943088663896463
2024-12-07,48,Texas,530.0,1.6937869115716357
2024-12-14,48,Texas,705.0,2.2530561748264213
2024-12-21,48,Texas,1181.0,3.7742685708794377
2024-12-28,48,Texas,2086.0,6.666489617997042
2025-01-04,48,Texas,2527.0,8.075848161399101
2025-01-11,48,Texas,2054.0,6.564223238430452
2025-01-18,48,Texas,2445.0,7.813790563759716
2025-01-25,48,Texas,3319.0,10.606941055672188
2025-02-01,48,Texas,4729.0,15.11305340532503
2025-02-08,48,Texas,4261.0,13.617407604163661
2025-02-15,48,Texas,2511.0,8.024714971615806
2025-02-22,48,Texas,1774.0,5.669392417222796
2025-03-01,48,Texas,1553.0,4.963115233341038
2025-03-08,48,Texas,1209.0,3.863751653000203
2025-03-15,48,Texas,909.0,2.9050043445634284
2025-03-22,48,Texas,611.0,1.952648684849565
2025-03-29,48,Texas,539.0,1.722549330824739
2025-04-05,48,Texas,371.0,1.1856508381001452
2025-04-12,48,Texas,284.0,0.9076141186534803
2025-04-19,48,Texas,271.0,0.8660684019545534
2025-04-26,48,Texas,230.0,0.7350396031348608
2025-05-03,48,Texas,193.0,0.6167941017609919
2025-05-10,48,Texas,176.0,0.5624650876162414
2025-05-17,48,Texas,203.0,0.648752345375551
2025-05-24,48,Texas,143.0,0.4570028836881961
2025-05-31,48,Texas,165.0,0.5273110196402262
2025-06-07,48,Texas,147.0,0.46978618113401976
2025-06-14,48,Texas,135.0,0.4314362887965487
2025-06-21,48,Texas,121.0,0.3866947477361659
2025-06-28,48,Texas,105.0,0.33556155795287124
2025-07-05,48,Texas,80.0,0.2556659489164733
2025-07-12,48,Texas,89.0,0.28442836816957656
2025-07-19,48,Texas,82.0,0.2620575976393852
2025-07-26,48,Texas,90.0,0.2876241925310325
2025-08-02,48,Texas,85.0,0.27164507072375293
2025-08-09,48,Texas,80.0,0.2556659489164733
2025-08-16,48,Texas,91.0,0.29082001689248843
2025-08-23,48,Texas,92.0,0.2940158412539443
2025-08-30,48,Texas,105.0,0.33556155795287124
2025-09-06,48,Texas,124.0,0.39628222082053366
2025-09-13,48,Texas,117.0,0.37391145029034223
2025-09-20,48,Texas,106.0,0.33875738231432717
2025-09-27,48,Texas,133.0,0.4250446400736369
2025-10-04,49,Utah,2.0,0.05708393021717867
2025-10-11,49,Utah,1.0,0.028541965108589334
2025-10-18,49,Utah,2.0,0.05708393021717867
2025-10-25,49,Utah,1.0,0.028541965108589334
2025-11-01,49,Utah,1.0,0.028541965108589334
2025-11-08,49,Utah,2.0,0.05708393021717867
2025-11-15,49,Utah,11.0,0.31396161619448265
2025-11-22,49,Utah,15.0,0.42812947662884
2025-11-29,49,Utah,32.0,0.9133428834748587
2025-12-06,49,Utah,47.0,1.3414723601036986
2025-12-13,49,Utah,64.0,1.8266857669497174
2025-12-20,49,Utah,130.0,3.710455464116613
2025-12-27,49,Utah,234.0,6.678819835409904
2026-01-03,49,Utah,262.0,7.477994858450406
2026-01-10,49,Utah,160.0,4.5667144173742935
2026-01-17,49,Utah,95.0,2.7114866853159865
2026-01-24,49,Utah,77.0,2.1977313133613787
2026-01-31,49,Utah,66.0,1.883769697166896
2026-02-07,49,Utah,91.0,2.5973188248816292
2026-02-14,49,Utah,74.0,2.1121054180356107
2026-02-21,49,Utah,65.0,1.8552277320583066
2026-02-28,49,Utah,43.0,1.2273044996693414
2026-03-07,49,Utah,19.0,0.5422973370631974
2026-03-14,49,Utah,19.0,0.5422973370631974
2026-03-21,49,Utah,49.0,1.3985562903208772
2026-03-28,49,Utah,8.0,0.22833572086871468
2026-04-04,49,Utah,3.0,0.085625895325768
2026-04-11,49,Utah,6.0,0.171251790651536
2026-04-18,49,Utah,5.0,0.14270982554294667
2020-08-08,53,Washington,0.0,0.0
2020-08-15,53,Washington,0.0,0.0
2020-08-22,53,Washington,0.0,0.0
2020-08-29,53,Washington,0.0,0.0
2020-09-05,53,Washington,0.0,0.0
2020-09-12,53,Washington,,
2020-09-19,53,Washington,,
2020-09-26,53,Washington,,
2022-10-08,02,Alaska,0.0,0.0
2022-10-15,02,Alaska,5.0,0.6755542584913793
2022-10-22,02,Alaska,1.0,0.13511085169827586
2022-10-29,02,Alaska,11.0,1.4862193686810343
2022-11-05,02,Alaska,15.0,2.0266627754741378
2022-11-12,02,Alaska,14.0,1.891551923775862
2022-11-19,02,Alaska,36.0,4.86399066113793
2022-11-26,02,Alaska,65.0,8.78220536038793
2022-12-03,02,Alaska,53.0,7.16087514000862
2022-12-10,02,Alaska,73.0,9.863092173974136
2022-12-17,02,Alaska,51.0,6.890653436612069
2022-12-24,02,Alaska,43.0,5.809766623025862
2022-12-31,02,Alaska,43.0,5.809766623025862
2023-01-07,02,Alaska,32.0,4.3235472543448275
2023-01-14,02,Alaska,7.0,0.945775961887931
2023-01-21,02,Alaska,7.0,0.945775961887931
2023-01-28,02,Alaska,5.0,0.6755542584913793
2023-02-04,02,Alaska,3.0,0.4053325550948276
2023-02-11,02,Alaska,1.0,0.13511085169827586
2023-02-18,02,Alaska,2.0,0.2702217033965517
2023-02-25,02,Alaska,5.0,0.6755542584913793
2023-03-04,02,Alaska,2.0,0.2702217033965517
2023-03-11,02,Alaska,4.0,0.5404434067931034
2023-03-18,02,Alaska,1.0,0.13511085169827586
2023-03-25,02,Alaska,3.0,0.4053325550948276
2023-04-01,02,Alaska,1.0,0.13511085169827586
2023-04-08,02,Alaska,2.0,0.2702217033965517
2023-04-15,02,Alaska,2.0,0.2702217033965517
2023-04-22,02,Alaska,1.0,0.13511085169827586
2023-04-29,02,Alaska,0.0,0.0
2023-05-06,02,Alaska,5.0,0.6755542584913793
2023-05-13,02,Alaska,1.0,0.13511085169827586
2023-05-20,02,Alaska,0.0,0.0
2023-05-27,02,Alaska,0.0,0.0
2023-06-03,02,Alaska,3.0,0.4053325550948276
2023-06-10,02,Alaska,2.0,0.2702217033965517
2023-06-17,02,Alaska,6.0,0.8106651101896551
2023-06-24,02,Alaska,0.0,0.0
2023-07-01,02,Alaska,4.0,0.5404434067931034
2023-07-08,02,Alaska,2.0,0.2702217033965517
2023-07-15,02,Alaska,2.0,0.2702217033965517
2023-07-22,02,Alaska,1.0,0.13511085169827586
2023-07-29,02,Alaska,0.0,0.0
2023-08-05,02,Alaska,2.0,0.2702217033965517
2023-08-12,02,Alaska,1.0,0.13511085169827586
2023-08-19,02,Alaska,2.0,0.2702217033965517
2023-08-26,02,Alaska,0.0,0.0
2023-09-02,02,Alaska,2.0,0.2702217033965517
2023-09-09,02,Alaska,2.0,0.2702217033965517
2023-09-16,02,Alaska,5.0,0.6755542584913793
2023-09-23,02,Alaska,6.0,0.8106651101896551
2023-09-30,02,Alaska,7.0,0.945775961887931
2025-10-04,06,California,92.0,0.23331740603895948
2025-10-11,06,California,96.0,0.24346164108413165
2025-10-18,06,California,102.0,0.25867799365188987
2025-10-25,06,California,102.0,0.25867799365188987
2025-11-01,06,California,139.0,0.35251216781973227
2025-11-08,06,California,151.0,0.3829448729552487
2025-11-15,06,California,149.0,0.37787275543266263
2025-11-22,06,California,148.0,0.3753366966713696
2025-11-29,06,California,217.0,0.5503247512005892
2025-12-06,06,California,262.0,0.664447395458776
2025-12-13,06,California,426.0,1.0803610323108341
2025-12-20,06,California,719.0,1.8234262493696942
2025-12-27,06,California,1247.0,3.1624652753324183
2026-01-03,06,California,1563.0,3.963859843901018
2026-01-10,06,California,1494.0,3.788871789371799
2026-01-17,06,California,1396.0,3.540338030765081
2026-01-24,06,California,1624.0,4.118559428339894
2026-01-31,06,California,1648.0,4.1794248386109265
2026-02-07,06,California,2074.0,5.25978587092176
2026-02-14,06,California,2150.0,5.452526336780031
2026-02-21,06,California,1566.0,3.9714680201848975
2026-02-28,06,California,1314.0,3.332381212339052
2026-03-07,06,California,974.0,2.470121233499419
2026-03-14,06,California,671.0,1.7016954288276285
2026-03-21,06,California,698.0,1.7701690153825405
2026-03-28,06,California,424.0,1.075288914788248
2026-04-04,06,California,306.0,0.7760339809556697
2026-04-11,06,California,253.0,0.6416228666071386
2026-04-18,06,California,175.0,0.44381028322628163
2024-10-05,09,Connecticut,4.0,0.10884149386038738
2024-10-12,09,Connecticut,0.0,0.0
2024-10-19,09,Connecticut,5.0,0.13605186732548422
2024-10-26,09,Connecticut,6.0,0.16326224079058108
2024-11-02,09,Connecticut,10.0,0.27210373465096843
2024-11-09,09,Connecticut,4.0,0.10884149386038738
2024-11-16,09,Connecticut,5.0,0.13605186732548422
2024-11-23,09,Connecticut,4.0,0.10884149386038738
2024-11-30,09,Connecticut,11.0,0.2993141081160653
2024-12-07,09,Connecticut,13.0,0.353734855046259
2024-12-14,09,Connecticut,24.0,0.6530489631623243
2024-12-21,09,Connecticut,45.0,1.224466805929358
2024-12-28,09,Connecticut,148.0,4.027135272834333
2025-01-04,09,Connecticut,306.0,8.326374280319635
2025-01-11,09,Connecticut,258.0,7.020276353994986
2025-01-18,09,Connecticut,251.0,6.829803739739308
2025-01-25,09,Connecticut,385.0,10.475993784062286
2025-02-01,09,Connecticut,493.0,13.414714118292745
2025-02-08,09,Connecticut,538.0,14.639180924222103
2025-02-15,09,Connecticut,499.0,13.577976359083326
2025-02-22,09,Connecticut,372.0,10.122258929016027
2025-03-01,09,Connecticut,278.0,7.564483823296923
2025-03-08,09,Connecticut,187.0,5.08833983797311
2025-03-15,09,Connecticut,153.0,4.163187140159818
2025-03-22,09,Connecticut,118.0,3.210824068881428
2025-03-29,09,Connecticut,77.0,2.095198756812457
2025-04-05,09,Connecticut,53.0,1.4421497936501328
2025-04-12,09,Connecticut,40.0,1.0884149386038737
2025-04-19,09,Connecticut,34.0,0.9251526978132928
2025-04-26,09,Connecticut,53.0,1.4421497936501328
2025-05-03,09,Connecticut,25.0,0.6802593366274211
2025-05-10,09,Connecticut,9.0,0.2448933611858716
2025-05-17,09,Connecticut,17.0,0.4625763489066464
2025-05-24,09,Connecticut,14.0,0.3809452285113558
2025-05-31,09,Connecticut,16.0,0.43536597544154954
2025-06-07,09,Connecticut,8.0,0.21768298772077477
2025-06-14,09,Connecticut,4.0,0.10884149386038738
2025-06-21,09,Connecticut,4.0,0.10884149386038738
2025-06-28,09,Connecticut,1.0,0.027210373465096846
2025-07-05,09,Connecticut,2.0,0.05442074693019369
2025-07-12,09,Connecticut,5.0,0.13605186732548422
2025-07-19,09,Connecticut,4.0,0.10884149386038738
2025-07-26,09,Connecticut,4.0,0.10884149386038738
2025-08-02,09,Connecticut,5.0,0.13605186732548422
2025-08-09,09,Connecticut,9.0,0.2448933611858716
2025-08-16,09,Connecticut,7.0,0.1904726142556779
2025-08-23,09,Connecticut,4.0,0.10884149386038738
2025-08-30,09,Connecticut,6.0,0.16326224079058108
2025-09-06,09,Connecticut,6.0,0.16326224079058108
2025-09-13,09,Connecticut,10.0,0.27210373465096843
2025-09-20,09,Connecticut,8.0,0.21768298772077477
2025-09-27,09,Connecticut,7.0,0.1904726142556779
2023-10-07,11,District of Columbia,2.0,0.2847988608045568
2023-10-14,11,District of Columbia,2.0,0.2847988608045568
2023-10-21,11,District of Columbia,3.0,0.42719829120683517
2023-10-28,11,District of Columbia,1.0,0.1423994304022784
2023-11-04,11,District of Columbia,0.0,0.0
2023-11-11,11,District of Columbia,0.0,0.0
2023-11-18,11,District of Columbia,5.0,0.7119971520113919
2023-11-25,11,District of Columbia,8.0,1.1391954432182272
2023-12-02,11,District of Columbia,11.0,1.5663937344250622
2023-12-09,11,District of Columbia,13.0,1.851192595229619
2023-12-16,11,District of Columbia,20.0,2.8479886080455676
2023-12-23,11,District of Columbia,45.0,6.407974368102527
2023-12-30,11,District of Columbia,57.0,8.116767532929869
2024-01-06,11,District of Columbia,55.0,7.831968672125312
2024-01-13,11,District of Columbia,37.0,5.268778924884301
2024-01-20,11,District of Columbia,26.0,3.702385190459238
2024-01-27,11,District of Columbia,21.0,2.990388038447846
2024-02-03,11,District of Columbia,20.0,2.8479886080455676
2024-02-10,11,District of Columbia,14.0,1.9935920256318975
2024-02-17,11,District of Columbia,19.0,2.705589177643289
2024-02-24,11,District of Columbia,18.0,2.5631897472410112
2024-03-02,11,District of Columbia,15.0,2.135991456034176
2024-03-09,11,District of Columbia,36.0,5.1263794944820225
2024-03-16,11,District of Columbia,14.0,1.9935920256318975
2024-03-23,11,District of Columbia,20.0,2.8479886080455676
2024-03-30,11,District of Columbia,18.0,2.5631897472410112
2024-04-06,11,District of Columbia,23.0,3.275186899252403
2024-04-13,11,District of Columbia,17.0,2.420790316838733
2024-04-20,11,District of Columbia,14.0,1.9935920256318975
2024-04-27,11,District of Columbia,8.0,1.1391954432182272
2024-05-04,11,District of Columbia,5.0,0.7119971520113919
2024-05-11,11,District of Columbia,4.0,0.5695977216091136
2024-05-18,11,District of Columbia,2.0,0.2847988608045568
2024-05-25,11,District of Columbia,2.0,0.2847988608045568
2024-06-01,11,District of Columbia,0.0,0.0
2024-06-08,11,District of Columbia,0.0,0.0
2024-06-15,11,District of Columbia,0.0,0.0
2024-06-22,11,District of Columbia,0.0,0.0
2024-06-29,11,District of Columbia,2.0,0.2847988608045568
2024-07-06,11,District of Columbia,0.0,0.0
2024-07-13,11,District of Columbia,1.0,0.1423994304022784
2024-07-20,11,District of Columbia,2.0,0.2847988608045568
2024-07-27,11,District of Columbia,1.0,0.1423994304022784
2024-08-03,11,District of Columbia,1.0,0.1423994304022784
2024-08-10,11,District of Columbia,1.0,0.1423994304022784
2024-08-17,11,District of Columbia,0.0,0.0
2024-08-24,11,District of Columbia,0.0,0.0
2024-08-31,11,District of Columbia,1.0,0.1423994304022784
2024-09-07,11,District of Columbia,0.0,0.0
2024-09-14,11,District of Columbia,1.0,0.1423994304022784
2024-09-21,11,District of Columbia,0.0,0.0
2024-09-28,11,District of Columbia,2.0,0.2847988608045568
2025-10-04,13,Georgia,27.0,0.24148371889935658
2025-10-11,13,Georgia,15.0,0.13415762161075365
2025-10-18,13,Georgia,25.0,0.22359603601792274
2025-10-25,13,Georgia,32.0,0.2862029261029411
2025-11-01,13,Georgia,31.0,0.2772590846622242
2025-11-08,13,Georgia,47.0,0.42036054771369474
2025-11-15,13,Georgia,62.0,0.5545181693244484
2025-11-22,13,Georgia,106.0,0.9480471927159925
2025-11-29,13,Georgia,166.0,1.484677679159007
2025-12-06,13,Georgia,182.0,1.6277791422104775
2025-12-13,13,Georgia,330.0,2.95146767543658
2025-12-20,13,Georgia,674.0,6.028149131043197
2025-12-27,13,Georgia,1399.0,12.512434175562957
2026-01-03,13,Georgia,1316.0,11.770095335983454
2026-01-10,13,Georgia,705.0,6.305408215705421
2026-01-17,13,Georgia,349.0,3.1214006628102013
2026-01-24,13,Georgia,341.0,3.049849931284466
2026-01-31,13,Georgia,338.0,3.0230184069623154
2026-02-07,13,Georgia,363.0,3.2466144429802384
2026-02-14,13,Georgia,440.0,3.93529023391544
2026-02-21,13,Georgia,374.0,3.3449966988281243
2026-02-28,13,Georgia,245.0,2.191241152975643
2026-03-07,13,Georgia,225.0,2.0123643241613047
2026-03-14,13,Georgia,150.0,1.3415762161075364
2026-03-21,13,Georgia,99.0,0.8854403026309741
2026-03-28,13,Georgia,55.0,0.49191127923943
2026-04-04,13,Georgia,73.0,0.6529004251723344
2026-04-11,13,Georgia,42.0,0.3756413405101102
2026-04-18,13,Georgia,35.0,0.3130344504250918
2020-08-08,15,Hawaii,,
2020-08-15,15,Hawaii,,
2020-08-22,15,Hawaii,,
2020-08-29,15,Hawaii,,
2020-09-05,15,Hawaii,,
2020-09-12,15,Hawaii,,
2020-09-19,15,Hawaii,,
2020-09-26,15,Hawaii,,
2024-10-05,19,Iowa,1.0,0.03085002936922796
2024-10-12,19,Iowa,0.0,0.0
2024-10-19,19,Iowa,1.0,0.03085002936922796
2024-10-26,19,Iowa,4.0,0.12340011747691183
2024-11-02,19,Iowa,5.0,0.1542501468461398
2024-11-09,19,Iowa,4.0,0.12340011747691183
2024-11-16,19,Iowa,5.0,0.1542501468461398
2024-11-23,19,Iowa,5.0,0.1542501468461398
2024-11-30,19,Iowa,4.0,0.12340011747691183
2024-12-07,19,Iowa,13.0,0.4010503817999635
2024-12-14,19,Iowa,23.0,0.709550675492243
2024-12-21,19,Iowa,42.0,1.2957012335075744
2024-12-28,19,Iowa,118.0,3.6403034655688993
2025-01-04,19,Iowa,190.0,5.861505580153312
2025-01-11,19,Iowa,266.0,8.206107812214638
2025-01-18,19,Iowa,246.0,7.589107224830078
2025-01-25,19,Iowa,304.0,9.3784089282453
2025-02-01,19,Iowa,457.0,14.098463421737177
2025-02-08,19,Iowa,607.0,18.725967827121373
2025-02-15,19,Iowa,516.0,15.918615154521627
2025-02-22,19,Iowa,404.0,12.463411865168096
2025-03-01,19,Iowa,355.0,10.951760426075925
2025-03-08,19,Iowa,271.0,8.360357959060776
2025-03-15,19,Iowa,187.0,5.768955492045628
2025-03-22,19,Iowa,99.0,3.054152907553568
2025-03-29,19,Iowa,55.0,1.6967516153075377
2025-04-05,19,Iowa,43.0,1.3265512628768024
2025-04-12,19,Iowa,24.0,0.740400704861471
2025-04-19,19,Iowa,11.0,0.33935032306150753
2025-04-26,19,Iowa,14.0,0.4319004111691914
2025-05-03,19,Iowa,4.0,0.12340011747691183
2025-05-10,19,Iowa,4.0,0.12340011747691183
2025-05-17,19,Iowa,1.0,0.03085002936922796
2025-05-24,19,Iowa,5.0,0.1542501468461398
2025-05-31,19,Iowa,4.0,0.12340011747691183
2025-06-07,19,Iowa,6.0,0.18510017621536776
2025-06-14,19,Iowa,1.0,0.03085002936922796
2025-06-21,19,Iowa,3.0,0.09255008810768388
2025-06-28,19,Iowa,2.0,0.06170005873845592
2025-07-05,19,Iowa,2.0,0.06170005873845592
2025-07-12,19,Iowa,0.0,0.0
2025-07-19,19,Iowa,3.0,0.09255008810768388
2025-07-26,19,Iowa,0.0,0.0
2025-08-02,19,Iowa,2.0,0.06170005873845592
2025-08-09,19,Iowa,1.0,0.03085002936922796
2025-08-16,19,Iowa,2.0,0.06170005873845592
2025-08-23,19,Iowa,3.0,0.09255008810768388
2025-08-30,19,Iowa,1.0,0.03085002936922796
2025-09-06,19,Iowa,2.0,0.06170005873845592
2025-09-13,19,Iowa,0.0,0.0
2025-09-20,19,Iowa,3.0,0.09255008810768388
2025-09-27,19,Iowa,6.0,0.18510017621536776
2023-10-07,20,Kansas,10.0,0.33663165024240843
2023-10-14,20,Kansas,3.0,0.10098949507272253
2023-10-21,20,Kansas,7.0,0.23564215516968592
2023-10-28,20,Kansas,5.0,0.16831582512120422
2023-11-04,20,Kansas,5.0,0.16831582512120422
2023-11-11,20,Kansas,10.0,0.33663165024240843
2023-11-18,20,Kansas,18.0,0.6059369704363352
2023-11-25,20,Kansas,26.0,0.8752422906302619
2023-12-02,20,Kansas,37.0,1.2455371058969114
2023-12-09,20,Kansas,37.0,1.2455371058969114
2023-12-16,20,Kansas,43.0,1.4475160960423563
2023-12-23,20,Kansas,92.0,3.097011182230158
2023-12-30,20,Kansas,93.0,3.1306743472543985
2024-01-06,20,Kansas,93.0,3.1306743472543985
2024-01-13,20,Kansas,101.0,3.399979667448325
2024-01-20,20,Kansas,66.0,2.2217688915998957
2024-01-27,20,Kansas,68.0,2.2890952216483775
2024-02-03,20,Kansas,113.0,3.8039376477392155
2024-02-10,20,Kansas,139.0,4.679179938369478
2024-02-17,20,Kansas,111.0,3.7366113176907336
2024-02-24,20,Kansas,82.0,2.7603795319877493
2024-03-02,20,Kansas,87.0,2.9286953571089533
2024-03-09,20,Kansas,84.0,2.827705862036231
2024-03-16,20,Kansas,95.0,3.1980006773028804
2024-03-23,20,Kansas,66.0,2.2217688915998957
2024-03-30,20,Kansas,66.0,2.2217688915998957
2024-04-06,20,Kansas,42.0,1.4138529310181156
2024-04-13,20,Kansas,27.0,0.9089054556545029
2024-04-20,20,Kansas,40.0,1.3465266009696337
2024-04-27,20,Kansas,27.0,0.9089054556545029
2024-05-04,20,Kansas,9.0,0.3029684852181676
2024-05-11,20,Kansas,5.0,0.16831582512120422
2024-05-18,20,Kansas,2.0,0.0673263300484817
2024-05-25,20,Kansas,5.0,0.16831582512120422
2024-06-01,20,Kansas,2.0,0.0673263300484817
2024-06-08,20,Kansas,5.0,0.16831582512120422
2024-06-15,20,Kansas,1.0,0.03366316502424085
2024-06-22,20,Kansas,1.0,0.03366316502424085
2024-06-29,20,Kansas,1.0,0.03366316502424085
2024-07-06,20,Kansas,0.0,0.0
2024-07-13,20,Kansas,4.0,0.1346526600969634
2024-07-20,20,Kansas,0.0,0.0
2024-07-27,20,Kansas,1.0,0.03366316502424085
2024-08-03,20,Kansas,1.0,0.03366316502424085
2024-08-10,20,Kansas,0.0,0.0
2024-08-17,20,Kansas,1.0,0.03366316502424085
2024-08-24,20,Kansas,0.0,0.0
2024-08-31,20,Kansas,0.0,0.0
2024-09-07,20,Kansas,2.0,0.0673263300484817
2024-09-14,20,Kansas,0.0,0.0
2024-09-21,20,Kansas,2.0,0.0673263300484817
2024-09-28,20,Kansas,1.0,0.03366316502424085
2020-10-03,28,Mississippi,,
2020-10-10,28,Mississippi,,
2020-10-17,28,Mississippi,0.0,0.0
2020-10-24,28,Mississippi,6.0,0.20387048108336775
2020-10-31,28,Mississippi,5.0,0.16989206756947312
2020-11-07,28,Mississippi,13.0,0.4417193756806301
2020-11-14,28,Mississippi,14.0,0.4756977891945247
2020-11-21,28,Mississippi,6.0,0.20387048108336775
2020-11-28,28,Mississippi,12.0,0.4077409621667355
2020-12-05,28,Mississippi,11.0,0.37376254865284086
2020-12-12,28,Mississippi,8.0,0.27182730811115696
2020-12-19,28,Mississippi,11.0,0.37376254865284086
2020-12-26,28,Mississippi,19.0,0.6455898567639978
2021-01-02,28,Mississippi,5.0,0.16989206756947312
2021-01-09,28,Mississippi,28.0,0.9513955783890494
2021-01-16,28,Mississippi,29.0,0.9853739919029441
2021-01-23,28,Mississippi,14.0,0.4756977891945247
2021-01-30,28,Mississippi,14.0,0.4756977891945247
2021-02-06,28,Mississippi,10.0,0.33978413513894623
2021-02-13,28,Mississippi,9.0,0.3058057216250516
2021-02-20,28,Mississippi,15.0,0.5096762027084193
2021-02-27,28,Mississippi,7.0,0.23784889459726236
2021-03-06,28,Mississippi,13.0,0.4417193756806301
2021-03-13,28,Mississippi,18.0,0.6116114432501032
2021-03-20,28,Mississippi,10.0,0.33978413513894623
2021-03-27,28,Mississippi,8.0,0.27182730811115696
2021-04-03,28,Mississippi,6.0,0.20387048108336775
2021-04-10,28,Mississippi,9.0,0.3058057216250516
2021-04-17,28,Mississippi,2.0,0.06795682702778924
2021-04-24,28,Mississippi,10.0,0.33978413513894623
2021-05-01,28,Mississippi,4.0,0.13591365405557848
2021-05-08,28,Mississippi,9.0,0.3058057216250516
2021-05-15,28,Mississippi,12.0,0.4077409621667355
2021-05-22,28,Mississippi,15.0,0.5096762027084193
2021-05-29,28,Mississippi,10.0,0.33978413513894623
2021-06-05,28,Mississippi,11.0,0.37376254865284086
2021-06-12,28,Mississippi,13.0,0.4417193756806301
2021-06-19,28,Mississippi,9.0,0.3058057216250516
2021-06-26,28,Mississippi,8.0,0.27182730811115696
2021-07-03,28,Mississippi,9.0,0.3058057216250516
2021-07-10,28,Mississippi,1.0,0.03397841351389462
2021-07-17,28,Mississippi,6.0,0.20387048108336775
2021-07-24,28,Mississippi,6.0,0.20387048108336775
2021-07-31,28,Mississippi,3.0,0.10193524054168387
2021-08-07,28,Mississippi,0.0,0.0
2021-08-14,28,Mississippi,3.0,0.10193524054168387
2021-08-21,28,Mississippi,5.0,0.16989206756947312
2021-08-28,28,Mississippi,15.0,0.5096762027084193
2021-09-04,28,Mississippi,18.0,0.6116114432501032
2021-09-11,28,Mississippi,6.0,0.20387048108336775
2021-09-18,28,Mississippi,1.0,0.03397841351389462
2021-09-25,28,Mississippi,5.0,0.16989206756947312
2021-10-02,28,Mississippi,0.0,0.0
2020-10-03,34,New Jersey,,
2020-10-10,34,New Jersey,,
2020-10-17,34,New Jersey,0.0,0.0
2020-10-24,34,New Jersey,4.0,0.04210149175058108
2020-10-31,34,New Jersey,8.0,0.08420298350116216
2020-11-07,34,New Jersey,4.0,0.04210149175058108
2020-11-14,34,New Jersey,1.0,0.01052537293764527
2020-11-21,34,New Jersey,13.0,0.1368298481893885
2020-11-28,34,New Jersey,4.0,0.04210149175058108
2020-12-05,34,New Jersey,14.0,0.14735522112703378
2020-12-12,34,New Jersey,10.0,0.10525372937645269
2020-12-19,34,New Jersey,14.0,0.14735522112703378
2020-12-26,34,New Jersey,9.0,0.09472835643880743
2021-01-02,34,New Jersey,10.0,0.10525372937645269
2021-01-09,34,New Jersey,11.0,0.11577910231409796
2021-01-16,34,New Jersey,6.0,0.06315223762587162
2021-01-23,34,New Jersey,9.0,0.09472835643880743
2021-01-30,34,New Jersey,9.0,0.09472835643880743
2021-02-06,34,New Jersey,11.0,0.11577910231409796
2021-02-13,34,New Jersey,7.0,0.07367761056351689
2021-02-20,34,New Jersey,9.0,0.09472835643880743
2021-02-27,34,New Jersey,12.0,0.12630447525174324
2021-03-06,34,New Jersey,5.0,0.052626864688226346
2021-03-13,34,New Jersey,10.0,0.10525372937645269
2021-03-20,34,New Jersey,11.0,0.11577910231409796
2021-03-27,34,New Jersey,7.0,0.07367761056351689
2021-04-03,34,New Jersey,7.0,0.07367761056351689
2021-04-10,34,New Jersey,9.0,0.09472835643880743
2021-04-17,34,New Jersey,10.0,0.10525372937645269
2021-04-24,34,New Jersey,10.0,0.10525372937645269
2021-05-01,34,New Jersey,5.0,0.052626864688226346
2021-05-08,34,New Jersey,8.0,0.08420298350116216
2021-05-15,34,New Jersey,15.0,0.15788059406467905
2021-05-22,34,New Jersey,6.0,0.06315223762587162
2021-05-29,34,New Jersey,4.0,0.04210149175058108
2021-06-05,34,New Jersey,2.0,0.02105074587529054
2021-06-12,34,New Jersey,6.0,0.06315223762587162
2021-06-19,34,New Jersey,5.0,0.052626864688226346
2021-06-26,34,New Jersey,5.0,0.052626864688226346
2021-07-03,34,New Jersey,2.0,0.02105074587529054
2021-07-10,34,New Jersey,4.0,0.04210149175058108
2021-07-17,34,New Jersey,2.0,0.02105074587529054
2021-07-24,34,New Jersey,4.0,0.04210149175058108
2021-07-31,34,New Jersey,4.0,0.04210149175058108
2021-08-07,34,New Jersey,1.0,0.01052537293764527
2021-08-14,34,New Jersey,3.0,0.03157611881293581
2021-08-21,34,New Jersey,2.0,0.02105074587529054
2021-08-28,34,New Jersey,6.0,0.06315223762587162
2021-09-04,34,New Jersey,3.0,0.03157611881293581
2021-09-11,34,New Jersey,3.0,0.03157611881293581
2021-09-18,34,New Jersey,3.0,0.03157611881293581
2021-09-25,34,New Jersey,7.0,0.07367761056351689
2021-10-02,34,New Jersey,7.0,0.07367761056351689
2025-10-04,32,Nevada,5.0,0.15302373367504554
2025-10-11,32,Nevada,3.0,0.09181424020502732
2025-10-18,32,Nevada,10.0,0.3060474673500911
2025-10-25,32,Nevada,10.0,0.3060474673500911
2025-11-01,32,Nevada,6.0,0.18362848041005464
2025-11-08,32,Nevada,13.0,0.3978617075551184
2025-11-15,32,Nevada,18.0,0.5508854412301639
2025-11-22,32,Nevada,12.0,0.3672569608201093
2025-11-29,32,Nevada,13.0,0.3978617075551184
2025-12-06,32,Nevada,32.0,0.9793518955202914
2025-12-13,32,Nevada,54.0,1.6526563236904916
2025-12-20,32,Nevada,128.0,3.917407582081166
2025-12-27,32,Nevada,273.0,8.355095858657487
2026-01-03,32,Nevada,251.0,7.681791430487285
2026-01-10,32,Nevada,199.0,6.090344600266812
2026-01-17,32,Nevada,129.0,3.9480123288161746
2026-01-24,32,Nevada,97.0,2.9686604332958835
2026-01-31,32,Nevada,115.0,3.519545874526047
2026-02-07,32,Nevada,104.0,3.1828936604409472
2026-02-14,32,Nevada,120.0,3.672569608201093
2026-02-21,32,Nevada,90.0,2.7544272061508197
2026-02-28,32,Nevada,68.0,2.081122777980619
2026-03-07,32,Nevada,60.0,1.8362848041005464
2026-03-14,32,Nevada,51.0,1.5608420834854644
2026-03-21,32,Nevada,48.0,1.4690278432804371
2026-03-28,32,Nevada,45.0,1.3772136030754099
2026-04-04,32,Nevada,34.0,1.0405613889903096
2026-04-11,32,Nevada,21.0,0.6426996814351912
2026-04-18,32,Nevada,19.0,0.581490187965173
2025-10-04,36,New York,22.0,0.11073501473379706
2025-10-11,36,New York,23.0,0.11576842449442419
2025-10-18,36,New York,30.0,0.15100229281881417
2025-10-25,36,New York,31.0,0.1560357025794413
2025-11-01,36,New York,59.0,0.29697117587700117
2025-11-08,36,New York,78.0,0.39260596132891684
2025-11-15,36,New York,186.0,0.9362142154766478
2025-11-22,36,New York,355.0,1.7868604650226343
2025-11-29,36,New York,700.0,3.523386832438997
2025-12-06,36,New York,1184.0,5.959557156582532
2025-12-13,36,New York,1933.0,9.729581067292258
2025-12-20,36,New York,3173.0,15.97100917046991
2025-12-27,36,New York,3866.0,19.459162134584517
2026-01-03,36,New York,3795.0,19.101790041579992
2026-01-10,36,New York,2379.0,11.974481820531963
2026-01-17,36,New York,1230.0,6.19109400557138
2026-01-24,36,New York,682.0,3.4327854567477085
2026-01-31,36,New York,403.0,2.028464133532737
2026-02-07,36,New York,293.0,1.4747890598637516
2026-02-14,36,New York,261.0,1.3137199475236832
2026-02-21,36,New York,322.0,1.6207579429219388
2026-02-28,36,New York,310.0,1.560357025794413
2026-03-07,36,New York,258.0,1.2986197182418018
2026-03-14,36,New York,268.0,1.3489538158480732
2026-03-21,36,New York,250.0,1.2583524401567847
2026-03-28,36,New York,155.0,0.7801785128972065
2026-04-04,36,New York,177.0,0.8909135276310035
2026-04-11,36,New York,136.0,0.6845437274452909
2026-04-18,36,New York,104.0,0.5234746151052224
2024-10-05,39,Ohio,0.0,0.0
2024-10-12,39,Ohio,1.0,0.00841516803744144
2024-10-19,39,Ohio,10.0,0.0841516803744144
2024-10-26,39,Ohio,229.0,1.9270734805740894
2024-11-02,39,Ohio,17.0,0.14305785663650447
2024-11-09,39,Ohio,24.0,0.20196403289859452
2024-11-16,39,Ohio,40.0,0.3366067214976576
2024-11-23,39,Ohio,40.0,0.3366067214976576
2024-11-30,39,Ohio,55.0,0.46283424205927914
2024-12-07,39,Ohio,93.0,0.7826106274820538
2024-12-14,39,Ohio,152.0,1.2791055416910988
2024-12-21,39,Ohio,308.0,2.591871755531963
2024-12-28,39,Ohio,725.0,6.100996827145043
2025-01-04,39,Ohio,1302.0,10.956548784748753
2025-01-11,39,Ohio,1044.0,8.785435431088862
2025-01-18,39,Ohio,1148.0,9.660612906982772
2025-01-25,39,Ohio,1735.0,14.600316544960897
2025-02-01,39,Ohio,2523.0,21.23146895846475
2025-02-08,39,Ohio,3269.0,27.509184314396062
2025-02-15,39,Ohio,3705.0,31.178197578720532
2025-02-22,39,Ohio,3266.0,27.48393881028374
2025-03-01,39,Ohio,2611.0,21.972003745759597
2025-03-08,39,Ohio,1905.0,16.03089511132594
2025-03-15,39,Ohio,1361.0,11.453043698957798
2025-03-22,39,Ohio,797.0,6.706888925840826
2025-03-29,39,Ohio,453.0,3.812071120960972
2025-04-05,39,Ohio,274.0,2.3057560422589543
2025-04-12,39,Ohio,169.0,1.4221633983276032
2025-04-19,39,Ohio,107.0,0.900422980006234
2025-04-26,39,Ohio,87.0,0.7321196192574052
2025-05-03,39,Ohio,47.0,0.39551289775974763
2025-05-10,39,Ohio,33.0,0.2777005452355675
2025-05-17,39,Ohio,25.0,0.21037920093603596
2025-05-24,39,Ohio,20.0,0.1683033607488288
2025-05-31,39,Ohio,19.0,0.15988819271138735
2025-06-07,39,Ohio,21.0,0.17671852878627023
2025-06-14,39,Ohio,15.0,0.1262275205616216
2025-06-21,39,Ohio,17.0,0.14305785663650447
2025-06-28,39,Ohio,14.0,0.11781235252418014
2025-07-05,39,Ohio,18.0,0.1514730246739459
2025-07-12,39,Ohio,11.0,0.09256684841185582
2025-07-19,39,Ohio,15.0,0.1262275205616216
2025-07-26,39,Ohio,19.0,0.15988819271138735
2025-08-02,39,Ohio,16.0,0.13464268859906303
2025-08-09,39,Ohio,3.0,0.025245504112324315
2025-08-16,39,Ohio,5.0,0.0420758401872072
2025-08-23,39,Ohio,10.0,0.0841516803744144
2025-08-30,39,Ohio,10.0,0.0841516803744144
2025-09-06,39,Ohio,6.0,0.05049100822464863
2025-09-13,39,Ohio,16.0,0.13464268859906303
2025-09-20,39,Ohio,14.0,0.11781235252418014
2025-09-27,39,Ohio,13.0,0.1093971844867387
2025-10-04,39,Ohio,17.0,0.14305785663650447
2025-10-11,39,Ohio,13.0,0.1093971844867387
2025-10-18,39,Ohio,13.0,0.1093971844867387
2025-10-25,39,Ohio,15.0,0.1262275205616216
2025-11-01,39,Ohio,22.0,0.18513369682371164
2025-11-08,39,Ohio,42.0,0.35343705757254046
2025-11-15,39,Ohio,48.0,0.40392806579718904
2025-11-22,39,Ohio,90.0,0.7573651233697295
2025-11-29,39,Ohio,125.0,1.05189600468018
2025-12-06,39,Ohio,176.0,1.4810695745896931
2025-12-13,39,Ohio,329.0,2.7685902843182335
2025-12-20,39,Ohio,745.0,6.269300187893872
2025-12-27,39,Ohio,1610.0,13.548420540280716
2026-01-03,39,Ohio,1958.0,16.476899017310338
2026-01-10,39,Ohio,1377.0,11.587686387556861
2026-01-17,39,Ohio,858.0,7.220214176124754
2026-01-24,39,Ohio,724.0,6.092581659107601
2026-01-31,39,Ohio,610.0,5.1332525028392775
2026-02-07,39,Ohio,514.0,4.325396371244899
2026-02-14,39,Ohio,528.0,4.44320872376908
2026-02-21,39,Ohio,663.0,5.579256408823674
2026-02-28,39,Ohio,522.0,4.392717715544431
2026-03-07,39,Ohio,459.0,3.8625621291856205
2026-03-14,39,Ohio,417.0,3.50912507161308
2026-03-21,39,Ohio,257.0,2.1626981856224496
2026-03-28,39,Ohio,60.0,0.5049100822464864
2026-04-04,39,Ohio,35.0,0.29453088131045035
2026-04-11,39,Ohio,42.0,0.35343705757254046
2026-04-18,39,Ohio,27.0,0.22720953701091884
2020-10-03,41,Oregon,,
2020-10-10,41,Oregon,,
2020-10-17,41,Oregon,0.0,0.0
2020-10-24,41,Oregon,0.0,0.0
2020-10-31,41,Oregon,0.0,0.0
2020-11-07,41,Oregon,1.0,0.02340620699840908
2020-11-14,41,Oregon,0.0,0.0
2020-11-21,41,Oregon,0.0,0.0
2020-11-28,41,Oregon,2.0,0.04681241399681816
2020-12-05,41,Oregon,0.0,0.0
2020-12-12,41,Oregon,0.0,0.0
2020-12-19,41,Oregon,0.0,0.0
2020-12-26,41,Oregon,0.0,0.0
2021-01-02,41,Oregon,2.0,0.04681241399681816
2021-01-09,41,Oregon,0.0,0.0
2021-01-16,41,Oregon,0.0,0.0
2021-01-23,41,Oregon,0.0,0.0
2021-01-30,41,Oregon,0.0,0.0
2021-02-06,41,Oregon,0.0,0.0
2021-02-13,41,Oregon,1.0,0.02340620699840908
2021-02-20,41,Oregon,0.0,0.0
2021-02-27,41,Oregon,1.0,0.02340620699840908
2021-03-06,41,Oregon,0.0,0.0
2021-03-13,41,Oregon,0.0,0.0
2021-03-20,41,Oregon,0.0,0.0
2021-03-27,41,Oregon,0.0,0.0
2021-04-03,41,Oregon,0.0,0.0
2021-04-10,41,Oregon,0.0,0.0
2021-04-17,41,Oregon,0.0,0.0
2021-04-24,41,Oregon,0.0,0.0
2021-05-01,41,Oregon,1.0,0.02340620699840908
2021-05-08,41,Oregon,0.0,0.0
2021-05-15,41,Oregon,0.0,0.0
2021-05-22,41,Oregon,0.0,0.0
2021-05-29,41,Oregon,1.0,0.02340620699840908
2021-06-05,41,Oregon,0.0,0.0
2021-06-12,41,Oregon,0.0,0.0
2021-06-19,41,Oregon,1.0,0.02340620699840908
2021-06-26,41,Oregon,0.0,0.0
2021-07-03,41,Oregon,1.0,0.02340620699840908
2021-07-10,41,Oregon,1.0,0.02340620699840908
2021-07-17,41,Oregon,0.0,0.0
2021-07-24,41,Oregon,0.0,0.0
2021-07-31,41,Oregon,0.0,0.0
2021-08-07,41,Oregon,0.0,0.0
2021-08-14,41,Oregon,0.0,0.0
2021-08-21,41,Oregon,5.0,0.1170310349920454
2021-08-28,41,Oregon,2.0,0.04681241399681816
2021-09-04,41,Oregon,0.0,0.0
2021-09-11,41,Oregon,2.0,0.04681241399681816
2021-09-18,41,Oregon,2.0,0.04681241399681816
2021-09-25,41,Oregon,0.0,0.0
2021-10-02,41,Oregon,2.0,0.04681241399681816
2024-10-05,,,11.0,
2024-10-12,,,17.0,
2024-10-19,,,12.0,
2024-10-26,,,15.0,
2024-11-02,,,23.0,
2024-11-09,,,53.0,
2024-11-16,,,79.0,
2024-11-23,,,131.0,
2024-11-30,,,202.0,
2024-12-07,,,293.0,
2024-12-14,,,567.0,
2024-12-21,,,1020.0,
2024-12-28,,,1467.0,
2025-01-04,,,1386.0,
2025-01-11,,,894.0,
2025-01-18,,,808.0,
2025-01-25,,,828.0,
2025-02-01,,,1294.0,
2025-02-08,,,1514.0,
2025-02-15,,,1366.0,
2025-02-22,,,1361.0,
2025-03-01,,,926.0,
2025-03-08,,,618.0,
2025-03-15,,,515.0,
2025-03-22,,,400.0,
2025-03-29,,,290.0,
2025-04-05,,,230.0,
2025-04-12,,,167.0,
2025-04-19,,,110.0,
2025-04-26,,,102.0,
2025-05-03,,,81.0,
2025-05-10,,,67.0,
2025-05-17,,,52.0,
2025-05-24,,,70.0,
2025-05-31,,,53.0,
2025-06-07,,,65.0,
2025-06-14,,,60.0,
2025-06-21,,,49.0,
2025-06-28,,,31.0,
2025-07-05,,,36.0,
2025-07-12,,,21.0,
2025-07-19,,,20.0,
2025-07-26,,,21.0,
2025-08-02,,,12.0,
2025-08-09,,,15.0,
2025-08-16,,,17.0,
2025-08-23,,,18.0,
2025-08-30,,,9.0,
2025-09-06,,,19.0,
2025-09-13,,,32.0,
2025-09-20,,,9.0,
2025-09-27,,,12.0,
2021-10-09,53,Washington,0.0,0.0
2021-10-16,53,Washington,0.0,0.0
2021-10-23,53,Washington,0.0,0.0
2021-10-30,53,Washington,3.0,0.0376970613884079
2021-11-06,53,Washington,0.0,0.0
2021-11-13,53,Washington,0.0,0.0
2021-11-20,53,Washington,1.0,0.0125656871294693
2021-11-27,53,Washington,0.0,0.0
2021-12-04,53,Washington,1.0,0.0125656871294693
2021-12-11,53,Washington,1.0,0.0125656871294693
2021-12-18,53,Washington,0.0,0.0
2021-12-25,53,Washington,5.0,0.0628284356473465
2022-01-01,53,Washington,5.0,0.0628284356473465
2022-01-08,53,Washington,0.0,0.0
2022-01-15,53,Washington,6.0,0.0753941227768158
2022-01-22,53,Washington,4.0,0.0502627485178772
2022-01-29,53,Washington,2.0,0.0251313742589386
2022-02-05,53,Washington,7.0,0.0879598099062851
2022-02-12,53,Washington,8.0,0.1005254970357544
2022-02-19,53,Washington,6.0,0.0753941227768158
2022-02-26,53,Washington,5.0,0.0628284356473465
2022-03-05,53,Washington,13.0,0.16335393268310092
2022-03-12,53,Washington,12.0,0.1507882455536316
2022-03-19,53,Washington,21.0,0.2638794297188553
2022-03-26,53,Washington,24.0,0.3015764911072632
2022-04-02,53,Washington,20.0,0.251313742589386
2022-04-09,53,Washington,24.0,0.3015764911072632
2022-04-16,53,Washington,32.0,0.4021019881430176
2022-04-23,53,Washington,34.0,0.42723336240195625
2022-04-30,53,Washington,42.0,0.5277588594377106
2022-05-07,53,Washington,60.0,0.7539412277681581
2022-05-14,53,Washington,57.0,0.7162441663797502
2022-05-21,53,Washington,60.0,0.7539412277681581
2022-05-28,53,Washington,67.0,0.8419010376744431
2022-06-04,53,Washington,65.0,0.8167696634155045
2022-06-11,53,Washington,57.0,0.7162441663797502
2022-06-18,53,Washington,44.0,0.5528902336966492
2022-06-25,53,Washington,64.0,0.8042039762860352
2022-07-02,53,Washington,55.0,0.6911127921208116
2022-07-09,53,Washington,31.0,0.3895363010135483
2022-07-16,53,Washington,30.0,0.37697061388407904
2022-07-23,53,Washington,23.0,0.28901080397779394
2022-07-30,53,Washington,13.0,0.16335393268310092
2022-08-06,53,Washington,17.0,0.21361668120097813
2022-08-13,53,Washington,15.0,0.18848530694203952
2022-08-20,53,Washington,12.0,0.1507882455536316
2022-08-27,53,Washington,7.0,0.0879598099062851
2022-09-03,53,Washington,17.0,0.21361668120097813
2022-09-10,53,Washington,10.0,0.125656871294693
2022-09-17,53,Washington,16.0,0.2010509940715088
2022-09-24,53,Washington,7.0,0.0879598099062851
2022-10-01,53,Washington,11.0,0.1382225584241623
2023-10-07,56,Wyoming,6.0,1.02107151244516
2023-10-14,56,Wyoming,4.0,0.6807143416301066
2023-10-21,56,Wyoming,4.0,0.6807143416301066
2023-10-28,56,Wyoming,0.0,0.0
2023-11-04,56,Wyoming,1.0,0.17017858540752664
2023-11-11,56,Wyoming,5.0,0.8508929270376333
2023-11-18,56,Wyoming,9.0,1.53160726866774
2023-11-25,56,Wyoming,23.0,3.9141074643731133
2023-12-02,56,Wyoming,18.0,3.06321453733548
2023-12-09,56,Wyoming,37.0,6.296607660078486
2023-12-16,56,Wyoming,34.0,5.786071903855906
2023-12-23,56,Wyoming,26.0,4.424643220595693
2023-12-30,56,Wyoming,72.0,12.25285814934192
2024-01-06,56,Wyoming,82.0,13.954644003417187
2024-01-13,56,Wyoming,56.0,9.530000782821492
2024-01-20,56,Wyoming,23.0,3.9141074643731133
2024-01-27,56,Wyoming,40.0,6.8071434163010665
2024-02-03,56,Wyoming,39.0,6.63696483089354
2024-02-10,56,Wyoming,33.0,5.6158933184483795
2024-02-17,56,Wyoming,44.0,7.487857757931173
2024-02-24,56,Wyoming,27.0,4.59482180600322
2024-03-02,56,Wyoming,25.0,4.2544646351881665
2024-03-09,56,Wyoming,15.0,2.5526787811129
2024-03-16,56,Wyoming,11.0,1.8719644394827932
2024-03-23,56,Wyoming,5.0,0.8508929270376333
2024-03-30,56,Wyoming,11.0,1.8719644394827932
2024-04-06,56,Wyoming,7.0,1.1912500978526865
2024-04-13,56,Wyoming,6.0,1.02107151244516
2024-04-20,56,Wyoming,2.0,0.3403571708150533
2024-04-27,56,Wyoming,4.0,0.6807143416301066
2024-05-04,56,Wyoming,4.0,0.6807143416301066
2024-05-11,56,Wyoming,0.0,0.0
2024-05-18,56,Wyoming,1.0,0.17017858540752664
2024-05-25,56,Wyoming,5.0,0.8508929270376333
2024-06-01,56,Wyoming,0.0,0.0
2024-06-08,56,Wyoming,5.0,0.8508929270376333
2024-06-15,56,Wyoming,4.0,0.6807143416301066
2024-06-22,56,Wyoming,3.0,0.51053575622258
2024-06-29,56,Wyoming,0.0,0.0
2024-07-06,56,Wyoming,2.0,0.3403571708150533
2024-07-13,56,Wyoming,1.0,0.17017858540752664
2024-07-20,56,Wyoming,3.0,0.51053575622258
2024-07-27,56,Wyoming,0.0,0.0
2024-08-03,56,Wyoming,2.0,0.3403571708150533
2024-08-10,56,Wyoming,2.0,0.3403571708150533
2024-08-17,56,Wyoming,1.0,0.17017858540752664
2024-08-24,56,Wyoming,1.0,0.17017858540752664
2024-08-31,56,Wyoming,3.0,0.51053575622258
2024-09-07,56,Wyoming,1.0,0.17017858540752664
2024-09-14,56,Wyoming,0.0,0.0
2024-09-21,56,Wyoming,0.0,0.0
2024-09-28,56,Wyoming,0.0,0.0
2022-10-08,06,California,92.0,0.23331740603895948
2022-10-15,06,California,87.0,0.2206371122324943
2022-10-22,06,California,121.0,0.3068631101164576
2022-10-29,06,California,199.0,0.5046756934973146
2022-11-05,06,California,416.0,1.0550004446979038
2022-11-12,06,California,858.0,2.1759384171894265
2022-11-19,06,California,1499.0,3.801552083178264
2022-11-26,06,California,2631.0,6.672370600961983
2022-12-03,06,California,3159.0,8.011409626924706
2022-12-10,06,California,2435.0,6.175303083748547
2022-12-17,06,California,1614.0,4.093198840726964
2022-12-24,06,California,1596.0,4.047549783023689
2022-12-31,06,California,1423.0,3.608811617319993
2023-01-07,06,California,913.0,2.3154216490605437
2023-01-14,06,California,411.0,1.0423201508914386
2023-01-21,06,California,208.0,0.5275002223489519
2023-01-28,06,California,126.0,0.3195434039229228
2023-02-04,06,California,115.0,0.29164675754869934
2023-02-11,06,California,93.0,0.23585346480025254
2023-02-18,06,California,73.0,0.18513228957439176
2023-02-25,06,California,79.0,0.20034864214215
2023-03-04,06,California,62.0,0.15723564320016836
2023-03-11,06,California,47.0,0.11919476178077279
2023-03-18,06,California,60.0,0.1521635256775823
2023-03-25,06,California,36.0,0.09129811540654936
2023-04-01,06,California,29.0,0.0735457040774981
2023-04-08,06,California,45.0,0.1141226442581867
2023-04-15,06,California,33.0,0.08368993912267025
2023-04-22,06,California,37.0,0.0938341741678424
2023-04-29,06,California,26.0,0.06593752779361899
2023-05-06,06,California,22.0,0.055793292748446834
2023-05-13,06,California,33.0,0.08368993912267025
2023-05-20,06,California,24.0,0.06086541027103291
2023-05-27,06,California,23.0,0.05832935150973987
2023-06-03,06,California,48.0,0.12173082054206583
2023-06-10,06,California,43.0,0.10905052673560063
2023-06-17,06,California,36.0,0.09129811540654936
2023-06-24,06,California,27.0,0.06847358655491202
2023-07-01,06,California,49.0,0.12426687930335886
2023-07-08,06,California,26.0,0.06593752779361899
2023-07-15,06,California,54.0,0.13694717310982404
2023-07-22,06,California,39.0,0.09890629169042849
2023-07-29,06,California,37.0,0.0938341741678424
2023-08-05,06,California,43.0,0.10905052673560063
2023-08-12,06,California,35.0,0.08876205664525633
2023-08-19,06,California,31.0,0.07861782160008418
2023-08-26,06,California,29.0,0.0735457040774981
2023-09-02,06,California,38.0,0.09637023292913545
2023-09-09,06,California,42.0,0.1065144679743076
2023-09-16,06,California,41.0,0.10397840921301456
2023-09-23,06,California,46.0,0.11665870301947974
2023-09-30,06,California,46.0,0.11665870301947974
2022-10-08,08,Colorado,2.0,0.03357116827497741
2022-10-15,08,Colorado,3.0,0.050356752412466114
2022-10-22,08,Colorado,14.0,0.23499817792484187
2022-10-29,08,Colorado,27.0,0.45321077171219504
2022-11-05,08,Colorado,35.0,0.5874954448121047
2022-11-12,08,Colorado,58.0,0.9735638799743449
2022-11-19,08,Colorado,107.0,1.7960575027112915
2022-11-26,08,Colorado,157.0,2.6353367095857267
2022-12-03,08,Colorado,163.0,2.736050214410659
2022-12-10,08,Colorado,235.0,3.9446122723098456
2022-12-17,08,Colorado,255.0,4.28032395505962
2022-12-24,08,Colorado,399.0,6.697448070857994
2022-12-31,08,Colorado,315.0,5.287459003308943
2023-01-07,08,Colorado,158.0,2.6521222937232154
2023-01-14,08,Colorado,99.0,1.6617728296113818
2023-01-21,08,Colorado,37.0,0.6210666130870821
2023-01-28,08,Colorado,26.0,0.43642518757470633
2023-02-04,08,Colorado,38.0,0.6378521972245708
2023-02-11,08,Colorado,27.0,0.45321077171219504
2023-02-18,08,Colorado,17.0,0.28535493033730797
2023-02-25,08,Colorado,13.0,0.21821259378735317
2023-03-04,08,Colorado,19.0,0.3189260986122854
2023-03-11,08,Colorado,9.0,0.15107025723739834
2023-03-18,08,Colorado,12.0,0.20142700964986446
2023-03-25,08,Colorado,10.0,0.16785584137488704
2023-04-01,08,Colorado,6.0,0.10071350482493223
2023-04-08,08,Colorado,7.0,0.11749908896242094
2023-04-15,08,Colorado,18.0,0.3021405144747967
2023-04-22,08,Colorado,12.0,0.20142700964986446
2023-04-29,08,Colorado,9.0,0.15107025723739834
2023-05-06,08,Colorado,7.0,0.11749908896242094
2023-05-13,08,Colorado,7.0,0.11749908896242094
2023-05-20,08,Colorado,9.0,0.15107025723739834
2023-05-27,08,Colorado,10.0,0.16785584137488704
2023-06-03,08,Colorado,5.0,0.08392792068744352
2023-06-10,08,Colorado,3.0,0.050356752412466114
2023-06-17,08,Colorado,6.0,0.10071350482493223
2023-06-24,08,Colorado,3.0,0.050356752412466114
2023-07-01,08,Colorado,7.0,0.11749908896242094
2023-07-08,08,Colorado,3.0,0.050356752412466114
2023-07-15,08,Colorado,8.0,0.13428467309990963
2023-07-22,08,Colorado,4.0,0.06714233654995481
2023-07-29,08,Colorado,3.0,0.050356752412466114
2023-08-05,08,Colorado,3.0,0.050356752412466114
2023-08-12,08,Colorado,1.0,0.016785584137488704
2023-08-19,08,Colorado,0.0,0.0
2023-08-26,08,Colorado,4.0,0.06714233654995481
2023-09-02,08,Colorado,3.0,0.050356752412466114
2023-09-09,08,Colorado,7.0,0.11749908896242094
2023-09-16,08,Colorado,2.0,0.03357116827497741
2023-09-23,08,Colorado,8.0,0.13428467309990963
2023-09-30,08,Colorado,8.0,0.13428467309990963
2023-10-07,18,Indiana,8.0,0.11553556148477638
2023-10-14,18,Indiana,23.0,0.3321647392687321
2023-10-21,18,Indiana,25.0,0.3610486296399262
2023-10-28,18,Indiana,33.0,0.47658419112470257
2023-11-04,18,Indiana,43.0,0.6210036429806731
2023-11-11,18,Indiana,58.0,0.8376328207646287
2023-11-18,18,Indiana,95.0,1.3719847926317195
2023-11-25,18,Indiana,100.0,1.4441945185597047
2023-12-02,18,Indiana,149.0,2.1518498326539603
2023-12-09,18,Indiana,181.0,2.6139920785930655
2023-12-16,18,Indiana,260.0,3.7549057482552324
2023-12-23,18,Indiana,374.0,5.401287499413296
2023-12-30,18,Indiana,556.0,8.02972152319196
2024-01-06,18,Indiana,521.0,7.524253441696062
2024-01-13,18,Indiana,443.0,6.397781717219492
2024-01-20,18,Indiana,402.0,5.805661964610013
2024-01-27,18,Indiana,428.0,6.181152539435536
2024-02-03,18,Indiana,453.0,6.5422011690754625
2024-02-10,18,Indiana,487.0,7.033227305385762
2024-02-17,18,Indiana,439.0,6.340013936477104
2024-02-24,18,Indiana,419.0,6.051175032765163
2024-03-02,18,Indiana,390.0,5.632358622382848
2024-03-09,18,Indiana,414.0,5.9789653068371775
2024-03-16,18,Indiana,275.0,3.971534926039188
2024-03-23,18,Indiana,174.0,2.5128984622938866
2024-03-30,18,Indiana,175.0,2.5273404074794836
2024-04-06,18,Indiana,166.0,2.39736290080911
2024-04-13,18,Indiana,112.0,1.6174978607868693
2024-04-20,18,Indiana,61.0,0.8809586563214199
2024-04-27,18,Indiana,46.0,0.6643294785374642
2024-05-04,18,Indiana,36.0,0.5199100266814938
2024-05-11,18,Indiana,12.0,0.17330334222716456
2024-05-18,18,Indiana,11.0,0.15886139704156754
2024-05-25,18,Indiana,4.0,0.05776778074238819
2024-06-01,18,Indiana,5.0,0.07220972592798525
2024-06-08,18,Indiana,5.0,0.07220972592798525
2024-06-15,18,Indiana,2.0,0.028883890371194095
2024-06-22,18,Indiana,5.0,0.07220972592798525
2024-06-29,18,Indiana,3.0,0.04332583555679114
2024-07-06,18,Indiana,3.0,0.04332583555679114
2024-07-13,18,Indiana,3.0,0.04332583555679114
2024-07-20,18,Indiana,0.0,0.0
2024-07-27,18,Indiana,1.0,0.014441945185597048
2024-08-03,18,Indiana,1.0,0.014441945185597048
2024-08-10,18,Indiana,0.0,0.0
2024-08-17,18,Indiana,3.0,0.04332583555679114
2024-08-24,18,Indiana,2.0,0.028883890371194095
2024-08-31,18,Indiana,1.0,0.014441945185597048
2024-09-07,18,Indiana,0.0,0.0
2024-09-14,18,Indiana,4.0,0.05776778074238819
2024-09-21,18,Indiana,6.0,0.08665167111358228
2024-09-28,18,Indiana,3.0,0.04332583555679114
2020-10-03,21,Kentucky,,
2020-10-10,21,Kentucky,,
2020-10-17,21,Kentucky,,
2020-10-24,21,Kentucky,12.0,0.26153066926570034
2020-10-31,21,Kentucky,7.0,0.15255955707165852
2020-11-07,21,Kentucky,11.0,0.239736446826892
2020-11-14,21,Kentucky,15.0,0.3269133365821254
2020-11-21,21,Kentucky,11.0,0.239736446826892
2020-11-28,21,Kentucky,16.0,0.3487075590209338
2020-12-05,21,Kentucky,20.0,0.4358844487761672
2020-12-12,21,Kentucky,12.0,0.26153066926570034
2020-12-19,21,Kentucky,33.0,0.719209340480676
2020-12-26,21,Kentucky,20.0,0.4358844487761672
2021-01-02,21,Kentucky,5.0,0.1089711121940418
2021-01-09,21,Kentucky,7.0,0.15255955707165852
2021-01-16,21,Kentucky,7.0,0.15255955707165852
2021-01-23,21,Kentucky,3.0,0.06538266731642509
2021-01-30,21,Kentucky,13.0,0.2833248917045087
2021-02-06,21,Kentucky,2.0,0.043588444877616726
2021-02-13,21,Kentucky,2.0,0.043588444877616726
2021-02-20,21,Kentucky,0.0,0.0
2021-02-27,21,Kentucky,5.0,0.1089711121940418
2021-03-06,21,Kentucky,15.0,0.3269133365821254
2021-03-13,21,Kentucky,12.0,0.26153066926570034
2021-03-20,21,Kentucky,2.0,0.043588444877616726
2021-03-27,21,Kentucky,1.0,0.021794222438808363
2021-04-03,21,Kentucky,2.0,0.043588444877616726
2021-04-10,21,Kentucky,1.0,0.021794222438808363
2021-04-17,21,Kentucky,3.0,0.06538266731642509
2021-04-24,21,Kentucky,6.0,0.13076533463285017
2021-05-01,21,Kentucky,2.0,0.043588444877616726
2021-05-08,21,Kentucky,3.0,0.06538266731642509
2021-05-15,21,Kentucky,1.0,0.021794222438808363
2021-05-22,21,Kentucky,2.0,0.043588444877616726
2021-05-29,21,Kentucky,7.0,0.15255955707165852
2021-06-05,21,Kentucky,2.0,0.043588444877616726
2021-06-12,21,Kentucky,3.0,0.06538266731642509
2021-06-19,21,Kentucky,4.0,0.08717688975523345
2021-06-26,21,Kentucky,1.0,0.021794222438808363
2021-07-03,21,Kentucky,3.0,0.06538266731642509
2021-07-10,21,Kentucky,0.0,0.0
2021-07-17,21,Kentucky,0.0,0.0
2021-07-24,21,Kentucky,3.0,0.06538266731642509
2021-07-31,21,Kentucky,0.0,0.0
2021-08-07,21,Kentucky,3.0,0.06538266731642509
2021-08-14,21,Kentucky,2.0,0.043588444877616726
2021-08-21,21,Kentucky,0.0,0.0
2021-08-28,21,Kentucky,1.0,0.021794222438808363
2021-09-04,21,Kentucky,0.0,0.0
2021-09-11,21,Kentucky,2.0,0.043588444877616726
2021-09-18,21,Kentucky,0.0,0.0
2021-09-25,21,Kentucky,2.0,0.043588444877616726
2021-10-02,21,Kentucky,0.0,0.0
2020-08-08,25,Massachusetts,,
2020-08-15,25,Massachusetts,,
2020-08-22,25,Massachusetts,,
2020-08-29,25,Massachusetts,,
2020-09-05,25,Massachusetts,,
2020-09-12,25,Massachusetts,,
2020-09-19,25,Massachusetts,,
2020-09-26,25,Massachusetts,,
2024-10-05,24,Maryland,1.0,0.01596622823403936
2024-10-12,24,Maryland,0.0,0.0
2024-10-19,24,Maryland,2.0,0.03193245646807872
2024-10-26,24,Maryland,0.0,0.0
2024-11-02,24,Maryland,4.0,0.06386491293615744
2024-11-09,24,Maryland,9.0,0.14369605410635425
2024-11-16,24,Maryland,11.0,0.17562851057443296
2024-11-23,24,Maryland,16.0,0.25545965174462976
2024-11-30,24,Maryland,21.0,0.33529079291482655
2024-12-07,24,Maryland,37.0,0.5907504446594564
2024-12-14,24,Maryland,73.0,1.1655346610848734
2024-12-21,24,Maryland,131.0,2.091575898659156
2024-12-28,24,Maryland,195.0,3.1134145056376754
2025-01-04,24,Maryland,457.0,7.296566302955988
2025-01-11,24,Maryland,372.0,5.939436903062642
2025-01-18,24,Maryland,466.0,7.440262357062342
2025-01-25,24,Maryland,611.0,9.755365450998049
2025-02-01,24,Maryland,810.0,12.932644869571881
2025-02-08,24,Maryland,1086.0,17.339323862166744
2025-02-15,24,Maryland,1081.0,17.259492720996548
2025-02-22,24,Maryland,764.0,12.198198370806072
2025-03-01,24,Maryland,548.0,8.74949307225357
2025-03-08,24,Maryland,379.0,6.051200500700918
2025-03-15,24,Maryland,291.0,4.646172416105454
2025-03-22,24,Maryland,210.0,3.3529079291482655
2025-03-29,24,Maryland,135.0,2.1554408115953136
2025-04-05,24,Maryland,129.0,2.0596434421910774
2025-04-12,24,Maryland,94.0,1.5008254539997
2025-04-19,24,Maryland,62.0,0.9899061505104403
2025-04-26,24,Maryland,47.0,0.75041272699985
2025-05-03,24,Maryland,41.0,0.6546153575956137
2025-05-10,24,Maryland,21.0,0.33529079291482655
2025-05-17,24,Maryland,10.0,0.1596622823403936
2025-05-24,24,Maryland,26.0,0.41512193408502335
2025-05-31,24,Maryland,38.0,0.6067166728934956
2025-06-07,24,Maryland,34.0,0.5428517599573383
2025-06-14,24,Maryland,13.0,0.20756096704251167
2025-06-21,24,Maryland,6.0,0.09579736940423617
2025-06-28,24,Maryland,6.0,0.09579736940423617
2025-07-05,24,Maryland,7.0,0.11176359763827552
2025-07-12,24,Maryland,4.0,0.06386491293615744
2025-07-19,24,Maryland,4.0,0.06386491293615744
2025-07-26,24,Maryland,18.0,0.2873921082127085
2025-08-02,24,Maryland,6.0,0.09579736940423617
2025-08-09,24,Maryland,3.0,0.04789868470211808
2025-08-16,24,Maryland,6.0,0.09579736940423617
2025-08-23,24,Maryland,7.0,0.11176359763827552
2025-08-30,24,Maryland,6.0,0.09579736940423617
2025-09-06,24,Maryland,3.0,0.04789868470211808
2025-09-13,24,Maryland,6.0,0.09579736940423617
2025-09-20,24,Maryland,6.0,0.09579736940423617
2025-09-27,24,Maryland,4.0,0.06386491293615744
2025-10-04,26,Michigan,14.0,0.13806081164570558
2025-10-11,26,Michigan,15.0,0.14792229819182742
2025-10-18,26,Michigan,17.0,0.16764527128407106
2025-10-25,26,Michigan,17.0,0.16764527128407106
2025-11-01,26,Michigan,12.0,0.11833783855346193
2025-11-08,26,Michigan,27.0,0.26626013674528937
2025-11-15,26,Michigan,44.0,0.4339054080293604
2025-11-22,26,Michigan,53.0,0.5226587869444569
2025-11-29,26,Michigan,76.0,0.7494729775052589
2025-12-06,26,Michigan,95.0,0.9368412218815736
2025-12-13,26,Michigan,214.0,2.110358120870071
2025-12-20,26,Michigan,471.0,4.64476016322338
2025-12-27,26,Michigan,929.0,9.161321001347178
2026-01-03,26,Michigan,1266.0,12.484641967390234
2026-01-10,26,Michigan,931.0,9.18104397443942
2026-01-17,26,Michigan,534.0,5.266033815629056
2026-01-24,26,Michigan,413.0,4.072793943548315
2026-01-31,26,Michigan,332.0,3.2740135333124467
2026-02-07,26,Michigan,303.0,2.9880304234749135
2026-02-14,26,Michigan,283.0,2.790800692552477
2026-02-21,26,Michigan,341.0,3.362766912227543
2026-02-28,26,Michigan,292.0,2.879554071467574
2026-03-07,26,Michigan,247.0,2.4357871768920916
2026-03-14,26,Michigan,217.0,2.1399425805084364
2026-03-21,26,Michigan,165.0,1.6271452801101016
2026-03-28,26,Michigan,96.0,0.9467027084276954
2026-04-04,26,Michigan,78.0,0.7691959505975026
2026-04-11,26,Michigan,72.0,0.7100270313207716
2026-04-18,26,Michigan,51.0,0.5029358138522132
2021-10-09,27,Minnesota,1.0,0.01726176307159955
2021-10-16,27,Minnesota,1.0,0.01726176307159955
2021-10-23,27,Minnesota,1.0,0.01726176307159955
2021-10-30,27,Minnesota,2.0,0.0345235261431991
2021-11-06,27,Minnesota,2.0,0.0345235261431991
2021-11-13,27,Minnesota,0.0,0.0
2021-11-20,27,Minnesota,2.0,0.0345235261431991
2021-11-27,27,Minnesota,2.0,0.0345235261431991
2021-12-04,27,Minnesota,14.0,0.2416646830023937
2021-12-11,27,Minnesota,25.0,0.43154407678998874
2021-12-18,27,Minnesota,41.0,0.7077322859355815
2021-12-25,27,Minnesota,69.0,1.191061651940369
2022-01-01,27,Minnesota,108.0,1.8642704117327513
2022-01-08,27,Minnesota,103.0,1.7779615963747535
2022-01-15,27,Minnesota,66.0,1.1392763627255702
2022-01-22,27,Minnesota,46.0,0.7940411012935793
2022-01-29,27,Minnesota,20.0,0.34523526143199096
2022-02-05,27,Minnesota,18.0,0.31071173528879187
2022-02-12,27,Minnesota,20.0,0.34523526143199096
2022-02-19,27,Minnesota,30.0,0.5178528921479865
2022-02-26,27,Minnesota,19.0,0.3279734983603914
2022-03-05,27,Minnesota,28.0,0.4833293660047874
2022-03-12,27,Minnesota,35.0,0.6041617075059842
2022-03-19,27,Minnesota,29.0,0.5005911290763869
2022-03-26,27,Minnesota,37.0,0.6386852336491833
2022-04-02,27,Minnesota,33.0,0.5696381813627851
2022-04-09,27,Minnesota,28.0,0.4833293660047874
2022-04-16,27,Minnesota,27.0,0.46606760293318783
2022-04-23,27,Minnesota,33.0,0.5696381813627851
2022-04-30,27,Minnesota,29.0,0.5005911290763869
2022-05-07,27,Minnesota,32.0,0.5523764182911856
2022-05-14,27,Minnesota,17.0,0.2934499722171923
2022-05-21,27,Minnesota,13.0,0.22440291993079414
2022-05-28,27,Minnesota,12.0,0.2071411568591946
2022-06-04,27,Minnesota,6.0,0.1035705784295973
2022-06-11,27,Minnesota,4.0,0.0690470522863982
2022-06-18,27,Minnesota,10.0,0.17261763071599548
2022-06-25,27,Minnesota,0.0,0.0
2022-07-02,27,Minnesota,1.0,0.01726176307159955
2022-07-09,27,Minnesota,2.0,0.0345235261431991
2022-07-16,27,Minnesota,2.0,0.0345235261431991
2022-07-23,27,Minnesota,3.0,0.05178528921479865
2022-07-30,27,Minnesota,3.0,0.05178528921479865
2022-08-06,27,Minnesota,2.0,0.0345235261431991
2022-08-13,27,Minnesota,5.0,0.08630881535799774
2022-08-20,27,Minnesota,0.0,0.0
2022-08-27,27,Minnesota,1.0,0.01726176307159955
2022-09-03,27,Minnesota,1.0,0.01726176307159955
2022-09-10,27,Minnesota,1.0,0.01726176307159955
2022-09-17,27,Minnesota,0.0,0.0
2022-09-24,27,Minnesota,2.0,0.0345235261431991
2022-10-01,27,Minnesota,2.0,0.0345235261431991
2022-10-08,33,New Hampshire,0.0,0.0
2022-10-15,33,New Hampshire,0.0,0.0
2022-10-22,33,New Hampshire,1.0,0.07097070896899432
2022-10-29,33,New Hampshire,0.0,0.0
2022-11-05,33,New Hampshire,3.0,0.21291212690698294
2022-11-12,33,New Hampshire,3.0,0.21291212690698294
2022-11-19,33,New Hampshire,9.0,0.6387363807209488
2022-11-26,33,New Hampshire,9.0,0.6387363807209488
2022-12-03,33,New Hampshire,29.0,2.058150560100835
2022-12-10,33,New Hampshire,65.0,4.61309608298463
2022-12-17,33,New Hampshire,76.0,5.393773881643568
2022-12-24,33,New Hampshire,117.0,8.303572949372334
2022-12-31,33,New Hampshire,141.0,10.006869964628198
2023-01-07,33,New Hampshire,108.0,7.664836568651387
2023-01-14,33,New Hampshire,47.0,3.335623321542733
2023-01-21,33,New Hampshire,23.0,1.6323263062868694
2023-01-28,33,New Hampshire,19.0,1.348443470410892
2023-02-04,33,New Hampshire,4.0,0.2838828358759773
2023-02-11,33,New Hampshire,8.0,0.5677656717519546
2023-02-18,33,New Hampshire,4.0,0.2838828358759773
2023-02-25,33,New Hampshire,2.0,0.14194141793798865
2023-03-04,33,New Hampshire,2.0,0.14194141793798865
2023-03-11,33,New Hampshire,4.0,0.2838828358759773
2023-03-18,33,New Hampshire,10.0,0.7097070896899431
2023-03-25,33,New Hampshire,9.0,0.6387363807209488
2023-04-01,33,New Hampshire,9.0,0.6387363807209488
2023-04-08,33,New Hampshire,6.0,0.4258242538139659
2023-04-15,33,New Hampshire,0.0,0.0
2023-04-22,33,New Hampshire,1.0,0.07097070896899432
2023-04-29,33,New Hampshire,2.0,0.14194141793798865
2023-05-06,33,New Hampshire,3.0,0.21291212690698294
2023-05-13,33,New Hampshire,1.0,0.07097070896899432
2023-05-20,33,New Hampshire,0.0,0.0
2023-05-27,33,New Hampshire,4.0,0.2838828358759773
2023-06-03,33,New Hampshire,1.0,0.07097070896899432
2023-06-10,33,New Hampshire,0.0,0.0
2023-06-17,33,New Hampshire,2.0,0.14194141793798865
2023-06-24,33,New Hampshire,0.0,0.0
2023-07-01,33,New Hampshire,1.0,0.07097070896899432
2023-07-08,33,New Hampshire,0.0,0.0
2023-07-15,33,New Hampshire,1.0,0.07097070896899432
2023-07-22,33,New Hampshire,0.0,0.0
2023-07-29,33,New Hampshire,1.0,0.07097070896899432
2023-08-05,33,New Hampshire,1.0,0.07097070896899432
2023-08-12,33,New Hampshire,1.0,0.07097070896899432
2023-08-19,33,New Hampshire,0.0,0.0
2023-08-26,33,New Hampshire,0.0,0.0
2023-09-02,33,New Hampshire,4.0,0.2838828358759773
2023-09-09,33,New Hampshire,1.0,0.07097070896899432
2023-09-16,33,New Hampshire,0.0,0.0
2023-09-23,33,New Hampshire,2.0,0.14194141793798865
2023-09-30,33,New Hampshire,1.0,0.07097070896899432
2020-08-08,34,New Jersey,,
2020-08-15,34,New Jersey,,
2020-08-22,34,New Jersey,,
2020-08-29,34,New Jersey,,
2020-09-05,34,New Jersey,,
2020-09-12,34,New Jersey,,
2020-09-19,34,New Jersey,,
2020-09-26,34,New Jersey,,
2020-10-03,,,0.0,
2020-10-10,,,0.0,
2020-10-17,,,0.0,
2020-10-24,,,26.0,
2020-10-31,,,42.0,
2020-11-07,,,25.0,
2020-11-14,,,36.0,
2020-11-21,,,63.0,
2020-11-28,,,61.0,
2020-12-05,,,50.0,
2020-12-12,,,63.0,
2020-12-19,,,78.0,
2020-12-26,,,56.0,
2021-01-02,,,40.0,
2021-01-09,,,40.0,
2021-01-16,,,44.0,
2021-01-23,,,43.0,
2021-01-30,,,58.0,
2021-02-06,,,47.0,
2021-02-13,,,33.0,
2021-02-20,,,46.0,
2021-02-27,,,39.0,
2021-03-06,,,49.0,
2021-03-13,,,63.0,
2021-03-20,,,66.0,
2021-03-27,,,48.0,
2021-04-03,,,43.0,
2021-04-10,,,63.0,
2021-04-17,,,59.0,
2021-04-24,,,56.0,
2021-05-01,,,67.0,
2021-05-08,,,44.0,
2021-05-15,,,37.0,
2021-05-22,,,43.0,
2021-05-29,,,25.0,
2021-06-05,,,21.0,
2021-06-12,,,21.0,
2021-06-19,,,23.0,
2021-06-26,,,24.0,
2021-07-03,,,22.0,
2021-07-10,,,26.0,
2021-07-17,,,18.0,
2021-07-24,,,24.0,
2021-07-31,,,16.0,
2021-08-07,,,31.0,
2021-08-14,,,31.0,
2021-08-21,,,37.0,
2021-08-28,,,46.0,
2021-09-04,,,34.0,
2021-09-11,,,31.0,
2021-09-18,,,40.0,
2021-09-25,,,33.0,
2021-10-02,,,37.0,
2022-10-08,,,95.0,
2022-10-15,,,123.0,
2022-10-22,,,125.0,
2022-10-29,,,224.0,
2022-11-05,,,445.0,
2022-11-12,,,651.0,
2022-11-19,,,851.0,
2022-11-26,,,1351.0,
2022-12-03,,,2380.0,
2022-12-10,,,2298.0,
2022-12-17,,,2365.0,
2022-12-24,,,2139.0,
2022-12-31,,,1827.0,
2023-01-07,,,1339.0,
2023-01-14,,,763.0,
2023-01-21,,,458.0,
2023-01-28,,,372.0,
2023-02-04,,,237.0,
2023-02-11,,,206.0,
2023-02-18,,,182.0,
2023-02-25,,,128.0,
2023-03-04,,,102.0,
2023-03-11,,,93.0,
2023-03-18,,,96.0,
2023-03-25,,,174.0,
2023-04-01,,,155.0,
2023-04-08,,,150.0,
2023-04-15,,,154.0,
2023-04-22,,,115.0,
2023-04-29,,,86.0,
2023-05-06,,,118.0,
2023-05-13,,,118.0,
2023-05-20,,,124.0,
2023-05-27,,,140.0,
2023-06-03,,,144.0,
2023-06-10,,,113.0,
2023-06-17,,,96.0,
2023-06-24,,,106.0,
2023-07-01,,,87.0,
2023-07-08,,,78.0,
2023-07-15,,,66.0,
2023-07-22,,,77.0,
2023-07-29,,,68.0,
2023-08-05,,,74.0,
2023-08-12,,,64.0,
2023-08-19,,,57.0,
2023-08-26,,,88.0,
2023-09-02,,,107.0,
2023-09-09,,,88.0,
2023-09-16,,,81.0,
2023-09-23,,,121.0,
2023-09-30,,,155.0,
2025-10-04,,,137.0,
2025-10-11,,,159.0,
2025-10-18,,,127.0,
2025-10-25,,,165.0,
2025-11-01,,,150.0,
2025-11-08,,,169.0,
2025-11-15,,,240.0,
2025-11-22,,,378.0,
2025-11-29,,,586.0,
2025-12-06,,,880.0,
2025-12-13,,,1238.0,
2025-12-20,,,2224.0,
2025-12-27,,,4365.0,
2026-01-03,,,5815.0,
2026-01-10,,,4154.0,
2026-01-17,,,2964.0,
2026-01-24,,,2170.0,
2026-01-31,,,1840.0,
2026-02-07,,,1426.0,
2026-02-14,,,1257.0,
2026-02-21,,,1331.0,
2026-02-28,,,1229.0,
2026-03-07,,,1233.0,
2026-03-14,,,1215.0,
2026-03-21,,,916.0,
2026-03-28,,,441.0,
2026-04-04,,,428.0,
2026-04-11,,,277.0,
2026-04-18,,,234.0,
2023-10-07,,,407.0,
2023-10-14,,,399.0,
2023-10-21,,,483.0,
2023-10-28,,,508.0,
2023-11-04,,,716.0,
2023-11-11,,,853.0,
2023-11-18,,,1130.0,
2023-11-25,,,1319.0,
2023-12-02,,,1632.0,
2023-12-09,,,1890.0,
2023-12-16,,,2453.0,
2023-12-23,,,3788.0,
2023-12-30,,,5621.0,
2024-01-06,,,4802.0,
2024-01-13,,,3555.0,
2024-01-20,,,2774.0,
2024-01-27,,,2641.0,
2024-02-03,,,2157.0,
2024-02-10,,,2116.0,
2024-02-17,,,1936.0,
2024-02-24,,,1702.0,
2024-03-02,,,1670.0,
2024-03-09,,,1441.0,
2024-03-16,,,1176.0,
2024-03-23,,,1019.0,
2024-03-30,,,928.0,
2024-04-06,,,788.0,
2024-04-13,,,701.0,
2024-04-20,,,483.0,
2024-04-27,,,450.0,
2024-05-04,,,257.0,
2024-05-11,,,147.0,
2024-05-18,,,169.0,
2024-05-25,,,149.0,
2024-06-01,,,149.0,
2024-06-08,,,146.0,
2024-06-15,,,141.0,
2024-06-22,,,115.0,
2024-06-29,,,97.0,
2024-07-06,,,95.0,
2024-07-13,,,115.0,
2024-07-20,,,93.0,
2024-07-27,,,83.0,
2024-08-03,,,103.0,
2024-08-10,,,85.0,
2024-08-17,,,82.0,
2024-08-24,,,86.0,
2024-08-31,,,71.0,
2024-09-07,,,74.0,
2024-09-14,,,109.0,
2024-09-21,,,70.0,
2024-09-28,,,63.0,
2021-10-09,,,4.0,
2021-10-16,,,11.0,
2021-10-23,,,7.0,
2021-10-30,,,8.0,
2021-11-06,,,7.0,
2021-11-13,,,15.0,
2021-11-20,,,8.0,
2021-11-27,,,19.0,
2021-12-04,,,47.0,
2021-12-11,,,68.0,
2021-12-18,,,68.0,
2021-12-25,,,125.0,
2022-01-01,,,208.0,
2022-01-08,,,181.0,
2022-01-15,,,143.0,
2022-01-22,,,109.0,
2022-01-29,,,90.0,
2022-02-05,,,106.0,
2022-02-12,,,143.0,
2022-02-19,,,152.0,
2022-02-26,,,181.0,
2022-03-05,,,209.0,
2022-03-12,,,204.0,
2022-03-19,,,231.0,
2022-03-26,,,231.0,
2022-04-02,,,180.0,
2022-04-09,,,169.0,
2022-04-16,,,150.0,
2022-04-23,,,132.0,
2022-04-30,,,107.0,
2022-05-07,,,100.0,
2022-05-14,,,67.0,
2022-05-21,,,57.0,
2022-05-28,,,33.0,
2022-06-04,,,42.0,
2022-06-11,,,37.0,
2022-06-18,,,32.0,
2022-06-25,,,33.0,
2022-07-02,,,27.0,
2022-07-09,,,25.0,
2022-07-16,,,19.0,
2022-07-23,,,28.0,
2022-07-30,,,18.0,
2022-08-06,,,29.0,
2022-08-13,,,14.0,
2022-08-20,,,27.0,
2022-08-27,,,13.0,
2022-09-03,,,19.0,
2022-09-10,,,7.0,
2022-09-17,,,16.0,
2022-09-24,,,13.0,
2022-10-01,,,40.0,
2020-08-08,,,0.0,
2020-08-15,,,,
2020-08-22,,,,
2020-08-29,,,,
2020-09-05,,,0.0,
2020-09-12,,,0.0,
2020-09-19,,,0.0,
2020-09-26,,,0.0,
2020-10-03,46,South Dakota,0.0,0.0
2020-10-10,46,South Dakota,0.0,0.0
2020-10-17,46,South Dakota,0.0,0.0
2020-10-24,46,South Dakota,2.0,0.21629361425547952
2020-10-31,46,South Dakota,0.0,0.0
2020-11-07,46,South Dakota,1.0,0.10814680712773976
2020-11-14,46,South Dakota,2.0,0.21629361425547952
2020-11-21,46,South Dakota,1.0,0.10814680712773976
2020-11-28,46,South Dakota,0.0,0.0
2020-12-05,46,South Dakota,1.0,0.10814680712773976
2020-12-12,46,South Dakota,2.0,0.21629361425547952
2020-12-19,46,South Dakota,2.0,0.21629361425547952
2020-12-26,46,South Dakota,1.0,0.10814680712773976
2021-01-02,46,South Dakota,0.0,0.0
2021-01-09,46,South Dakota,1.0,0.10814680712773976
2021-01-16,46,South Dakota,0.0,0.0
2021-01-23,46,South Dakota,0.0,0.0
2021-01-30,46,South Dakota,0.0,0.0
2021-02-06,46,South Dakota,0.0,0.0
2021-02-13,46,South Dakota,2.0,0.21629361425547952
2021-02-20,46,South Dakota,1.0,0.10814680712773976
2021-02-27,46,South Dakota,1.0,0.10814680712773976
2021-03-06,46,South Dakota,0.0,0.0
2021-03-13,46,South Dakota,0.0,0.0
2021-03-20,46,South Dakota,0.0,0.0
2021-03-27,46,South Dakota,0.0,0.0
2021-04-03,46,South Dakota,0.0,0.0
2021-04-10,46,South Dakota,0.0,0.0
2021-04-17,46,South Dakota,1.0,0.10814680712773976
2021-04-24,46,South Dakota,5.0,0.5407340356386988
2021-05-01,46,South Dakota,4.0,0.43258722851095904
2021-05-08,46,South Dakota,3.0,0.32444042138321927
2021-05-15,46,South Dakota,1.0,0.10814680712773976
2021-05-22,46,South Dakota,0.0,0.0
2021-05-29,46,South Dakota,2.0,0.21629361425547952
2021-06-05,46,South Dakota,0.0,0.0
2021-06-12,46,South Dakota,8.0,0.8651744570219181
2021-06-19,46,South Dakota,4.0,0.43258722851095904
2021-06-26,46,South Dakota,3.0,0.32444042138321927
2021-07-03,46,South Dakota,2.0,0.21629361425547952
2021-07-10,46,South Dakota,4.0,0.43258722851095904
2021-07-17,46,South Dakota,2.0,0.21629361425547952
2021-07-24,46,South Dakota,1.0,0.10814680712773976
2021-07-31,46,South Dakota,1.0,0.10814680712773976
2021-08-07,46,South Dakota,0.0,0.0
2021-08-14,46,South Dakota,1.0,0.10814680712773976
2021-08-21,46,South Dakota,6.0,0.6488808427664385
2021-08-28,46,South Dakota,0.0,0.0
2021-09-04,46,South Dakota,1.0,0.10814680712773976
2021-09-11,46,South Dakota,0.0,0.0
2021-09-18,46,South Dakota,0.0,0.0
2021-09-25,46,South Dakota,0.0,0.0
2021-10-02,46,South Dakota,1.0,0.10814680712773976
2022-10-08,46,South Dakota,10.0,1.0814680712773976
2022-10-15,46,South Dakota,12.0,1.297761685532877
2022-10-22,46,South Dakota,13.0,1.405908492660617
2022-10-29,46,South Dakota,9.0,0.9733212641496579
2022-11-05,46,South Dakota,9.0,0.9733212641496579
2022-11-12,46,South Dakota,13.0,1.405908492660617
2022-11-19,46,South Dakota,24.0,2.595523371065754
2022-11-26,46,South Dakota,58.0,6.272514813408907
2022-12-03,46,South Dakota,73.0,7.894716920325003
2022-12-10,46,South Dakota,84.0,9.08433179873014
2022-12-17,46,South Dakota,97.0,10.490240291390757
2022-12-24,46,South Dakota,84.0,9.08433179873014
2022-12-31,46,South Dakota,59.0,6.380661620536646
2023-01-07,46,South Dakota,69.0,7.462129691814043
2023-01-14,46,South Dakota,15.0,1.6222021069160966
2023-01-21,46,South Dakota,12.0,1.297761685532877
2023-01-28,46,South Dakota,15.0,1.6222021069160966
2023-02-04,46,South Dakota,15.0,1.6222021069160966
2023-02-11,46,South Dakota,9.0,0.9733212641496579
2023-02-18,46,South Dakota,16.0,1.7303489140438362
2023-02-25,46,South Dakota,4.0,0.43258722851095904
2023-03-04,46,South Dakota,7.0,0.7570276498941784
2023-03-11,46,South Dakota,15.0,1.6222021069160966
2023-03-18,46,South Dakota,16.0,1.7303489140438362
2023-03-25,46,South Dakota,20.0,2.1629361425547953
2023-04-01,46,South Dakota,13.0,1.405908492660617
2023-04-08,46,South Dakota,13.0,1.405908492660617
2023-04-15,46,South Dakota,5.0,0.5407340356386988
2023-04-22,46,South Dakota,4.0,0.43258722851095904
2023-04-29,46,South Dakota,4.0,0.43258722851095904
2023-05-06,46,South Dakota,7.0,0.7570276498941784
2023-05-13,46,South Dakota,7.0,0.7570276498941784
2023-05-20,46,South Dakota,3.0,0.32444042138321927
2023-05-27,46,South Dakota,3.0,0.32444042138321927
2023-06-03,46,South Dakota,4.0,0.43258722851095904
2023-06-10,46,South Dakota,2.0,0.21629361425547952
2023-06-17,46,South Dakota,2.0,0.21629361425547952
2023-06-24,46,South Dakota,0.0,0.0
2023-07-01,46,South Dakota,2.0,0.21629361425547952
2023-07-08,46,South Dakota,3.0,0.32444042138321927
2023-07-15,46,South Dakota,0.0,0.0
2023-07-22,46,South Dakota,0.0,0.0
2023-07-29,46,South Dakota,0.0,0.0
2023-08-05,46,South Dakota,2.0,0.21629361425547952
2023-08-12,46,South Dakota,1.0,0.10814680712773976
2023-08-19,46,South Dakota,3.0,0.32444042138321927
2023-08-26,46,South Dakota,1.0,0.10814680712773976
2023-09-02,46,South Dakota,1.0,0.10814680712773976
2023-09-09,46,South Dakota,3.0,0.32444042138321927
2023-09-16,46,South Dakota,0.0,0.0
2023-09-23,46,South Dakota,0.0,0.0
2023-09-30,46,South Dakota,2.0,0.21629361425547952
2021-10-09,47,Tennessee,17.0,0.2352045934073536
2021-10-16,47,Tennessee,3.0,0.04150669295423887
2021-10-23,47,Tennessee,5.0,0.06917782159039812
2021-10-30,47,Tennessee,7.0,0.09684895022655736
2021-11-06,47,Tennessee,7.0,0.09684895022655736
2021-11-13,47,Tennessee,8.0,0.11068451454463699
2021-11-20,47,Tennessee,7.0,0.09684895022655736
2021-11-27,47,Tennessee,12.0,0.1660267718169555
2021-12-04,47,Tennessee,21.0,0.2905468506796721
2021-12-11,47,Tennessee,25.0,0.34588910795199057
2021-12-18,47,Tennessee,31.0,0.42890249386046836
2021-12-25,47,Tennessee,54.0,0.7471204731762997
2022-01-01,47,Tennessee,74.0,1.023831759537892
2022-01-08,47,Tennessee,66.0,0.9131472449932552
2022-01-15,47,Tennessee,31.0,0.42890249386046836
2022-01-22,47,Tennessee,23.0,0.31821797931583135
2022-01-29,47,Tennessee,27.0,0.37356023658814985
2022-02-05,47,Tennessee,31.0,0.42890249386046836
2022-02-12,47,Tennessee,21.0,0.2905468506796721
2022-02-19,47,Tennessee,26.0,0.3597246722700702
2022-02-26,47,Tennessee,42.0,0.5810937013593442
2022-03-05,47,Tennessee,29.0,0.4012313652243091
2022-03-12,47,Tennessee,28.0,0.38739580090622944
2022-03-19,47,Tennessee,28.0,0.38739580090622944
2022-03-26,47,Tennessee,43.0,0.5949292656774238
2022-04-02,47,Tennessee,38.0,0.5257514440870257
2022-04-09,47,Tennessee,31.0,0.42890249386046836
2022-04-16,47,Tennessee,35.0,0.4842447511327868
2022-04-23,47,Tennessee,34.0,0.4704091868147072
2022-04-30,47,Tennessee,35.0,0.4842447511327868
2022-05-07,47,Tennessee,18.0,0.24904015772543323
2022-05-14,47,Tennessee,30.0,0.4150669295423887
2022-05-21,47,Tennessee,15.0,0.20753346477119436
2022-05-28,47,Tennessee,18.0,0.24904015772543323
2022-06-04,47,Tennessee,20.0,0.2767112863615925
2022-06-11,47,Tennessee,18.0,0.24904015772543323
2022-06-18,47,Tennessee,25.0,0.34588910795199057
2022-06-25,47,Tennessee,15.0,0.20753346477119436
2022-07-02,47,Tennessee,35.0,0.4842447511327868
2022-07-09,47,Tennessee,9.0,0.12452007886271661
2022-07-16,47,Tennessee,7.0,0.09684895022655736
2022-07-23,47,Tennessee,11.0,0.15219120749887585
2022-07-30,47,Tennessee,14.0,0.19369790045311472
2022-08-06,47,Tennessee,17.0,0.2352045934073536
2022-08-13,47,Tennessee,16.0,0.22136902908927397
2022-08-20,47,Tennessee,13.0,0.1798623361350351
2022-08-27,47,Tennessee,15.0,0.20753346477119436
2022-09-03,47,Tennessee,14.0,0.19369790045311472
2022-09-10,47,Tennessee,20.0,0.2767112863615925
2022-09-17,47,Tennessee,17.0,0.2352045934073536
2022-09-24,47,Tennessee,32.0,0.44273805817854794
2022-10-01,47,Tennessee,38.0,0.5257514440870257
2022-10-08,47,Tennessee,39.0,0.5395870084051053
2022-10-15,47,Tennessee,59.0,0.8162982947666978
2022-10-22,47,Tennessee,87.0,1.2036940956729272
2022-10-29,47,Tennessee,122.0,1.6879388468057142
2022-11-05,47,Tennessee,231.0,3.196015357476393
2022-11-12,47,Tennessee,311.0,4.302860502922763
2022-11-19,47,Tennessee,285.0,3.9431358306526927
2022-11-26,47,Tennessee,471.0,6.516550793815503
2022-12-03,47,Tennessee,687.0,9.505032686520702
2022-12-10,47,Tennessee,486.0,6.724084258586697
2022-12-17,47,Tennessee,258.0,3.569575594064543
2022-12-24,47,Tennessee,226.0,3.126837535885995
2022-12-31,47,Tennessee,248.0,3.431219950883747
2023-01-07,47,Tennessee,174.0,2.4073881913458544
2023-01-14,47,Tennessee,100.0,1.3835564318079623
2023-01-21,47,Tennessee,69.0,0.954653937947494
2023-01-28,47,Tennessee,41.0,0.5672581370412646
2023-02-04,47,Tennessee,43.0,0.5949292656774238
2023-02-11,47,Tennessee,28.0,0.38739580090622944
2023-02-18,47,Tennessee,57.0,0.7886271661305385
2023-02-25,47,Tennessee,43.0,0.5949292656774238
2023-03-04,47,Tennessee,41.0,0.5672581370412646
2023-03-11,47,Tennessee,27.0,0.37356023658814985
2023-03-18,47,Tennessee,29.0,0.4012313652243091
2023-03-25,47,Tennessee,31.0,0.42890249386046836
2023-04-01,47,Tennessee,45.0,0.622600394313583
2023-04-08,47,Tennessee,29.0,0.4012313652243091
2023-04-15,47,Tennessee,25.0,0.34588910795199057
2023-04-22,47,Tennessee,22.0,0.3043824149977517
2023-04-29,47,Tennessee,18.0,0.24904015772543323
2023-05-06,47,Tennessee,24.0,0.332053543633911
2023-05-13,47,Tennessee,15.0,0.20753346477119436
2023-05-20,47,Tennessee,14.0,0.19369790045311472
2023-05-27,47,Tennessee,27.0,0.37356023658814985
2023-06-03,47,Tennessee,20.0,0.2767112863615925
2023-06-10,47,Tennessee,27.0,0.37356023658814985
2023-06-17,47,Tennessee,31.0,0.42890249386046836
2023-06-24,47,Tennessee,13.0,0.1798623361350351
2023-07-01,47,Tennessee,24.0,0.332053543633911
2023-07-08,47,Tennessee,21.0,0.2905468506796721
2023-07-15,47,Tennessee,23.0,0.31821797931583135
2023-07-22,47,Tennessee,23.0,0.31821797931583135
2023-07-29,47,Tennessee,16.0,0.22136902908927397
2023-08-05,47,Tennessee,22.0,0.3043824149977517
2023-08-12,47,Tennessee,26.0,0.3597246722700702
2023-08-19,47,Tennessee,26.0,0.3597246722700702
2023-08-26,47,Tennessee,23.0,0.31821797931583135
2023-09-02,47,Tennessee,27.0,0.37356023658814985
2023-09-09,47,Tennessee,46.0,0.6364359586316627
2023-09-16,47,Tennessee,34.0,0.4704091868147072
2023-09-23,47,Tennessee,24.0,0.332053543633911
2023-09-30,47,Tennessee,41.0,0.5672581370412646
2021-10-09,US,US,341.0,0.10026138879112015
2021-10-16,US,US,266.0,0.0782097636904339
2021-10-23,US,US,281.0,0.08262008871057115
2021-10-30,US,US,265.0,0.07791574202242475
2021-11-06,US,US,320.0,0.094086933762928
2021-11-13,US,US,338.0,0.0993793237870927
2021-11-20,US,US,366.0,0.1076119304913489
2021-11-27,US,US,475.0,0.13966029230434626
2021-12-04,US,US,867.0,0.25491678616393304
2021-12-11,US,US,1119.0,0.32901024650223887
2021-12-18,US,US,1302.0,0.3828162117479133
2021-12-25,US,US,1788.0,0.5257107424003602
2022-01-01,US,US,2979.0,0.8758905489992579
2022-01-08,US,US,2280.0,0.670369403060862
2022-01-15,US,US,1638.0,0.4816074921989877
2022-01-22,US,US,1210.0,0.3557662182910715
2022-01-29,US,US,966.0,0.2840249312968389
2022-02-05,US,US,1089.0,0.3201895964619644
2022-02-12,US,US,1158.0,0.3404770915545957
2022-02-19,US,US,1490.0,0.4380922853336335
2022-02-26,US,US,1603.0,0.47131673381866745
2022-03-05,US,US,1791.0,0.5265928074043876
2022-03-12,US,US,2086.0,0.6133291994670869
2022-03-19,US,US,2610.0,0.7673965535038815
2022-03-26,US,US,2911.0,0.8558970755746357
2022-04-02,US,US,3000.0,0.88206500402745
2022-04-09,US,US,3128.0,0.9196997775326212
2022-04-16,US,US,3291.0,0.9676253094181126
2022-04-23,US,US,3449.0,1.0140807329635584
2022-04-30,US,US,3174.0,0.9332247742610421
2022-05-07,US,US,3162.0,0.9296965142449323
2022-05-14,US,US,3112.0,0.9149954308444748
2022-05-21,US,US,3118.0,0.9167595608525297
2022-05-28,US,US,2728.0,0.8020911103289612
2022-06-04,US,US,2674.0,0.7862139402564671
2022-06-11,US,US,2201.0,0.6471416912881391
2022-06-18,US,US,1774.0,0.5215944390482321
2022-06-25,US,US,1365.0,0.4013395768324898
2022-07-02,US,US,1073.0,0.315485249773818
2022-07-09,US,US,776.0,0.2281608143751004
2022-07-16,US,US,765.0,0.22492657602699975
2022-07-23,US,US,627.0,0.18435158584173705
2022-07-30,US,US,520.0,0.152891267364758
2022-08-06,US,US,486.0,0.1428945306524469
2022-08-13,US,US,489.0,0.14377659565647435
2022-08-20,US,US,483.0,0.14201246564841946
2022-08-27,US,US,482.0,0.1417184439804103
2022-09-03,US,US,545.0,0.16024180906498675
2022-09-10,US,US,576.0,0.1693564807732704
2022-09-17,US,US,665.0,0.19552440922608474
2022-09-24,US,US,795.0,0.23374722606727424
2022-10-01,US,US,921.0,0.27079395623642716
2020-08-08,05,Arkansas,,
2020-08-15,05,Arkansas,,
2020-08-22,05,Arkansas,,
2020-08-29,05,Arkansas,,
2020-09-05,05,Arkansas,,
2020-09-12,05,Arkansas,,
2020-09-19,05,Arkansas,,
2020-09-26,05,Arkansas,,
2023-10-07,09,Connecticut,4.0,0.10884149386038738
2023-10-14,09,Connecticut,3.0,0.08163112039529054
2023-10-21,09,Connecticut,1.0,0.027210373465096846
2023-10-28,09,Connecticut,7.0,0.1904726142556779
2023-11-04,09,Connecticut,12.0,0.32652448158116215
2023-11-11,09,Connecticut,5.0,0.13605186732548422
2023-11-18,09,Connecticut,22.0,0.5986282162321306
2023-11-25,09,Connecticut,33.0,0.8979423243481959
2023-12-02,09,Connecticut,57.0,1.5509912875105203
2023-12-09,09,Connecticut,74.0,2.0135676364171666
2023-12-16,09,Connecticut,120.0,3.2652448158116214
2023-12-23,09,Connecticut,115.0,3.1291929484861374
2023-12-30,09,Connecticut,194.0,5.278812452228788
2024-01-06,09,Connecticut,167.0,4.544132368671173
2024-01-13,09,Connecticut,159.0,4.3264493809503985
2024-01-20,09,Connecticut,128.0,3.4829278035323963
2024-01-27,09,Connecticut,156.0,4.244818260555108
2024-02-03,09,Connecticut,111.0,3.0203514546257497
2024-02-10,09,Connecticut,142.0,3.863873032043752
2024-02-17,09,Connecticut,119.0,3.2380344423465246
2024-02-24,09,Connecticut,171.0,4.65297386253156
2024-03-02,09,Connecticut,212.0,5.768599174600531
2024-03-09,09,Connecticut,165.0,4.489711621740979
2024-03-16,09,Connecticut,99.0,2.6938269730445876
2024-03-23,09,Connecticut,83.0,2.2584609976030383
2024-03-30,09,Connecticut,89.0,2.421723238393619
2024-04-06,09,Connecticut,88.0,2.3945128649285223
2024-04-13,09,Connecticut,62.0,1.6870431548360045
2024-04-20,09,Connecticut,57.0,1.5509912875105203
2024-04-27,09,Connecticut,64.0,1.7414639017661981
2024-05-04,09,Connecticut,34.0,0.9251526978132928
2024-05-11,09,Connecticut,22.0,0.5986282162321306
2024-05-18,09,Connecticut,10.0,0.27210373465096843
2024-05-25,09,Connecticut,6.0,0.16326224079058108
2024-06-01,09,Connecticut,4.0,0.10884149386038738
2024-06-08,09,Connecticut,5.0,0.13605186732548422
2024-06-15,09,Connecticut,2.0,0.05442074693019369
2024-06-22,09,Connecticut,3.0,0.08163112039529054
2024-06-29,09,Connecticut,1.0,0.027210373465096846
2024-07-06,09,Connecticut,7.0,0.1904726142556779
2024-07-13,09,Connecticut,3.0,0.08163112039529054
2024-07-20,09,Connecticut,2.0,0.05442074693019369
2024-07-27,09,Connecticut,1.0,0.027210373465096846
2024-08-03,09,Connecticut,3.0,0.08163112039529054
2024-08-10,09,Connecticut,0.0,0.0
2024-08-17,09,Connecticut,2.0,0.05442074693019369
2024-08-24,09,Connecticut,1.0,0.027210373465096846
2024-08-31,09,Connecticut,0.0,0.0
2024-09-07,09,Connecticut,2.0,0.05442074693019369
2024-09-14,09,Connecticut,2.0,0.05442074693019369
2024-09-21,09,Connecticut,0.0,0.0
2024-09-28,09,Connecticut,0.0,0.0
2025-10-04,11,District of Columbia,6.0,0.8543965824136703
2025-10-11,11,District of Columbia,3.0,0.42719829120683517
2025-10-18,11,District of Columbia,2.0,0.2847988608045568
2025-10-25,11,District of Columbia,3.0,0.42719829120683517
2025-11-01,11,District of Columbia,0.0,0.0
2025-11-08,11,District of Columbia,0.0,0.0
2025-11-15,11,District of Columbia,7.0,0.9967960128159488
2025-11-22,11,District of Columbia,14.0,1.9935920256318975
2025-11-29,11,District of Columbia,14.0,1.9935920256318975
2025-12-06,11,District of Columbia,26.0,3.702385190459238
2025-12-13,11,District of Columbia,33.0,4.699181203275187
2025-12-20,11,District of Columbia,47.0,6.692773228907084
2025-12-27,11,District of Columbia,98.0,13.955144179423282
2026-01-03,11,District of Columbia,106.0,15.09433962264151
2026-01-10,11,District of Columbia,83.0,11.819152723389106
2026-01-17,11,District of Columbia,50.0,7.1199715201139195
2026-01-24,11,District of Columbia,33.0,4.699181203275187
2026-01-31,11,District of Columbia,15.0,2.135991456034176
2026-02-07,11,District of Columbia,10.0,1.4239943040227838
2026-02-14,11,District of Columbia,9.0,1.2815948736205056
2026-02-21,11,District of Columbia,7.0,0.9967960128159488
2026-02-28,11,District of Columbia,5.0,0.7119971520113919
2026-03-07,11,District of Columbia,12.0,1.7087931648273407
2026-03-14,11,District of Columbia,8.0,1.1391954432182272
2026-03-21,11,District of Columbia,1.0,0.1423994304022784
2026-03-28,11,District of Columbia,0.0,0.0
2026-04-04,11,District of Columbia,1.0,0.1423994304022784
2026-04-11,11,District of Columbia,1.0,0.1423994304022784
2026-04-18,11,District of Columbia,4.0,0.5695977216091136
2023-10-07,19,Iowa,3.0,0.09255008810768388
2023-10-14,19,Iowa,1.0,0.03085002936922796
2023-10-21,19,Iowa,4.0,0.12340011747691183
2023-10-28,19,Iowa,4.0,0.12340011747691183
2023-11-04,19,Iowa,10.0,0.3085002936922796
2023-11-11,19,Iowa,13.0,0.4010503817999635
2023-11-18,19,Iowa,14.0,0.4319004111691914
2023-11-25,19,Iowa,27.0,0.8329507929691549
2023-12-02,19,Iowa,44.0,1.3574012922460301
2023-12-09,19,Iowa,43.0,1.3265512628768024
2023-12-16,19,Iowa,50.0,1.542501468461398
2023-12-23,19,Iowa,90.0,2.776502643230516
2023-12-30,19,Iowa,99.0,3.054152907553568
2024-01-06,19,Iowa,94.0,2.899902760707428
2024-01-13,19,Iowa,84.0,2.5914024670151488
2024-01-20,19,Iowa,95.0,2.930752790076656
2024-01-27,19,Iowa,76.0,2.344602232061325
2024-02-03,19,Iowa,107.0,3.3009531425073915
2024-02-10,19,Iowa,112.0,3.4552032893535314
2024-02-17,19,Iowa,124.0,3.825403641784267
2024-02-24,19,Iowa,157.0,4.84345461096879
2024-03-02,19,Iowa,180.0,5.553005286461032
2024-03-09,19,Iowa,178.0,5.4913052277225765
2024-03-16,19,Iowa,115.0,3.5477533774612153
2024-03-23,19,Iowa,94.0,2.899902760707428
2024-03-30,19,Iowa,90.0,2.776502643230516
2024-04-06,19,Iowa,82.0,2.529702408276693
2024-04-13,19,Iowa,63.0,1.9435518502613613
2024-04-20,19,Iowa,53.0,1.6350515565690817
2024-04-27,19,Iowa,22.0,0.6787006461230151
2024-05-04,19,Iowa,9.0,0.2776502643230516
2024-05-11,19,Iowa,3.0,0.09255008810768388
2024-05-18,19,Iowa,3.0,0.09255008810768388
2024-05-25,19,Iowa,2.0,0.06170005873845592
2024-06-01,19,Iowa,1.0,0.03085002936922796
2024-06-08,19,Iowa,0.0,0.0
2024-06-15,19,Iowa,1.0,0.03085002936922796
2024-06-22,19,Iowa,0.0,0.0
2024-06-29,19,Iowa,1.0,0.03085002936922796
2024-07-06,19,Iowa,0.0,0.0
2024-07-13,19,Iowa,1.0,0.03085002936922796
2024-07-20,19,Iowa,0.0,0.0
2024-07-27,19,Iowa,1.0,0.03085002936922796
2024-08-03,19,Iowa,0.0,0.0
2024-08-10,19,Iowa,0.0,0.0
2024-08-17,19,Iowa,1.0,0.03085002936922796
2024-08-24,19,Iowa,2.0,0.06170005873845592
2024-08-31,19,Iowa,2.0,0.06170005873845592
2024-09-07,19,Iowa,1.0,0.03085002936922796
2024-09-14,19,Iowa,2.0,0.06170005873845592
2024-09-21,19,Iowa,0.0,0.0
2024-09-28,19,Iowa,1.0,0.03085002936922796
2020-08-08,16,Idaho,,
2020-08-15,16,Idaho,,
2020-08-22,16,Idaho,,
2020-08-29,16,Idaho,,
2020-09-05,16,Idaho,,
2020-09-12,16,Idaho,,
2020-09-19,16,Idaho,,
2020-09-26,16,Idaho,,
2024-10-05,20,Kansas,0.0,0.0
2024-10-12,20,Kansas,0.0,0.0
2024-10-19,20,Kansas,1.0,0.03366316502424085
2024-10-26,20,Kansas,3.0,0.10098949507272253
2024-11-02,20,Kansas,10.0,0.33663165024240843
2024-11-09,20,Kansas,7.0,0.23564215516968592
2024-11-16,20,Kansas,11.0,0.3702948152666493
2024-11-23,20,Kansas,17.0,0.5722738054120944
2024-11-30,20,Kansas,20.0,0.6732633004848169
2024-12-07,20,Kansas,36.0,1.2118739408726704
2024-12-14,20,Kansas,90.0,3.029684852181676
2024-12-21,20,Kansas,120.0,4.039579802908902
2024-12-28,20,Kansas,225.0,7.57421213045419
2025-01-04,20,Kansas,353.0,11.883097253557018
2025-01-11,20,Kansas,236.0,7.944506945720839
2025-01-18,20,Kansas,200.0,6.732633004848169
2025-01-25,20,Kansas,216.0,7.271243645236023
2025-02-01,20,Kansas,390.0,13.12863435945393
2025-02-08,20,Kansas,483.0,16.259308706708328
2025-02-15,20,Kansas,519.0,17.471182647581
2025-02-22,20,Kansas,413.0,13.902887155011468
2025-03-01,20,Kansas,308.0,10.36825482746618
2025-03-08,20,Kansas,251.0,8.449454421084452
2025-03-15,20,Kansas,164.0,5.520759063975499
2025-03-22,20,Kansas,120.0,4.039579802908902
2025-03-29,20,Kansas,68.0,2.2890952216483775
2025-04-05,20,Kansas,40.0,1.3465266009696337
2025-04-12,20,Kansas,29.0,0.9762317857029845
2025-04-19,20,Kansas,29.0,0.9762317857029845
2025-04-26,20,Kansas,9.0,0.3029684852181676
2025-05-03,20,Kansas,6.0,0.20197899014544507
2025-05-10,20,Kansas,4.0,0.1346526600969634
2025-05-17,20,Kansas,8.0,0.2693053201939268
2025-05-24,20,Kansas,11.0,0.3702948152666493
2025-05-31,20,Kansas,9.0,0.3029684852181676
2025-06-07,20,Kansas,2.0,0.0673263300484817
2025-06-14,20,Kansas,1.0,0.03366316502424085
2025-06-21,20,Kansas,5.0,0.16831582512120422
2025-06-28,20,Kansas,6.0,0.20197899014544507
2025-07-05,20,Kansas,3.0,0.10098949507272253
2025-07-12,20,Kansas,2.0,0.0673263300484817
2025-07-19,20,Kansas,3.0,0.10098949507272253
2025-07-26,20,Kansas,3.0,0.10098949507272253
2025-08-02,20,Kansas,3.0,0.10098949507272253
2025-08-09,20,Kansas,1.0,0.03366316502424085
2025-08-16,20,Kansas,0.0,0.0
2025-08-23,20,Kansas,1.0,0.03366316502424085
2025-08-30,20,Kansas,1.0,0.03366316502424085
2025-09-06,20,Kansas,3.0,0.10098949507272253
2025-09-13,20,Kansas,5.0,0.16831582512120422
2025-09-20,20,Kansas,6.0,0.20197899014544507
2025-09-27,20,Kansas,7.0,0.23564215516968592
2020-10-03,22,Louisiana,,
2020-10-10,22,Louisiana,,
2020-10-17,22,Louisiana,0.0,0.0
2020-10-24,22,Louisiana,0.0,0.0
2020-10-31,22,Louisiana,1.0,0.021749816214052992
2020-11-07,22,Louisiana,5.0,0.10874908107026496
2020-11-14,22,Louisiana,23.0,0.5002457729232188
2020-11-21,22,Louisiana,8.0,0.17399852971242394
2020-11-28,22,Louisiana,7.0,0.15224871349837094
2020-12-05,22,Louisiana,9.0,0.1957483459264769
2020-12-12,22,Louisiana,21.0,0.4567461404951128
2020-12-19,22,Louisiana,17.0,0.36974687563890085
2020-12-26,22,Louisiana,17.0,0.36974687563890085
2021-01-02,22,Louisiana,16.0,0.3479970594248479
2021-01-09,22,Louisiana,4.0,0.08699926485621197
2021-01-16,22,Louisiana,5.0,0.10874908107026496
2021-01-23,22,Louisiana,20.0,0.43499632428105983
2021-01-30,22,Louisiana,20.0,0.43499632428105983
2021-02-06,22,Louisiana,12.0,0.2609977945686359
2021-02-13,22,Louisiana,12.0,0.2609977945686359
2021-02-20,22,Louisiana,7.0,0.15224871349837094
2021-02-27,22,Louisiana,19.0,0.41324650806700686
2021-03-06,22,Louisiana,8.0,0.17399852971242394
2021-03-13,22,Louisiana,11.0,0.2392479783545829
2021-03-20,22,Louisiana,1.0,0.021749816214052992
2021-03-27,22,Louisiana,9.0,0.1957483459264769
2021-04-03,22,Louisiana,5.0,0.10874908107026496
2021-04-10,22,Louisiana,9.0,0.1957483459264769
2021-04-17,22,Louisiana,5.0,0.10874908107026496
2021-04-24,22,Louisiana,16.0,0.3479970594248479
2021-05-01,22,Louisiana,5.0,0.10874908107026496
2021-05-08,22,Louisiana,6.0,0.13049889728431796
2021-05-15,22,Louisiana,4.0,0.08699926485621197
2021-05-22,22,Louisiana,6.0,0.13049889728431796
2021-05-29,22,Louisiana,9.0,0.1957483459264769
2021-06-05,22,Louisiana,17.0,0.36974687563890085
2021-06-12,22,Louisiana,14.0,0.30449742699674187
2021-06-19,22,Louisiana,9.0,0.1957483459264769
2021-06-26,22,Louisiana,8.0,0.17399852971242394
2021-07-03,22,Louisiana,9.0,0.1957483459264769
2021-07-10,22,Louisiana,19.0,0.41324650806700686
2021-07-17,22,Louisiana,26.0,0.5654952215653778
2021-07-24,22,Louisiana,2.0,0.043499632428105985
2021-07-31,22,Louisiana,17.0,0.36974687563890085
2021-08-07,22,Louisiana,32.0,0.6959941188496958
2021-08-14,22,Louisiana,18.0,0.3914966918529538
2021-08-21,22,Louisiana,2.0,0.043499632428105985
2021-08-28,22,Louisiana,11.0,0.2392479783545829
2021-09-04,22,Louisiana,10.0,0.21749816214052992
2021-09-11,22,Louisiana,3.0,0.06524944864215898
2021-09-18,22,Louisiana,4.0,0.08699926485621197
2021-09-25,22,Louisiana,6.0,0.13049889728431796
2021-10-02,22,Louisiana,17.0,0.36974687563890085
2022-10-08,24,Maryland,17.0,0.2714258799786691
2022-10-15,24,Maryland,27.0,0.4310881623190627
2022-10-22,24,Maryland,43.0,0.6865478140636925
2022-10-29,24,Maryland,105.0,1.6764539645741328
2022-11-05,24,Maryland,156.0,2.49073160451014
2022-11-12,24,Maryland,214.0,3.416772842084423
2022-11-19,24,Maryland,210.0,3.3529079291482655
2022-11-26,24,Maryland,308.0,4.9175982960841225
2022-12-03,24,Maryland,411.0,6.562119804190177
2022-12-10,24,Maryland,325.0,5.189024176062792
2022-12-17,24,Maryland,261.0,4.167185569084273
2022-12-24,24,Maryland,231.0,3.6881987220630923
2022-12-31,24,Maryland,225.0,3.592401352658856
2023-01-07,24,Maryland,157.0,2.5066978327441793
2023-01-14,24,Maryland,101.0,1.6125890516379753
2023-01-21,24,Maryland,67.0,1.0697372916806371
2023-01-28,24,Maryland,39.0,0.622682901127535
2023-02-04,24,Maryland,51.0,0.8142776399360073
2023-02-11,24,Maryland,41.0,0.6546153575956137
2023-02-18,24,Maryland,26.0,0.41512193408502335
2023-02-25,24,Maryland,26.0,0.41512193408502335
2023-03-04,24,Maryland,13.0,0.20756096704251167
2023-03-11,24,Maryland,16.0,0.25545965174462976
2023-03-18,24,Maryland,10.0,0.1596622823403936
2023-03-25,24,Maryland,21.0,0.33529079291482655
2023-04-01,24,Maryland,9.0,0.14369605410635425
2023-04-08,24,Maryland,12.0,0.19159473880847233
2023-04-15,24,Maryland,13.0,0.20756096704251167
2023-04-22,24,Maryland,10.0,0.1596622823403936
2023-04-29,24,Maryland,10.0,0.1596622823403936
2023-05-06,24,Maryland,15.0,0.2394934235105904
2023-05-13,24,Maryland,11.0,0.17562851057443296
2023-05-20,24,Maryland,5.0,0.0798311411701968
2023-05-27,24,Maryland,6.0,0.09579736940423617
2023-06-03,24,Maryland,8.0,0.12772982587231488
2023-06-10,24,Maryland,5.0,0.0798311411701968
2023-06-17,24,Maryland,2.0,0.03193245646807872
2023-06-24,24,Maryland,8.0,0.12772982587231488
2023-07-01,24,Maryland,0.0,0.0
2023-07-08,24,Maryland,3.0,0.04789868470211808
2023-07-15,24,Maryland,5.0,0.0798311411701968
2023-07-22,24,Maryland,4.0,0.06386491293615744
2023-07-29,24,Maryland,14.0,0.22352719527655104
2023-08-05,24,Maryland,7.0,0.11176359763827552
2023-08-12,24,Maryland,5.0,0.0798311411701968
2023-08-19,24,Maryland,6.0,0.09579736940423617
2023-08-26,24,Maryland,3.0,0.04789868470211808
2023-09-02,24,Maryland,5.0,0.0798311411701968
2023-09-09,24,Maryland,5.0,0.0798311411701968
2023-09-16,24,Maryland,2.0,0.03193245646807872
2023-09-23,24,Maryland,6.0,0.09579736940423617
2023-09-30,24,Maryland,4.0,0.06386491293615744
2022-10-08,27,Minnesota,12.0,0.2071411568591946
2022-10-15,27,Minnesota,3.0,0.05178528921479865
2022-10-22,27,Minnesota,14.0,0.2416646830023937
2022-10-29,27,Minnesota,36.0,0.6214234705775837
2022-11-05,27,Minnesota,83.0,1.4327263349427626
2022-11-12,27,Minnesota,163.0,2.8136673806707266
2022-11-19,27,Minnesota,243.0,4.19460842639869
2022-11-26,27,Minnesota,381.0,6.576731730279429
2022-12-03,27,Minnesota,443.0,7.6469610407186
2022-12-10,27,Minnesota,345.0,5.9553082597018445
2022-12-17,27,Minnesota,247.0,4.263655478685089
2022-12-24,27,Minnesota,162.0,2.796405617599127
2022-12-31,27,Minnesota,176.0,3.038070300601521
2023-01-07,27,Minnesota,80.0,1.3809410457279638
2023-01-14,27,Minnesota,47.0,0.8113028643651788
2023-01-21,27,Minnesota,29.0,0.5005911290763869
2023-01-28,27,Minnesota,18.0,0.31071173528879187
2023-02-04,27,Minnesota,16.0,0.2761882091455928
2023-02-11,27,Minnesota,7.0,0.12083234150119684
2023-02-18,27,Minnesota,9.0,0.15535586764439593
2023-02-25,27,Minnesota,6.0,0.1035705784295973
2023-03-04,27,Minnesota,7.0,0.12083234150119684
2023-03-11,27,Minnesota,5.0,0.08630881535799774
2023-03-18,27,Minnesota,6.0,0.1035705784295973
2023-03-25,27,Minnesota,4.0,0.0690470522863982
2023-04-01,27,Minnesota,10.0,0.17261763071599548
2023-04-08,27,Minnesota,12.0,0.2071411568591946
2023-04-15,27,Minnesota,12.0,0.2071411568591946
2023-04-22,27,Minnesota,8.0,0.1380941045727964
2023-04-29,27,Minnesota,12.0,0.2071411568591946
2023-05-06,27,Minnesota,19.0,0.3279734983603914
2023-05-13,27,Minnesota,13.0,0.22440291993079414
2023-05-20,27,Minnesota,8.0,0.1380941045727964
2023-05-27,27,Minnesota,3.0,0.05178528921479865
2023-06-03,27,Minnesota,1.0,0.01726176307159955
2023-06-10,27,Minnesota,5.0,0.08630881535799774
2023-06-17,27,Minnesota,8.0,0.1380941045727964
2023-06-24,27,Minnesota,2.0,0.0345235261431991
2023-07-01,27,Minnesota,0.0,0.0
2023-07-08,27,Minnesota,1.0,0.01726176307159955
2023-07-15,27,Minnesota,0.0,0.0
2023-07-22,27,Minnesota,0.0,0.0
2023-07-29,27,Minnesota,3.0,0.05178528921479865
2023-08-05,27,Minnesota,2.0,0.0345235261431991
2023-08-12,27,Minnesota,0.0,0.0
2023-08-19,27,Minnesota,0.0,0.0
2023-08-26,27,Minnesota,3.0,0.05178528921479865
2023-09-02,27,Minnesota,0.0,0.0
2023-09-09,27,Minnesota,0.0,0.0
2023-09-16,27,Minnesota,1.0,0.01726176307159955
2023-09-23,27,Minnesota,3.0,0.05178528921479865
2023-09-30,27,Minnesota,2.0,0.0345235261431991
2025-10-04,27,Minnesota,0.0,0.0
2025-10-11,27,Minnesota,7.0,0.12083234150119684
2025-10-18,27,Minnesota,1.0,0.01726176307159955
2025-10-25,27,Minnesota,5.0,0.08630881535799774
2025-11-01,27,Minnesota,4.0,0.0690470522863982
2025-11-08,27,Minnesota,9.0,0.15535586764439593
2025-11-15,27,Minnesota,17.0,0.2934499722171923
2025-11-22,27,Minnesota,34.0,0.5868999444343846
2025-11-29,27,Minnesota,74.0,1.2773704672983666
2025-12-06,27,Minnesota,105.0,1.8124851225179526
2025-12-13,27,Minnesota,257.0,4.4362731094010845
2025-12-20,27,Minnesota,542.0,9.355875584806956
2025-12-27,27,Minnesota,944.0,16.295104339589976
2026-01-03,27,Minnesota,1063.0,18.349254145110322
2026-01-10,27,Minnesota,705.0,12.169542965477682
2026-01-17,27,Minnesota,415.0,7.163631674713813
2026-01-24,27,Minnesota,329.0,5.679120050556252
2026-01-31,27,Minnesota,211.0,3.642232008107505
2026-02-07,27,Minnesota,183.0,3.1589026421027175
2026-02-14,27,Minnesota,200.0,3.45235261431991
2026-02-21,27,Minnesota,196.0,3.3833055620335117
2026-02-28,27,Minnesota,136.0,2.3475997777375386
2026-03-07,27,Minnesota,157.0,2.710096802241129
2026-03-14,27,Minnesota,130.0,2.2440291993079415
2026-03-21,27,Minnesota,114.0,1.9678409901623486
2026-03-28,27,Minnesota,36.0,0.6214234705775837
2026-04-04,27,Minnesota,33.0,0.5696381813627851
2026-04-11,27,Minnesota,25.0,0.43154407678998874
2026-04-18,27,Minnesota,23.0,0.39702055064678965
2025-10-04,30,Montana,6.0,0.5275963676748741
2025-10-11,30,Montana,2.0,0.17586545589162467
2025-10-18,30,Montana,5.0,0.4396636397290617
2025-10-25,30,Montana,6.0,0.5275963676748741
2025-11-01,30,Montana,1.0,0.08793272794581233
2025-11-08,30,Montana,1.0,0.08793272794581233
2025-11-15,30,Montana,7.0,0.6155290956206864
2025-11-22,30,Montana,4.0,0.35173091178324933
2025-11-29,30,Montana,13.0,1.1431254632955603
2025-12-06,30,Montana,16.0,1.4069236471329973
2025-12-13,30,Montana,24.0,2.1103854706994962
2025-12-20,30,Montana,40.0,3.5173091178324936
2025-12-27,30,Montana,122.0,10.727792809389104
2026-01-03,30,Montana,151.0,13.277841919817662
2026-01-10,30,Montana,123.0,10.815725537334917
2026-01-17,30,Montana,82.0,7.210483691556612
2026-01-24,30,Montana,64.0,5.627694588531989
2026-01-31,30,Montana,79.0,6.946685507719175
2026-02-07,30,Montana,84.0,7.386349147448236
2026-02-14,30,Montana,92.0,8.089810971014735
2026-02-21,30,Montana,53.0,4.660434581128054
2026-02-28,30,Montana,47.0,4.13283821345318
2026-03-07,30,Montana,38.0,3.3414436619408687
2026-03-14,30,Montana,51.0,4.484569125236429
2026-03-21,30,Montana,34.0,2.9897127501576195
2026-03-28,30,Montana,13.0,1.1431254632955603
2026-04-04,30,Montana,14.0,1.2310581912413727
2026-04-11,30,Montana,9.0,0.791394551512311
2026-04-18,30,Montana,5.0,0.4396636397290617
2024-10-05,33,New Hampshire,0.0,0.0
2024-10-12,33,New Hampshire,0.0,0.0
2024-10-19,33,New Hampshire,0.0,0.0
2024-10-26,33,New Hampshire,0.0,0.0
2024-11-02,33,New Hampshire,1.0,0.07097070896899432
2024-11-09,33,New Hampshire,5.0,0.35485354484497156
2024-11-16,33,New Hampshire,6.0,0.4258242538139659
2024-11-23,33,New Hampshire,11.0,0.7806777986589375
2024-11-30,33,New Hampshire,14.0,0.9935899255659204
2024-12-07,33,New Hampshire,16.0,1.1355313435039092
2024-12-14,33,New Hampshire,22.0,1.561355597317875
2024-12-21,33,New Hampshire,24.0,1.7032970152558635
2024-12-28,33,New Hampshire,53.0,3.7614475753566987
2025-01-04,33,New Hampshire,108.0,7.664836568651387
2025-01-11,33,New Hampshire,90.0,6.387363807209488
2025-01-18,33,New Hampshire,86.0,6.103480971333512
2025-01-25,33,New Hampshire,144.0,10.219782091535182
2025-02-01,33,New Hampshire,174.0,12.34890336060501
2025-02-08,33,New Hampshire,203.0,14.407053920705847
2025-02-15,33,New Hampshire,205.0,14.548995338643834
2025-02-22,33,New Hampshire,212.0,15.045790301426795
2025-03-01,33,New Hampshire,190.0,13.48443470410892
2025-03-08,33,New Hampshire,145.0,10.290752800504176
2025-03-15,33,New Hampshire,79.0,5.606686008550551
2025-03-22,33,New Hampshire,53.0,3.7614475753566987
2025-03-29,33,New Hampshire,34.0,2.4130041049458066
2025-04-05,33,New Hampshire,17.0,1.2065020524729033
2025-04-12,33,New Hampshire,22.0,1.561355597317875
2025-04-19,33,New Hampshire,22.0,1.561355597317875
2025-04-26,33,New Hampshire,9.0,0.6387363807209488
2025-05-03,33,New Hampshire,6.0,0.4258242538139659
2025-05-10,33,New Hampshire,8.0,0.5677656717519546
2025-05-17,33,New Hampshire,3.0,0.21291212690698294
2025-05-24,33,New Hampshire,1.0,0.07097070896899432
2025-05-31,33,New Hampshire,3.0,0.21291212690698294
2025-06-07,33,New Hampshire,1.0,0.07097070896899432
2025-06-14,33,New Hampshire,2.0,0.14194141793798865
2025-06-21,33,New Hampshire,2.0,0.14194141793798865
2025-06-28,33,New Hampshire,0.0,0.0
2025-07-05,33,New Hampshire,1.0,0.07097070896899432
2025-07-12,33,New Hampshire,3.0,0.21291212690698294
2025-07-19,33,New Hampshire,1.0,0.07097070896899432
2025-07-26,33,New Hampshire,3.0,0.21291212690698294
2025-08-02,33,New Hampshire,3.0,0.21291212690698294
2025-08-09,33,New Hampshire,3.0,0.21291212690698294
2025-08-16,33,New Hampshire,5.0,0.35485354484497156
2025-08-23,33,New Hampshire,0.0,0.0
2025-08-30,33,New Hampshire,2.0,0.14194141793798865
2025-09-06,33,New Hampshire,0.0,0.0
2025-09-13,33,New Hampshire,0.0,0.0
2025-09-20,33,New Hampshire,1.0,0.07097070896899432
2025-09-27,33,New Hampshire,0.0,0.0
2021-10-09,35,New Mexico,1.0,0.04694271486619449
2021-10-16,35,New Mexico,0.0,0.0
2021-10-23,35,New Mexico,2.0,0.09388542973238898
2021-10-30,35,New Mexico,0.0,0.0
2021-11-06,35,New Mexico,2.0,0.09388542973238898
2021-11-13,35,New Mexico,1.0,0.04694271486619449
2021-11-20,35,New Mexico,1.0,0.04694271486619449
2021-11-27,35,New Mexico,0.0,0.0
2021-12-04,35,New Mexico,4.0,0.18777085946477795
2021-12-11,35,New Mexico,0.0,0.0
2021-12-18,35,New Mexico,6.0,0.2816562891971669
2021-12-25,35,New Mexico,1.0,0.04694271486619449
2022-01-01,35,New Mexico,3.0,0.14082814459858345
2022-01-08,35,New Mexico,3.0,0.14082814459858345
2022-01-15,35,New Mexico,2.0,0.09388542973238898
2022-01-22,35,New Mexico,0.0,0.0
2022-01-29,35,New Mexico,0.0,0.0
2022-02-05,35,New Mexico,9.0,0.42248443379575035
2022-02-12,35,New Mexico,4.0,0.18777085946477795
2022-02-19,35,New Mexico,5.0,0.23471357433097242
2022-02-26,35,New Mexico,4.0,0.18777085946477795
2022-03-05,35,New Mexico,4.0,0.18777085946477795
2022-03-12,35,New Mexico,6.0,0.2816562891971669
2022-03-19,35,New Mexico,15.0,0.7041407229929173
2022-03-26,35,New Mexico,36.0,1.6899377351830014
2022-04-02,35,New Mexico,39.0,1.830765879781585
2022-04-09,35,New Mexico,43.0,2.018536739246363
2022-04-16,35,New Mexico,28.0,1.3143960162534456
2022-04-23,35,New Mexico,41.0,1.924651309513974
2022-04-30,35,New Mexico,51.0,2.394078458175919
2022-05-07,35,New Mexico,70.0,3.2859900406336138
2022-05-14,35,New Mexico,37.0,1.736880450049196
2022-05-21,35,New Mexico,61.0,2.8635056068378635
2022-05-28,35,New Mexico,50.0,2.347135743309724
2022-06-04,35,New Mexico,53.0,2.487963887908308
2022-06-11,35,New Mexico,23.0,1.079682441922473
2022-06-18,35,New Mexico,15.0,0.7041407229929173
2022-06-25,35,New Mexico,6.0,0.2816562891971669
2022-07-02,35,New Mexico,12.0,0.5633125783943338
2022-07-09,35,New Mexico,0.0,0.0
2022-07-16,35,New Mexico,5.0,0.23471357433097242
2022-07-23,35,New Mexico,4.0,0.18777085946477795
2022-07-30,35,New Mexico,1.0,0.04694271486619449
2022-08-06,35,New Mexico,1.0,0.04694271486619449
2022-08-13,35,New Mexico,10.0,0.46942714866194485
2022-08-20,35,New Mexico,6.0,0.2816562891971669
2022-08-27,35,New Mexico,6.0,0.2816562891971669
2022-09-03,35,New Mexico,17.0,0.7980261527253063
2022-09-10,35,New Mexico,11.0,0.5163698635281393
2022-09-17,35,New Mexico,4.0,0.18777085946477795
2022-09-24,35,New Mexico,6.0,0.2816562891971669
2022-10-01,35,New Mexico,14.0,0.6571980081267228
2020-08-08,,,,
2020-08-15,,,,
2020-08-22,,,,
2020-08-29,,,,
2020-09-05,,,,
2020-09-12,,,,
2020-09-19,,,,
2020-09-26,,,,
2022-10-08,,,100.0,
2022-10-15,,,134.0,
2022-10-22,,,178.0,
2022-10-29,,,413.0,
2022-11-05,,,663.0,
2022-11-12,,,945.0,
2022-11-19,,,1428.0,
2022-11-26,,,2724.0,
2022-12-03,,,4248.0,
2022-12-10,,,4171.0,
2022-12-17,,,4060.0,
2022-12-24,,,3735.0,
2022-12-31,,,3624.0,
2023-01-07,,,2409.0,
2023-01-14,,,1078.0,
2023-01-21,,,598.0,
2023-01-28,,,369.0,
2023-02-04,,,252.0,
2023-02-11,,,207.0,
2023-02-18,,,188.0,
2023-02-25,,,163.0,
2023-03-04,,,157.0,
2023-03-11,,,125.0,
2023-03-18,,,126.0,
2023-03-25,,,114.0,
2023-04-01,,,140.0,
2023-04-08,,,102.0,
2023-04-15,,,116.0,
2023-04-22,,,74.0,
2023-04-29,,,75.0,
2023-05-06,,,105.0,
2023-05-13,,,100.0,
2023-05-20,,,285.0,
2023-05-27,,,90.0,
2023-06-03,,,69.0,
2023-06-10,,,75.0,
2023-06-17,,,76.0,
2023-06-24,,,49.0,
2023-07-01,,,68.0,
2023-07-08,,,60.0,
2023-07-15,,,63.0,
2023-07-22,,,61.0,
2023-07-29,,,140.0,
2023-08-05,,,35.0,
2023-08-12,,,48.0,
2023-08-19,,,40.0,
2023-08-26,,,53.0,
2023-09-02,,,42.0,
2023-09-09,,,38.0,
2023-09-16,,,49.0,
2023-09-23,,,58.0,
2023-09-30,,,69.0,
2023-10-07,,,77.0,
2023-10-14,,,91.0,
2023-10-21,,,102.0,
2023-10-28,,,94.0,
2023-11-04,,,157.0,
2023-11-11,,,206.0,
2023-11-18,,,304.0,
2023-11-25,,,423.0,
2023-12-02,,,647.0,
2023-12-09,,,864.0,
2023-12-16,,,1199.0,
2023-12-23,,,1844.0,
2023-12-30,,,2823.0,
2024-01-06,,,2507.0,
2024-01-13,,,2172.0,
2024-01-20,,,1886.0,
2024-01-27,,,1966.0,
2024-02-03,,,2123.0,
2024-02-10,,,2345.0,
2024-02-17,,,2462.0,
2024-02-24,,,2737.0,
2024-03-02,,,2757.0,
2024-03-09,,,2525.0,
2024-03-16,,,1828.0,
2024-03-23,,,1480.0,
2024-03-30,,,1391.0,
2024-04-06,,,1304.0,
2024-04-13,,,981.0,
2024-04-20,,,582.0,
2024-04-27,,,411.0,
2024-05-04,,,241.0,
2024-05-11,,,94.0,
2024-05-18,,,75.0,
2024-05-25,,,56.0,
2024-06-01,,,37.0,
2024-06-08,,,25.0,
2024-06-15,,,24.0,
2024-06-22,,,27.0,
2024-06-29,,,24.0,
2024-07-06,,,26.0,
2024-07-13,,,22.0,
2024-07-20,,,18.0,
2024-07-27,,,14.0,
2024-08-03,,,10.0,
2024-08-10,,,17.0,
2024-08-17,,,21.0,
2024-08-24,,,22.0,
2024-08-31,,,15.0,
2024-09-07,,,13.0,
2024-09-14,,,30.0,
2024-09-21,,,27.0,
2024-09-28,,,18.0,
2020-10-03,,,,
2020-10-10,,,0.0,
2020-10-17,,,3.0,
2020-10-24,,,83.0,
2020-10-31,,,157.0,
2020-11-07,,,215.0,
2020-11-14,,,227.0,
2020-11-21,,,206.0,
2020-11-28,,,253.0,
2020-12-05,,,283.0,
2020-12-12,,,258.0,
2020-12-19,,,318.0,
2020-12-26,,,301.0,
2021-01-02,,,309.0,
2021-01-09,,,171.0,
2021-01-16,,,152.0,
2021-01-23,,,383.0,
2021-01-30,,,173.0,
2021-02-06,,,180.0,
2021-02-13,,,157.0,
2021-02-20,,,140.0,
2021-02-27,,,117.0,
2021-03-06,,,110.0,
2021-03-13,,,155.0,
2021-03-20,,,69.0,
2021-03-27,,,82.0,
2021-04-03,,,87.0,
2021-04-10,,,94.0,
2021-04-17,,,73.0,
2021-04-24,,,90.0,
2021-05-01,,,75.0,
2021-05-08,,,56.0,
2021-05-15,,,54.0,
2021-05-22,,,59.0,
2021-05-29,,,58.0,
2021-06-05,,,81.0,
2021-06-12,,,61.0,
2021-06-19,,,53.0,
2021-06-26,,,56.0,
2021-07-03,,,70.0,
2021-07-10,,,102.0,
2021-07-17,,,120.0,
2021-07-24,,,88.0,
2021-07-31,,,68.0,
2021-08-07,,,86.0,
2021-08-14,,,47.0,
2021-08-21,,,24.0,
2021-08-28,,,35.0,
2021-09-04,,,39.0,
2021-09-11,,,35.0,
2021-09-18,,,30.0,
2021-09-25,,,35.0,
2021-10-02,,,36.0,
2020-08-08,,,,
2020-08-15,,,,
2020-08-22,,,,
2020-08-29,,,,
2020-09-05,,,,
2020-09-12,,,,
2020-09-19,,,,
2020-09-26,,,,
2025-10-04,,,129.0,
2025-10-11,,,117.0,
2025-10-18,,,135.0,
2025-10-25,,,158.0,
2025-11-01,,,189.0,
2025-11-08,,,210.0,
2025-11-15,,,219.0,
2025-11-22,,,260.0,
2025-11-29,,,313.0,
2025-12-06,,,379.0,
2025-12-13,,,633.0,
2025-12-20,,,1063.0,
2025-12-27,,,1925.0,
2026-01-03,,,2289.0,
2026-01-10,,,2005.0,
2026-01-17,,,1724.0,
2026-01-24,,,1967.0,
2026-01-31,,,2052.0,
2026-02-07,,,2559.0,
2026-02-14,,,2710.0,
2026-02-21,,,2031.0,
2026-02-28,,,1676.0,
2026-03-07,,,1291.0,
2026-03-14,,,943.0,
2026-03-21,,,912.0,
2026-03-28,,,598.0,
2026-04-04,,,417.0,
2026-04-11,,,345.0,
2026-04-18,,,257.0,
2021-10-09,48,Texas,20.0,0.06391648722911833
2021-10-16,48,Texas,13.0,0.04154571669892691
2021-10-23,48,Texas,6.0,0.0191749461687355
2021-10-30,48,Texas,15.0,0.04793736542183875
2021-11-06,48,Texas,18.0,0.0575248385062065
2021-11-13,48,Texas,20.0,0.06391648722911833
2021-11-20,48,Texas,23.0,0.07350396031348608
2021-11-27,48,Texas,18.0,0.0575248385062065
2021-12-04,48,Texas,35.0,0.11185385265095708
2021-12-11,48,Texas,34.0,0.10865802828950116
2021-12-18,48,Texas,54.0,0.1725745155186195
2021-12-25,48,Texas,55.0,0.1757703398800754
2022-01-01,48,Texas,75.0,0.23968682710919376
2022-01-08,48,Texas,73.0,0.23329517838628192
2022-01-15,48,Texas,49.0,0.1565953937113399
2022-01-22,48,Texas,61.0,0.19494528604881092
2022-01-29,48,Texas,55.0,0.1757703398800754
2022-02-05,48,Texas,86.0,0.2748408950852088
2022-02-12,48,Texas,131.0,0.4186529913507251
2022-02-19,48,Texas,226.0,0.7222563056890372
2022-02-26,48,Texas,323.0,1.032251268750261
2022-03-05,48,Texas,305.0,0.9747264302440546
2022-03-12,48,Texas,405.0,1.2943088663896463
2022-03-19,48,Texas,589.0,1.8823405488975349
2022-03-26,48,Texas,594.0,1.8983196707048144
2022-04-02,48,Texas,519.0,1.6586328435956208
2022-04-09,48,Texas,338.0,1.0801886341720999
2022-04-16,48,Texas,319.0,1.0194679713044374
2022-04-23,48,Texas,407.0,1.3007005151125581
2022-04-30,48,Texas,168.0,0.536898492724594
2022-05-07,48,Texas,128.0,0.40906551826635734
2022-05-14,48,Texas,142.0,0.45380705932674015
2022-05-21,48,Texas,128.0,0.40906551826635734
2022-05-28,48,Texas,115.0,0.3675198015674304
2022-06-04,48,Texas,88.0,0.2812325438081207
2022-06-11,48,Texas,76.0,0.24288265147064966
2022-06-18,48,Texas,110.0,0.3515406797601508
2022-06-25,48,Texas,92.0,0.2940158412539443
2022-07-02,48,Texas,80.0,0.2556659489164733
2022-07-09,48,Texas,56.0,0.17896616424153133
2022-07-16,48,Texas,83.0,0.26525342200084107
2022-07-23,48,Texas,81.0,0.25886177327792925
2022-07-30,48,Texas,62.0,0.19814111041026683
2022-08-06,48,Texas,60.0,0.191749461687355
2022-08-13,48,Texas,64.0,0.20453275913317867
2022-08-20,48,Texas,89.0,0.28442836816957656
2022-08-27,48,Texas,71.0,0.22690352966337007
2022-09-03,48,Texas,95.0,0.30360331433831206
2022-09-10,48,Texas,105.0,0.33556155795287124
2022-09-17,48,Texas,123.0,0.3930863964590777
2022-09-24,48,Texas,215.0,0.687102237713022
2022-10-01,48,Texas,127.0,0.4058696939049014
2020-10-03,53,Washington,,
2020-10-10,53,Washington,,
2020-10-17,53,Washington,0.0,0.0
2020-10-24,53,Washington,0.0,0.0
2020-10-31,53,Washington,0.0,0.0
2020-11-07,53,Washington,0.0,0.0
2020-11-14,53,Washington,2.0,0.0251313742589386
2020-11-21,53,Washington,2.0,0.0251313742589386
2020-11-28,53,Washington,3.0,0.0376970613884079
2020-12-05,53,Washington,3.0,0.0376970613884079
2020-12-12,53,Washington,3.0,0.0376970613884079
2020-12-19,53,Washington,1.0,0.0125656871294693
2020-12-26,53,Washington,3.0,0.0376970613884079
2021-01-02,53,Washington,0.0,0.0
2021-01-09,53,Washington,2.0,0.0251313742589386
2021-01-16,53,Washington,0.0,0.0
2021-01-23,53,Washington,0.0,0.0
2021-01-30,53,Washington,0.0,0.0
2021-02-06,53,Washington,0.0,0.0
2021-02-13,53,Washington,1.0,0.0125656871294693
2021-02-20,53,Washington,2.0,0.0251313742589386
2021-02-27,53,Washington,3.0,0.0376970613884079
2021-03-06,53,Washington,5.0,0.0628284356473465
2021-03-13,53,Washington,1.0,0.0125656871294693
2021-03-20,53,Washington,3.0,0.0376970613884079
2021-03-27,53,Washington,1.0,0.0125656871294693
2021-04-03,53,Washington,1.0,0.0125656871294693
2021-04-10,53,Washington,1.0,0.0125656871294693
2021-04-17,53,Washington,0.0,0.0
2021-04-24,53,Washington,2.0,0.0251313742589386
2021-05-01,53,Washington,0.0,0.0
2021-05-08,53,Washington,2.0,0.0251313742589386
2021-05-15,53,Washington,5.0,0.0628284356473465
2021-05-22,53,Washington,3.0,0.0376970613884079
2021-05-29,53,Washington,0.0,0.0
2021-06-05,53,Washington,0.0,0.0
2021-06-12,53,Washington,0.0,0.0
2021-06-19,53,Washington,0.0,0.0
2021-06-26,53,Washington,0.0,0.0
2021-07-03,53,Washington,0.0,0.0
2021-07-10,53,Washington,0.0,0.0
2021-07-17,53,Washington,0.0,0.0
2021-07-24,53,Washington,1.0,0.0125656871294693
2021-07-31,53,Washington,0.0,0.0
2021-08-07,53,Washington,1.0,0.0125656871294693
2021-08-14,53,Washington,0.0,0.0
2021-08-21,53,Washington,1.0,0.0125656871294693
2021-08-28,53,Washington,0.0,0.0
2021-09-04,53,Washington,0.0,0.0
2021-09-11,53,Washington,0.0,0.0
2021-09-18,53,Washington,0.0,0.0
2021-09-25,53,Washington,1.0,0.0125656871294693
2021-10-02,53,Washington,3.0,0.0376970613884079
2024-10-05,54,West Virginia,,
2024-10-12,54,West Virginia,0.0,0.0
2024-10-19,54,West Virginia,0.0,0.0
2024-10-26,54,West Virginia,0.0,0.0
2024-11-02,54,West Virginia,0.0,0.0
2024-11-09,54,West Virginia,6.0,0.3389870727279815
2024-11-16,54,West Virginia,4.0,0.22599138181865436
2024-11-23,54,West Virginia,4.0,0.22599138181865436
2024-11-30,54,West Virginia,3.0,0.16949353636399075
2024-12-07,54,West Virginia,13.0,0.7344719909106266
2024-12-14,54,West Virginia,21.0,1.1864547545479354
2024-12-21,54,West Virginia,37.0,2.090420281822553
2024-12-28,54,West Virginia,108.0,6.101767309103668
2025-01-04,54,West Virginia,199.0,11.243071245478054
2025-01-11,54,West Virginia,144.0,8.135689745471556
2025-01-18,54,West Virginia,133.0,7.514213445470257
2025-01-25,54,West Virginia,160.0,9.039655272746174
2025-02-01,54,West Virginia,267.0,15.084924736395177
2025-02-08,54,West Virginia,458.0,25.876013218235922
2025-02-15,54,West Virginia,617.0,34.859170645527435
2025-02-22,54,West Virginia,640.0,36.158621090984695
2025-03-01,54,West Virginia,511.0,28.870399027333093
2025-03-08,54,West Virginia,458.0,25.876013218235922
2025-03-15,54,West Virginia,347.0,19.604752372768264
2025-03-22,54,West Virginia,275.0,15.536907500032486
2025-03-29,54,West Virginia,168.0,9.491638036383483
2025-04-05,54,West Virginia,102.0,5.7627802363756855
2025-04-12,54,West Virginia,47.0,2.6553987363691887
2025-04-19,54,West Virginia,26.0,1.4689439818212533
2025-04-26,54,West Virginia,18.0,1.0169612181839445
2025-05-03,54,West Virginia,10.0,0.5649784545466359
2025-05-10,54,West Virginia,6.0,0.3389870727279815
2025-05-17,54,West Virginia,5.0,0.28248922727331793
2025-05-24,54,West Virginia,1.0,0.05649784545466359
2025-05-31,54,West Virginia,1.0,0.05649784545466359
2025-06-07,54,West Virginia,7.0,0.3954849181826451
2025-06-14,54,West Virginia,0.0,0.0
2025-06-21,54,West Virginia,2.0,0.11299569090932718
2025-06-28,54,West Virginia,1.0,0.05649784545466359
2025-07-05,54,West Virginia,1.0,0.05649784545466359
2025-07-12,54,West Virginia,3.0,0.16949353636399075
2025-07-19,54,West Virginia,0.0,0.0
2025-07-26,54,West Virginia,0.0,0.0
2025-08-02,54,West Virginia,1.0,0.05649784545466359
2025-08-09,54,West Virginia,2.0,0.11299569090932718
2025-08-16,54,West Virginia,0.0,0.0
2025-08-23,54,West Virginia,0.0,0.0
2025-08-30,54,West Virginia,0.0,0.0
2025-09-06,54,West Virginia,0.0,0.0
2025-09-13,54,West Virginia,1.0,0.05649784545466359
2025-09-20,54,West Virginia,0.0,0.0
2025-09-27,54,West Virginia,2.0,0.11299569090932718
2020-10-03,12,Florida,,
2020-10-10,12,Florida,,
2020-10-17,12,Florida,0.0,0.0
2020-10-24,12,Florida,21.0,0.08985027734855254
2020-10-31,12,Florida,21.0,0.08985027734855254
2020-11-07,12,Florida,30.0,0.1283575390693608
2020-11-14,12,Florida,38.0,0.16258621615452365
2020-11-21,12,Florida,34.0,0.14547187761194222
2020-11-28,12,Florida,46.0,0.1968148932396865
2020-12-05,12,Florida,31.0,0.13263612370500613
2020-12-12,12,Florida,38.0,0.16258621615452365
2020-12-19,12,Florida,34.0,0.14547187761194222
2020-12-26,12,Florida,47.0,0.20109347787533188
2021-01-02,12,Florida,24.0,0.10268603125548863
2021-01-09,12,Florida,33.0,0.14119329297629685
2021-01-16,12,Florida,47.0,0.20109347787533188
2021-01-23,12,Florida,50.0,0.21392923178226797
2021-01-30,12,Florida,41.0,0.17542197006145974
2021-02-06,12,Florida,52.0,0.22248640105355869
2021-02-13,12,Florida,51.0,0.21820781641791331
2021-02-20,12,Florida,42.0,0.17970055469710508
2021-02-27,12,Florida,41.0,0.17542197006145974
2021-03-06,12,Florida,43.0,0.18397913933275045
2021-03-13,12,Florida,25.0,0.10696461589113399
2021-03-20,12,Florida,55.0,0.23532215496049474
2021-03-27,12,Florida,49.0,0.2096506471466226
2021-04-03,12,Florida,56.0,0.23960073959614012
2021-04-10,12,Florida,39.0,0.16686480079016902
2021-04-17,12,Florida,39.0,0.16686480079016902
2021-04-24,12,Florida,49.0,0.2096506471466226
2021-05-01,12,Florida,31.0,0.13263612370500613
2021-05-08,12,Florida,38.0,0.16258621615452365
2021-05-15,12,Florida,35.0,0.14975046224758756
2021-05-22,12,Florida,35.0,0.14975046224758756
2021-05-29,12,Florida,31.0,0.13263612370500613
2021-06-05,12,Florida,23.0,0.09840744661984326
2021-06-12,12,Florida,13.0,0.05562160026338967
2021-06-19,12,Florida,12.0,0.051343015627744314
2021-06-26,12,Florida,20.0,0.08557169271290718
2021-07-03,12,Florida,20.0,0.08557169271290718
2021-07-10,12,Florida,22.0,0.0941288619841979
2021-07-17,12,Florida,39.0,0.16686480079016902
2021-07-24,12,Florida,25.0,0.10696461589113399
2021-07-31,12,Florida,22.0,0.0941288619841979
2021-08-07,12,Florida,39.0,0.16686480079016902
2021-08-14,12,Florida,32.0,0.1369147083406515
2021-08-21,12,Florida,29.0,0.12407895443371542
2021-08-28,12,Florida,21.0,0.08985027734855254
2021-09-04,12,Florida,11.0,0.04706443099209895
2021-09-11,12,Florida,15.0,0.0641787695346804
2021-09-18,12,Florida,28.0,0.11980036979807006
2021-09-25,12,Florida,19.0,0.08129310807726182
2021-10-02,12,Florida,19.0,0.08129310807726182
2024-10-05,16,Idaho,0.0,0.0
2024-10-12,16,Idaho,3.0,0.14987867321403325
2024-10-19,16,Idaho,6.0,0.2997573464280665
2024-10-26,16,Idaho,1.0,0.04995955773801108
2024-11-02,16,Idaho,6.0,0.2997573464280665
2024-11-09,16,Idaho,8.0,0.3996764619040886
2024-11-16,16,Idaho,12.0,0.599514692856133
2024-11-23,16,Idaho,32.0,1.5987058476163545
2024-11-30,16,Idaho,63.0,3.147452137494698
2024-12-07,16,Idaho,78.0,3.8968455035648644
2024-12-14,16,Idaho,110.0,5.495551351181219
2024-12-21,16,Idaho,188.0,9.392396854746083
2024-12-28,16,Idaho,333.0,16.63653272675769
2025-01-04,16,Idaho,252.0,12.589808549978793
2025-01-11,16,Idaho,136.0,6.794499852369507
2025-01-18,16,Idaho,125.0,6.244944717251385
2025-01-25,16,Idaho,105.0,5.2457535624911635
2025-02-01,16,Idaho,162.0,8.093448353557795
2025-02-08,16,Idaho,175.0,8.74292260415194
2025-02-15,16,Idaho,152.0,7.593852776177684
2025-02-22,16,Idaho,152.0,7.593852776177684
2025-03-01,16,Idaho,124.0,6.194985159513374
2025-03-08,16,Idaho,95.0,4.7461579851110525
2025-03-15,16,Idaho,99.0,4.945996216063097
2025-03-22,16,Idaho,83.0,4.14664329225492
2025-03-29,16,Idaho,50.0,2.497977886900554
2025-04-05,16,Idaho,27.0,1.3489080589262992
2025-04-12,16,Idaho,27.0,1.3489080589262992
2025-04-19,16,Idaho,13.0,0.649474250594144
2025-04-26,16,Idaho,21.0,1.0491507124982327
2025-05-03,16,Idaho,16.0,0.7993529238081772
2025-05-10,16,Idaho,11.0,0.5495551351181219
2025-05-17,16,Idaho,11.0,0.5495551351181219
2025-05-24,16,Idaho,11.0,0.5495551351181219
2025-05-31,16,Idaho,5.0,0.2497977886900554
2025-06-07,16,Idaho,7.0,0.34971690416607754
2025-06-14,16,Idaho,9.0,0.4496360196420997
2025-06-21,16,Idaho,7.0,0.34971690416607754
2025-06-28,16,Idaho,1.0,0.04995955773801108
2025-07-05,16,Idaho,5.0,0.2497977886900554
2025-07-12,16,Idaho,4.0,0.1998382309520443
2025-07-19,16,Idaho,2.0,0.09991911547602216
2025-07-26,16,Idaho,2.0,0.09991911547602216
2025-08-02,16,Idaho,2.0,0.09991911547602216
2025-08-09,16,Idaho,2.0,0.09991911547602216
2025-08-16,16,Idaho,1.0,0.04995955773801108
2025-08-23,16,Idaho,1.0,0.04995955773801108
2025-08-30,16,Idaho,3.0,0.14987867321403325
2025-09-06,16,Idaho,0.0,0.0
2025-09-13,16,Idaho,3.0,0.14987867321403325
2025-09-20,16,Idaho,1.0,0.04995955773801108
2025-09-27,16,Idaho,0.0,0.0
2020-10-03,17,Illinois,,
2020-10-10,17,Illinois,,
2020-10-17,17,Illinois,0.0,0.0
2020-10-24,17,Illinois,1.0,0.007867722808795925
2020-10-31,17,Illinois,4.0,0.0314708912351837
2020-11-07,17,Illinois,7.0,0.05507405966157148
2020-11-14,17,Illinois,3.0,0.023603168426387777
2020-11-21,17,Illinois,5.0,0.039338614043979626
2020-11-28,17,Illinois,11.0,0.08654495089675518
2020-12-05,17,Illinois,6.0,0.04720633685277555
2020-12-12,17,Illinois,2.0,0.01573544561759185
2020-12-19,17,Illinois,3.0,0.023603168426387777
2020-12-26,17,Illinois,3.0,0.023603168426387777
2021-01-02,17,Illinois,8.0,0.0629417824703674
2021-01-09,17,Illinois,10.0,0.07867722808795925
2021-01-16,17,Illinois,4.0,0.0314708912351837
2021-01-23,17,Illinois,1.0,0.007867722808795925
2021-01-30,17,Illinois,1.0,0.007867722808795925
2021-02-06,17,Illinois,8.0,0.0629417824703674
2021-02-13,17,Illinois,1.0,0.007867722808795925
2021-02-20,17,Illinois,1.0,0.007867722808795925
2021-02-27,17,Illinois,2.0,0.01573544561759185
2021-03-06,17,Illinois,2.0,0.01573544561759185
2021-03-13,17,Illinois,0.0,0.0
2021-03-20,17,Illinois,0.0,0.0
2021-03-27,17,Illinois,2.0,0.01573544561759185
2021-04-03,17,Illinois,7.0,0.05507405966157148
2021-04-10,17,Illinois,7.0,0.05507405966157148
2021-04-17,17,Illinois,3.0,0.023603168426387777
2021-04-24,17,Illinois,1.0,0.007867722808795925
2021-05-01,17,Illinois,3.0,0.023603168426387777
2021-05-08,17,Illinois,1.0,0.007867722808795925
2021-05-15,17,Illinois,2.0,0.01573544561759185
2021-05-22,17,Illinois,3.0,0.023603168426387777
2021-05-29,17,Illinois,2.0,0.01573544561759185
2021-06-05,17,Illinois,3.0,0.023603168426387777
2021-06-12,17,Illinois,1.0,0.007867722808795925
2021-06-19,17,Illinois,3.0,0.023603168426387777
2021-06-26,17,Illinois,4.0,0.0314708912351837
2021-07-03,17,Illinois,4.0,0.0314708912351837
2021-07-10,17,Illinois,5.0,0.039338614043979626
2021-07-17,17,Illinois,5.0,0.039338614043979626
2021-07-24,17,Illinois,6.0,0.04720633685277555
2021-07-31,17,Illinois,6.0,0.04720633685277555
2021-08-07,17,Illinois,6.0,0.04720633685277555
2021-08-14,17,Illinois,5.0,0.039338614043979626
2021-08-21,17,Illinois,4.0,0.0314708912351837
2021-08-28,17,Illinois,0.0,0.0
2021-09-04,17,Illinois,1.0,0.007867722808795925
2021-09-11,17,Illinois,1.0,0.007867722808795925
2021-09-18,17,Illinois,0.0,0.0
2021-09-25,17,Illinois,0.0,0.0
2021-10-02,17,Illinois,1.0,0.007867722808795925
2020-10-03,23,Maine,,
2020-10-10,23,Maine,,
2020-10-17,23,Maine,0.0,0.0
2020-10-24,23,Maine,0.0,0.0
2020-10-31,23,Maine,0.0,0.0
2020-11-07,23,Maine,0.0,0.0
2020-11-14,23,Maine,0.0,0.0
2020-11-21,23,Maine,0.0,0.0
2020-11-28,23,Maine,0.0,0.0
2020-12-05,23,Maine,0.0,0.0
2020-12-12,23,Maine,0.0,0.0
2020-12-19,23,Maine,0.0,0.0
2020-12-26,23,Maine,0.0,0.0
2021-01-02,23,Maine,0.0,0.0
2021-01-09,23,Maine,0.0,0.0
2021-01-16,23,Maine,0.0,0.0
2021-01-23,23,Maine,0.0,0.0
2021-01-30,23,Maine,0.0,0.0
2021-02-06,23,Maine,0.0,0.0
2021-02-13,23,Maine,1.0,0.07117376933435444
2021-02-20,23,Maine,1.0,0.07117376933435444
2021-02-27,23,Maine,0.0,0.0
2021-03-06,23,Maine,2.0,0.1423475386687089
2021-03-13,23,Maine,0.0,0.0
2021-03-20,23,Maine,1.0,0.07117376933435444
2021-03-27,23,Maine,0.0,0.0
2021-04-03,23,Maine,0.0,0.0
2021-04-10,23,Maine,0.0,0.0
2021-04-17,23,Maine,0.0,0.0
2021-04-24,23,Maine,0.0,0.0
2021-05-01,23,Maine,0.0,0.0
2021-05-08,23,Maine,1.0,0.07117376933435444
2021-05-15,23,Maine,0.0,0.0
2021-05-22,23,Maine,0.0,0.0
2021-05-29,23,Maine,0.0,0.0
2021-06-05,23,Maine,0.0,0.0
2021-06-12,23,Maine,0.0,0.0
2021-06-19,23,Maine,0.0,0.0
2021-06-26,23,Maine,0.0,0.0
2021-07-03,23,Maine,0.0,0.0
2021-07-10,23,Maine,0.0,0.0
2021-07-17,23,Maine,0.0,0.0
2021-07-24,23,Maine,0.0,0.0
2021-07-31,23,Maine,0.0,0.0
2021-08-07,23,Maine,0.0,0.0
2021-08-14,23,Maine,0.0,0.0
2021-08-21,23,Maine,0.0,0.0
2021-08-28,23,Maine,0.0,0.0
2021-09-04,23,Maine,0.0,0.0
2021-09-11,23,Maine,0.0,0.0
2021-09-18,23,Maine,0.0,0.0
2021-09-25,23,Maine,0.0,0.0
2021-10-02,23,Maine,0.0,0.0
2023-10-07,27,Minnesota,3.0,0.05178528921479865
2023-10-14,27,Minnesota,6.0,0.1035705784295973
2023-10-21,27,Minnesota,4.0,0.0690470522863982
2023-10-28,27,Minnesota,4.0,0.0690470522863982
2023-11-04,27,Minnesota,9.0,0.15535586764439593
2023-11-11,27,Minnesota,18.0,0.31071173528879187
2023-11-18,27,Minnesota,15.0,0.25892644607399323
2023-11-25,27,Minnesota,24.0,0.4142823137183892
2023-12-02,27,Minnesota,34.0,0.5868999444343846
2023-12-09,27,Minnesota,48.0,0.8285646274367784
2023-12-16,27,Minnesota,78.0,1.3464175195847647
2023-12-23,27,Minnesota,110.0,1.8987939378759504
2023-12-30,27,Minnesota,189.0,3.2624732205323146
2024-01-06,27,Minnesota,168.0,2.8999761960287245
2024-01-13,27,Minnesota,161.0,2.7791438545275273
2024-01-20,27,Minnesota,123.0,2.1231968578067444
2024-01-27,27,Minnesota,144.0,2.485693882310335
2024-02-03,27,Minnesota,150.0,2.5892644607399324
2024-02-10,27,Minnesota,164.0,2.830929143742326
2024-02-17,27,Minnesota,173.0,2.986285011386722
2024-02-24,27,Minnesota,158.0,2.727358565312729
2024-03-02,27,Minnesota,182.0,3.141640879031118
2024-03-09,27,Minnesota,174.0,3.0035467744583215
2024-03-16,27,Minnesota,164.0,2.830929143742326
2024-03-23,27,Minnesota,133.0,2.29581448852274
2024-03-30,27,Minnesota,124.0,2.140458620878344
2024-04-06,27,Minnesota,111.0,1.91605570094755
2024-04-13,27,Minnesota,79.0,1.3636792826563644
2024-04-20,27,Minnesota,53.0,0.9148734427947761
2024-04-27,27,Minnesota,39.0,0.6732087597923824
2024-05-04,27,Minnesota,18.0,0.31071173528879187
2024-05-11,27,Minnesota,0.0,0.0
2024-05-18,27,Minnesota,,
2024-05-25,27,Minnesota,,
2024-06-01,27,Minnesota,,
2024-06-08,27,Minnesota,,
2024-06-15,27,Minnesota,,
2024-06-22,27,Minnesota,,
2024-06-29,27,Minnesota,0.0,0.0
2024-07-06,27,Minnesota,0.0,0.0
2024-07-13,27,Minnesota,0.0,0.0
2024-07-20,27,Minnesota,0.0,0.0
2024-07-27,27,Minnesota,,
2024-08-03,27,Minnesota,,
2024-08-10,27,Minnesota,,
2024-08-17,27,Minnesota,,
2024-08-24,27,Minnesota,,
2024-08-31,27,Minnesota,,
2024-09-07,27,Minnesota,0.0,0.0
2024-09-14,27,Minnesota,0.0,0.0
2024-09-21,27,Minnesota,,
2024-09-28,27,Minnesota,0.0,0.0
2021-10-09,29,Missouri,0.0,0.0
2021-10-16,29,Missouri,3.0,0.04803484639897167
2021-10-23,29,Missouri,0.0,0.0
2021-10-30,29,Missouri,6.0,0.09606969279794333
2021-11-06,29,Missouri,7.0,0.11208130826426722
2021-11-13,29,Missouri,8.0,0.1280929237305911
2021-11-20,29,Missouri,5.0,0.08005807733161945
2021-11-27,29,Missouri,14.0,0.22416261652853445
2021-12-04,29,Missouri,26.0,0.41630200212442114
2021-12-11,29,Missouri,37.0,0.592429772253984
2021-12-18,29,Missouri,44.0,0.7045110805182512
2021-12-25,29,Missouri,78.0,1.2489060063732633
2022-01-01,29,Missouri,123.0,1.9694287023578385
2022-01-08,29,Missouri,81.0,1.296940852772235
2022-01-15,29,Missouri,71.0,1.1368246981089962
2022-01-22,29,Missouri,52.0,0.8326040042488423
2022-01-29,29,Missouri,53.0,0.8486156197151662
2022-02-05,29,Missouri,47.0,0.7525459269172229
2022-02-12,29,Missouri,46.0,0.736534311450899
2022-02-19,29,Missouri,55.0,0.880638850647814
2022-02-26,29,Missouri,50.0,0.8005807733161945
2022-03-05,29,Missouri,72.0,1.1528363135753201
2022-03-12,29,Missouri,67.0,1.0727782362437006
2022-03-19,29,Missouri,90.0,1.4410453919691502
2022-03-26,29,Missouri,79.0,1.2649176218395872
2022-04-02,29,Missouri,91.0,1.457057007435474
2022-04-09,29,Missouri,77.0,1.2328943909069396
2022-04-16,29,Missouri,77.0,1.2328943909069396
2022-04-23,29,Missouri,70.0,1.1208130826426723
2022-04-30,29,Missouri,55.0,0.880638850647814
2022-05-07,29,Missouri,66.0,1.0567666207773767
2022-05-14,29,Missouri,39.0,0.6244530031866317
2022-05-21,29,Missouri,33.0,0.5283833103886884
2022-05-28,29,Missouri,22.0,0.3522555402591256
2022-06-04,29,Missouri,28.0,0.4483252330570689
2022-06-11,29,Missouri,17.0,0.27219746292750613
2022-06-18,29,Missouri,23.0,0.3682671557254495
2022-06-25,29,Missouri,19.0,0.30422069386015393
2022-07-02,29,Missouri,11.0,0.1761277701295628
2022-07-09,29,Missouri,14.0,0.22416261652853445
2022-07-16,29,Missouri,12.0,0.19213938559588667
2022-07-23,29,Missouri,25.0,0.40029038665809724
2022-07-30,29,Missouri,12.0,0.19213938559588667
2022-08-06,29,Missouri,23.0,0.3682671557254495
2022-08-13,29,Missouri,12.0,0.19213938559588667
2022-08-20,29,Missouri,15.0,0.24017423199485835
2022-08-27,29,Missouri,2.0,0.03202323093264778
2022-09-03,29,Missouri,8.0,0.1280929237305911
2022-09-10,29,Missouri,4.0,0.06404646186529556
2022-09-17,29,Missouri,6.0,0.09606969279794333
2022-09-24,29,Missouri,8.0,0.1280929237305911
2022-10-01,29,Missouri,12.0,0.19213938559588667
2023-10-07,29,Missouri,24.0,0.38427877119177334
2023-10-14,29,Missouri,25.0,0.40029038665809724
2023-10-21,29,Missouri,17.0,0.27219746292750613
2023-10-28,29,Missouri,17.0,0.27219746292750613
2023-11-04,29,Missouri,24.0,0.38427877119177334
2023-11-11,29,Missouri,40.0,0.6404646186529556
2023-11-18,29,Missouri,40.0,0.6404646186529556
2023-11-25,29,Missouri,58.0,0.9286736970467856
2023-12-02,29,Missouri,85.0,1.3609873146375306
2023-12-09,29,Missouri,140.0,2.2416261652853446
2023-12-16,29,Missouri,154.0,2.4657887818138793
2023-12-23,29,Missouri,224.0,3.586601864456551
2023-12-30,29,Missouri,369.0,5.908286107073516
2024-01-06,29,Missouri,345.0,5.524007335881742
2024-01-13,29,Missouri,316.0,5.059670487358349
2024-01-20,29,Missouri,266.0,4.259089714042155
2024-01-27,29,Missouri,272.0,4.355159406840098
2024-02-03,29,Missouri,301.0,4.819496255363491
2024-02-10,29,Missouri,344.0,5.507995720415418
2024-02-17,29,Missouri,354.0,5.668111875078657
2024-02-24,29,Missouri,454.0,7.269273421711046
2024-03-02,29,Missouri,443.0,7.093145651581484
2024-03-09,29,Missouri,408.0,6.532739110260147
2024-03-16,29,Missouri,278.0,4.4512290996380415
2024-03-23,29,Missouri,192.0,3.0742301695341867
2024-03-30,29,Missouri,193.0,3.0902417850005106
2024-04-06,29,Missouri,146.0,2.337695858083288
2024-04-13,29,Missouri,108.0,1.7292544703629802
2024-04-20,29,Missouri,83.0,1.3289640837048828
2024-04-27,29,Missouri,59.0,0.9446853125131095
2024-05-04,29,Missouri,33.0,0.5283833103886884
2024-05-11,29,Missouri,18.0,0.28820907839383003
2024-05-18,29,Missouri,11.0,0.1761277701295628
2024-05-25,29,Missouri,10.0,0.1601161546632389
2024-06-01,29,Missouri,6.0,0.09606969279794333
2024-06-08,29,Missouri,4.0,0.06404646186529556
2024-06-15,29,Missouri,3.0,0.04803484639897167
2024-06-22,29,Missouri,3.0,0.04803484639897167
2024-06-29,29,Missouri,5.0,0.08005807733161945
2024-07-06,29,Missouri,0.0,0.0
2024-07-13,29,Missouri,1.0,0.01601161546632389
2024-07-20,29,Missouri,3.0,0.04803484639897167
2024-07-27,29,Missouri,4.0,0.06404646186529556
2024-08-03,29,Missouri,1.0,0.01601161546632389
2024-08-10,29,Missouri,3.0,0.04803484639897167
2024-08-17,29,Missouri,3.0,0.04803484639897167
2024-08-24,29,Missouri,1.0,0.01601161546632389
2024-08-31,29,Missouri,2.0,0.03202323093264778
2024-09-07,29,Missouri,1.0,0.01601161546632389
2024-09-14,29,Missouri,3.0,0.04803484639897167
2024-09-21,29,Missouri,1.0,0.01601161546632389
2024-09-28,29,Missouri,4.0,0.06404646186529556
2022-10-08,30,Montana,0.0,0.0
2022-10-15,30,Montana,0.0,0.0
2022-10-22,30,Montana,0.0,0.0
2022-10-29,30,Montana,3.0,0.26379818383743703
2022-11-05,30,Montana,6.0,0.5275963676748741
2022-11-12,30,Montana,11.0,0.9672600074039357
2022-11-19,30,Montana,13.0,1.1431254632955603
2022-11-26,30,Montana,44.0,3.869040029615743
2022-12-03,30,Montana,65.0,5.715627316477802
2022-12-10,30,Montana,100.0,8.793272794581233
2022-12-17,30,Montana,99.0,8.70534006663542
2022-12-24,30,Montana,60.0,5.275963676748741
2022-12-31,30,Montana,91.0,8.001878243068923
2023-01-07,30,Montana,60.0,5.275963676748741
2023-01-14,30,Montana,39.0,3.429376389886681
2023-01-21,30,Montana,16.0,1.4069236471329973
2023-01-28,30,Montana,9.0,0.791394551512311
2023-02-04,30,Montana,9.0,0.791394551512311
2023-02-11,30,Montana,2.0,0.17586545589162467
2023-02-18,30,Montana,6.0,0.5275963676748741
2023-02-25,30,Montana,3.0,0.26379818383743703
2023-03-04,30,Montana,6.0,0.5275963676748741
2023-03-11,30,Montana,3.0,0.26379818383743703
2023-03-18,30,Montana,2.0,0.17586545589162467
2023-03-25,30,Montana,1.0,0.08793272794581233
2023-04-01,30,Montana,1.0,0.08793272794581233
2023-04-08,30,Montana,0.0,0.0
2023-04-15,30,Montana,0.0,0.0
2023-04-22,30,Montana,2.0,0.17586545589162467
2023-04-29,30,Montana,0.0,0.0
2023-05-06,30,Montana,0.0,0.0
2023-05-13,30,Montana,0.0,0.0
2023-05-20,30,Montana,2.0,0.17586545589162467
2023-05-27,30,Montana,3.0,0.26379818383743703
2023-06-03,30,Montana,0.0,0.0
2023-06-10,30,Montana,2.0,0.17586545589162467
2023-06-17,30,Montana,2.0,0.17586545589162467
2023-06-24,30,Montana,1.0,0.08793272794581233
2023-07-01,30,Montana,1.0,0.08793272794581233
2023-07-08,30,Montana,0.0,0.0
2023-07-15,30,Montana,1.0,0.08793272794581233
2023-07-22,30,Montana,0.0,0.0
2023-07-29,30,Montana,0.0,0.0
2023-08-05,30,Montana,0.0,0.0
2023-08-12,30,Montana,0.0,0.0
2023-08-19,30,Montana,0.0,0.0
2023-08-26,30,Montana,0.0,0.0
2023-09-02,30,Montana,0.0,0.0
2023-09-09,30,Montana,1.0,0.08793272794581233
2023-09-16,30,Montana,1.0,0.08793272794581233
2023-09-23,30,Montana,3.0,0.26379818383743703
2023-09-30,30,Montana,4.0,0.35173091178324933
2022-10-08,37,North Carolina,20.0,0.1810606241666685
2022-10-15,37,North Carolina,34.0,0.30780306108333644
2022-10-22,37,North Carolina,71.0,0.6427652157916731
2022-10-29,37,North Carolina,185.0,1.6748107735416835
2022-11-05,37,North Carolina,283.0,2.562007831958359
2022-11-12,37,North Carolina,351.0,3.177613954125032
2022-11-19,37,North Carolina,369.0,3.3405685158750336
2022-11-26,37,North Carolina,430.0,3.8928034195833723
2022-12-03,37,North Carolina,638.0,5.775833910916725
2022-12-10,37,North Carolina,395.0,3.5759473272917024
2022-12-17,37,North Carolina,319.0,2.8879169554583624
2022-12-24,37,North Carolina,298.0,2.6978033000833603
2022-12-31,37,North Carolina,299.0,2.706856331291694
2023-01-07,37,North Carolina,222.0,2.0097729282500203
2023-01-14,37,North Carolina,131.0,1.1859470882916785
2023-01-21,37,North Carolina,63.0,0.5703409661250057
2023-01-28,37,North Carolina,41.0,0.37117427954167037
2023-02-04,37,North Carolina,40.0,0.362121248333337
2023-02-11,37,North Carolina,55.0,0.4979167164583383
2023-02-18,37,North Carolina,46.0,0.4164394355833375
2023-02-25,37,North Carolina,28.0,0.25348487383333584
2023-03-04,37,North Carolina,34.0,0.30780306108333644
2023-03-11,37,North Carolina,25.0,0.2263257802083356
2023-03-18,37,North Carolina,32.0,0.28969699866666954
2023-03-25,37,North Carolina,20.0,0.1810606241666685
2023-04-01,37,North Carolina,12.0,0.10863637450000109
2023-04-08,37,North Carolina,22.0,0.19916668658333533
2023-04-15,37,North Carolina,25.0,0.2263257802083356
2023-04-22,37,North Carolina,13.0,0.11768940570833451
2023-04-29,37,North Carolina,10.0,0.09053031208333424
2023-05-06,37,North Carolina,7.0,0.06337121845833396
2023-05-13,37,North Carolina,16.0,0.14484849933333477
2023-05-20,37,North Carolina,11.0,0.09958334329166767
2023-05-27,37,North Carolina,5.0,0.04526515604166712
2023-06-03,37,North Carolina,14.0,0.12674243691666792
2023-06-10,37,North Carolina,12.0,0.10863637450000109
2023-06-17,37,North Carolina,18.0,0.16295456175000164
2023-06-24,37,North Carolina,16.0,0.14484849933333477
2023-07-01,37,North Carolina,17.0,0.15390153054166822
2023-07-08,37,North Carolina,10.0,0.09053031208333424
2023-07-15,37,North Carolina,13.0,0.11768940570833451
2023-07-22,37,North Carolina,5.0,0.04526515604166712
2023-07-29,37,North Carolina,9.0,0.08147728087500082
2023-08-05,37,North Carolina,8.0,0.07242424966666738
2023-08-12,37,North Carolina,13.0,0.11768940570833451
2023-08-19,37,North Carolina,14.0,0.12674243691666792
2023-08-26,37,North Carolina,8.0,0.07242424966666738
2023-09-02,37,North Carolina,18.0,0.16295456175000164
2023-09-09,37,North Carolina,7.0,0.06337121845833396
2023-09-16,37,North Carolina,11.0,0.09958334329166767
2023-09-23,37,North Carolina,13.0,0.11768940570833451
2023-09-30,37,North Carolina,10.0,0.09053031208333424
2022-10-08,38,North Dakota,0.0,0.0
2022-10-15,38,North Dakota,1.0,0.1255385604242199
2022-10-22,38,North Dakota,2.0,0.2510771208484398
2022-10-29,38,North Dakota,2.0,0.2510771208484398
2022-11-05,38,North Dakota,6.0,0.7532313625453194
2022-11-12,38,North Dakota,10.0,1.2553856042421991
2022-11-19,38,North Dakota,13.0,1.6320012855148587
2022-11-26,38,North Dakota,22.0,2.761848329332838
2022-12-03,38,North Dakota,49.0,6.151389460786775
2022-12-10,38,North Dakota,34.0,4.268311054423477
2022-12-17,38,North Dakota,66.0,8.285544987998513
2022-12-24,38,North Dakota,72.0,9.038776350543833
2022-12-31,38,North Dakota,82.0,10.294161954786032
2023-01-07,38,North Dakota,72.0,9.038776350543833
2023-01-14,38,North Dakota,52.0,6.528005142059435
2023-01-21,38,North Dakota,28.0,3.5150796918781575
2023-01-28,38,North Dakota,24.0,3.0129254501812777
2023-02-04,38,North Dakota,9.0,1.129847043817979
2023-02-11,38,North Dakota,16.0,2.0086169667875184
2023-02-18,38,North Dakota,10.0,1.2553856042421991
2023-02-25,38,North Dakota,9.0,1.129847043817979
2023-03-04,38,North Dakota,5.0,0.6276928021210996
2023-03-11,38,North Dakota,5.0,0.6276928021210996
2023-03-18,38,North Dakota,11.0,1.380924164666419
2023-03-25,38,North Dakota,0.0,0.0
2023-04-01,38,North Dakota,0.0,0.0
2023-04-08,38,North Dakota,7.0,0.8787699229695394
2023-04-15,38,North Dakota,5.0,0.6276928021210996
2023-04-22,38,North Dakota,3.0,0.3766156812726597
2023-04-29,38,North Dakota,5.0,0.6276928021210996
2023-05-06,38,North Dakota,7.0,0.8787699229695394
2023-05-13,38,North Dakota,2.0,0.2510771208484398
2023-05-20,38,North Dakota,13.0,1.6320012855148587
2023-05-27,38,North Dakota,3.0,0.3766156812726597
2023-06-03,38,North Dakota,1.0,0.1255385604242199
2023-06-10,38,North Dakota,3.0,0.3766156812726597
2023-06-17,38,North Dakota,2.0,0.2510771208484398
2023-06-24,38,North Dakota,1.0,0.1255385604242199
2023-07-01,38,North Dakota,1.0,0.1255385604242199
2023-07-08,38,North Dakota,2.0,0.2510771208484398
2023-07-15,38,North Dakota,1.0,0.1255385604242199
2023-07-22,38,North Dakota,1.0,0.1255385604242199
2023-07-29,38,North Dakota,1.0,0.1255385604242199
2023-08-05,38,North Dakota,0.0,0.0
2023-08-12,38,North Dakota,5.0,0.6276928021210996
2023-08-19,38,North Dakota,0.0,0.0
2023-08-26,38,North Dakota,1.0,0.1255385604242199
2023-09-02,38,North Dakota,0.0,0.0
2023-09-09,38,North Dakota,0.0,0.0
2023-09-16,38,North Dakota,0.0,0.0
2023-09-23,38,North Dakota,1.0,0.1255385604242199
2023-09-30,38,North Dakota,3.0,0.3766156812726597
2024-10-05,31,Nebraska,0.0,0.0
2024-10-12,31,Nebraska,0.0,0.0
2024-10-19,31,Nebraska,0.0,0.0
2024-10-26,31,Nebraska,1.0,0.04986374731047413
2024-11-02,31,Nebraska,2.0,0.09972749462094826
2024-11-09,31,Nebraska,4.0,0.19945498924189653
2024-11-16,31,Nebraska,6.0,0.2991824838628448
2024-11-23,31,Nebraska,5.0,0.24931873655237063
2024-11-30,31,Nebraska,11.0,0.5485012204152154
2024-12-07,31,Nebraska,13.0,0.6482287150361636
2024-12-14,31,Nebraska,19.0,0.9474111988990085
2024-12-21,31,Nebraska,78.0,3.8893722902169823
2024-12-28,31,Nebraska,131.0,6.5321508976721105
2025-01-04,31,Nebraska,211.0,10.521250682510042
2025-01-11,31,Nebraska,171.0,8.526700790091077
2025-01-18,31,Nebraska,128.0,6.382559655740689
2025-01-25,31,Nebraska,182.0,9.075202010506292
2025-02-01,31,Nebraska,308.0,15.358034171626032
2025-02-08,31,Nebraska,319.0,15.906535392041247
2025-02-15,31,Nebraska,311.0,15.507625413557454
2025-02-22,31,Nebraska,297.0,14.809532951210816
2025-03-01,31,Nebraska,197.0,9.823158220163403
2025-03-08,31,Nebraska,153.0,7.629153338502542
2025-03-15,31,Nebraska,80.0,3.98909978483793
2025-03-22,31,Nebraska,58.0,2.8920973440074995
2025-03-29,31,Nebraska,39.0,1.9446861451084911
2025-04-05,31,Nebraska,14.0,0.6980924623466378
2025-04-12,31,Nebraska,16.0,0.7978199569675861
2025-04-19,31,Nebraska,14.0,0.6980924623466378
2025-04-26,31,Nebraska,12.0,0.5983649677256896
2025-05-03,31,Nebraska,3.0,0.1495912419314224
2025-05-10,31,Nebraska,10.0,0.49863747310474127
2025-05-17,31,Nebraska,5.0,0.24931873655237063
2025-05-24,31,Nebraska,2.0,0.09972749462094826
2025-05-31,31,Nebraska,2.0,0.09972749462094826
2025-06-07,31,Nebraska,4.0,0.19945498924189653
2025-06-14,31,Nebraska,0.0,0.0
2025-06-21,31,Nebraska,0.0,0.0
2025-06-28,31,Nebraska,0.0,0.0
2025-07-05,31,Nebraska,1.0,0.04986374731047413
2025-07-12,31,Nebraska,1.0,0.04986374731047413
2025-07-19,31,Nebraska,2.0,0.09972749462094826
2025-07-26,31,Nebraska,2.0,0.09972749462094826
2025-08-02,31,Nebraska,1.0,0.04986374731047413
2025-08-09,31,Nebraska,0.0,0.0
2025-08-16,31,Nebraska,1.0,0.04986374731047413
2025-08-23,31,Nebraska,2.0,0.09972749462094826
2025-08-30,31,Nebraska,5.0,0.24931873655237063
2025-09-06,31,Nebraska,3.0,0.1495912419314224
2025-09-13,31,Nebraska,3.0,0.1495912419314224
2025-09-20,31,Nebraska,3.0,0.1495912419314224
2025-09-27,31,Nebraska,3.0,0.1495912419314224
2024-10-05,32,Nevada,1.0,0.030604746735009108
2024-10-12,32,Nevada,0.0,0.0
2024-10-19,32,Nevada,5.0,0.15302373367504554
2024-10-26,32,Nevada,5.0,0.15302373367504554
2024-11-02,32,Nevada,11.0,0.33665221408510015
2024-11-09,32,Nevada,25.0,0.7651186683752277
2024-11-16,32,Nevada,43.0,1.3160041096053916
2024-11-23,32,Nevada,49.0,1.4996325900154461
2024-11-30,32,Nevada,61.0,1.8668895508355554
2024-12-07,32,Nevada,83.0,2.540193979005756
2024-12-14,32,Nevada,114.0,3.4889411277910383
2024-12-21,32,Nevada,208.0,6.3657873208818945
2024-12-28,32,Nevada,260.0,7.957234151102368
2025-01-04,32,Nevada,387.0,11.844036986448524
2025-01-11,32,Nevada,262.0,8.018443644572386
2025-01-18,32,Nevada,190.0,5.81490187965173
2025-01-25,32,Nevada,198.0,6.059739853531803
2025-02-01,32,Nevada,179.0,5.47824966556663
2025-02-08,32,Nevada,222.0,6.794253775172022
2025-02-15,32,Nevada,148.0,4.529502516781347
2025-02-22,32,Nevada,123.0,3.76438384840612
2025-03-01,32,Nevada,97.0,2.9686604332958835
2025-03-08,32,Nevada,79.0,2.4177749920657194
2025-03-15,32,Nevada,88.0,2.6932177126808012
2025-03-22,32,Nevada,81.0,2.4789844855357375
2025-03-29,32,Nevada,70.0,2.1423322714506376
2025-04-05,32,Nevada,41.0,1.2547946161353734
2025-04-12,32,Nevada,49.0,1.4996325900154461
2025-04-19,32,Nevada,41.0,1.2547946161353734
2025-04-26,32,Nevada,29.0,0.8875376553152641
2025-05-03,32,Nevada,19.0,0.581490187965173
2025-05-10,32,Nevada,21.0,0.6426996814351912
2025-05-17,32,Nevada,16.0,0.4896759477601457
2025-05-24,32,Nevada,26.0,0.7957234151102368
2025-05-31,32,Nevada,15.0,0.4590712010251366
2025-06-07,32,Nevada,13.0,0.3978617075551184
2025-06-14,32,Nevada,16.0,0.4896759477601457
2025-06-21,32,Nevada,12.0,0.3672569608201093
2025-06-28,32,Nevada,10.0,0.3060474673500911
2025-07-05,32,Nevada,8.0,0.24483797388007286
2025-07-12,32,Nevada,4.0,0.12241898694003643
2025-07-19,32,Nevada,9.0,0.27544272061508196
2025-07-26,32,Nevada,6.0,0.18362848041005464
2025-08-02,32,Nevada,14.0,0.4284664542901275
2025-08-09,32,Nevada,4.0,0.12241898694003643
2025-08-16,32,Nevada,7.0,0.21423322714506374
2025-08-23,32,Nevada,3.0,0.09181424020502732
2025-08-30,32,Nevada,3.0,0.09181424020502732
2025-09-06,32,Nevada,5.0,0.15302373367504554
2025-09-13,32,Nevada,8.0,0.24483797388007286
2025-09-20,32,Nevada,9.0,0.27544272061508196
2025-09-27,32,Nevada,4.0,0.12241898694003643
2022-10-08,36,New York,38.0,0.19126957090383126
2022-10-15,36,New York,48.0,0.24160366851010265
2022-10-22,36,New York,41.0,0.2063698001857127
2022-10-29,36,New York,105.0,0.5285080248658496
2022-11-05,36,New York,189.0,0.9513144447585292
2022-11-12,36,New York,268.0,1.3489538158480732
2022-11-19,36,New York,466.0,2.3455689484522466
2022-11-26,36,New York,765.0,3.850558466879761
2022-12-03,36,New York,1308.0,6.583699966900298
2022-12-10,36,New York,1469.0,7.394078938361266
2022-12-17,36,New York,1698.0,8.546729773544882
2022-12-24,36,New York,1503.0,7.565214870222589
2022-12-31,36,New York,1291.0,6.498132000969636
2023-01-07,36,New York,944.0,4.751538814032019
2023-01-14,36,New York,513.0,2.582139207201722
2023-01-21,36,New York,309.0,1.5553236160337858
2023-01-28,36,New York,236.0,1.1878847035080047
2023-02-04,36,New York,145.0,0.7298444152909351
2023-02-11,36,New York,103.0,0.5184412053445953
2023-02-18,36,New York,85.0,0.4278398296533068
2023-02-25,36,New York,55.0,0.27683753683449264
2023-03-04,36,New York,49.0,0.2466370782707298
2023-03-11,36,New York,55.0,0.27683753683449264
2023-03-18,36,New York,63.0,0.31710481491950976
2023-03-25,36,New York,105.0,0.5285080248658496
2023-04-01,36,New York,74.0,0.37247232228640825
2023-04-08,36,New York,78.0,0.39260596132891684
2023-04-15,36,New York,75.0,0.3775057320470354
2023-04-22,36,New York,47.0,0.23657025874947551
2023-04-29,36,New York,37.0,0.18623616114320413
2023-05-06,36,New York,50.0,0.25167048803135694
2023-05-13,36,New York,54.0,0.2718041270738655
2023-05-20,36,New York,50.0,0.25167048803135694
2023-05-27,36,New York,60.0,0.30200458563762833
2023-06-03,36,New York,46.0,0.23153684898884838
2023-06-10,36,New York,39.0,0.19630298066445842
2023-06-17,36,New York,37.0,0.18623616114320413
2023-06-24,36,New York,36.0,0.181202751382577
2023-07-01,36,New York,29.0,0.14596888305818703
2023-07-08,36,New York,23.0,0.11576842449442419
2023-07-15,36,New York,17.0,0.08556796593066136
2023-07-22,36,New York,28.0,0.14093547329755987
2023-07-29,36,New York,18.0,0.0906013756912885
2023-08-05,36,New York,30.0,0.15100229281881417
2023-08-12,36,New York,19.0,0.09563478545191563
2023-08-19,36,New York,15.0,0.07550114640940708
2023-08-26,36,New York,20.0,0.10066819521254278
2023-09-02,36,New York,38.0,0.19126957090383126
2023-09-09,36,New York,21.0,0.10570160497316991
2023-09-16,36,New York,12.0,0.06040091712752566
2023-09-23,36,New York,18.0,0.0906013756912885
2023-09-30,36,New York,47.0,0.23657025874947551
2025-10-04,72,Puerto Rico,65.0,2.02916059869603
2025-10-11,72,Puerto Rico,53.0,1.6545463343213784
2025-10-18,72,Puerto Rico,91.0,2.8408248381744423
2025-10-25,72,Puerto Rico,50.0,1.5608927682277156
2025-11-01,72,Puerto Rico,61.0,1.904289177237813
2025-11-08,72,Puerto Rico,92.0,2.8720426935389964
2025-11-15,72,Puerto Rico,121.0,3.7773604991110714
2025-11-22,72,Puerto Rico,154.0,4.807549726141364
2025-11-29,72,Puerto Rico,173.0,5.400688978067896
2025-12-06,72,Puerto Rico,256.0,7.991770973325903
2025-12-13,72,Puerto Rico,212.0,6.618185337285514
2025-12-20,72,Puerto Rico,244.0,7.617156708951252
2025-12-27,72,Puerto Rico,359.0,11.207210075874997
2026-01-03,72,Puerto Rico,383.0,11.956438604624301
2026-01-10,72,Puerto Rico,309.0,9.646317307647282
2026-01-17,72,Puerto Rico,297.0,9.27170304327263
2026-01-24,72,Puerto Rico,212.0,6.618185337285514
2026-01-31,72,Puerto Rico,189.0,5.900174663900764
2026-02-07,72,Puerto Rico,150.0,4.682678304683146
2026-02-14,72,Puerto Rico,137.0,4.276846184943941
2026-02-21,72,Puerto Rico,177.0,5.525560399526113
2026-02-28,72,Puerto Rico,109.0,3.4027462347364197
2026-03-07,72,Puerto Rico,89.0,2.7783891274453336
2026-03-14,72,Puerto Rico,123.0,3.83979620984018
2026-03-21,72,Puerto Rico,150.0,4.682678304683146
2026-03-28,72,Puerto Rico,55.0,1.7169820450504871
2026-04-04,72,Puerto Rico,111.0,3.4651819454655284
2026-04-11,72,Puerto Rico,65.0,2.02916059869603
2026-04-18,72,Puerto Rico,84.0,2.622299850622562
2020-08-08,44,Rhode Island,,
2020-08-15,44,Rhode Island,,
2020-08-22,44,Rhode Island,,
2020-08-29,44,Rhode Island,,
2020-09-05,44,Rhode Island,,
2020-09-12,44,Rhode Island,,
2020-09-19,44,Rhode Island,,
2020-09-26,44,Rhode Island,,
2025-10-04,,,33.0,
2025-10-11,,,19.0,
2025-10-18,,,24.0,
2025-10-25,,,30.0,
2025-11-01,,,40.0,
2025-11-08,,,52.0,
2025-11-15,,,69.0,
2025-11-22,,,111.0,
2025-11-29,,,189.0,
2025-12-06,,,342.0,
2025-12-13,,,596.0,
2025-12-20,,,1233.0,
2025-12-27,,,2113.0,
2026-01-03,,,2863.0,
2026-01-10,,,1937.0,
2026-01-17,,,1108.0,
2026-01-24,,,648.0,
2026-01-31,,,480.0,
2026-02-07,,,348.0,
2026-02-14,,,252.0,
2026-02-21,,,268.0,
2026-02-28,,,220.0,
2026-03-07,,,210.0,
2026-03-14,,,166.0,
2026-03-21,,,137.0,
2026-03-28,,,122.0,
2026-04-04,,,116.0,
2026-04-11,,,106.0,
2026-04-18,,,99.0,
2024-10-05,46,South Dakota,0.0,0.0
2024-10-12,46,South Dakota,1.0,0.10814680712773976
2024-10-19,46,South Dakota,1.0,0.10814680712773976
2024-10-26,46,South Dakota,2.0,0.21629361425547952
2024-11-02,46,South Dakota,0.0,0.0
2024-11-09,46,South Dakota,2.0,0.21629361425547952
2024-11-16,46,South Dakota,0.0,0.0
2024-11-23,46,South Dakota,0.0,0.0
2024-11-30,46,South Dakota,5.0,0.5407340356386988
2024-12-07,46,South Dakota,1.0,0.10814680712773976
2024-12-14,46,South Dakota,8.0,0.8651744570219181
2024-12-21,46,South Dakota,14.0,1.5140552997883567
2024-12-28,46,South Dakota,33.0,3.568844635215412
2025-01-04,46,South Dakota,47.0,5.082899935003769
2025-01-11,46,South Dakota,50.0,5.407340356386988
2025-01-18,46,South Dakota,55.0,5.948074392025687
2025-01-25,46,South Dakota,88.0,9.5169190272411
2025-02-01,46,South Dakota,139.0,15.032406190755827
2025-02-08,46,South Dakota,207.0,22.386389075442132
2025-02-15,46,South Dakota,183.0,19.790865704376376
2025-02-22,46,South Dakota,110.0,11.896148784051373
2025-03-01,46,South Dakota,89.0,9.625065834368838
2025-03-08,46,South Dakota,59.0,6.380661620536646
2025-03-15,46,South Dakota,26.0,2.811816985321234
2025-03-22,46,South Dakota,16.0,1.7303489140438362
2025-03-29,46,South Dakota,11.0,1.1896148784051375
2025-04-05,46,South Dakota,8.0,0.8651744570219181
2025-04-12,46,South Dakota,7.0,0.7570276498941784
2025-04-19,46,South Dakota,10.0,1.0814680712773976
2025-04-26,46,South Dakota,8.0,0.8651744570219181
2025-05-03,46,South Dakota,4.0,0.43258722851095904
2025-05-10,46,South Dakota,1.0,0.10814680712773976
2025-05-17,46,South Dakota,5.0,0.5407340356386988
2025-05-24,46,South Dakota,7.0,0.7570276498941784
2025-05-31,46,South Dakota,5.0,0.5407340356386988
2025-06-07,46,South Dakota,3.0,0.32444042138321927
2025-06-14,46,South Dakota,7.0,0.7570276498941784
2025-06-21,46,South Dakota,6.0,0.6488808427664385
2025-06-28,46,South Dakota,2.0,0.21629361425547952
2025-07-05,46,South Dakota,1.0,0.10814680712773976
2025-07-12,46,South Dakota,0.0,0.0
2025-07-19,46,South Dakota,0.0,0.0
2025-07-26,46,South Dakota,4.0,0.43258722851095904
2025-08-02,46,South Dakota,2.0,0.21629361425547952
2025-08-09,46,South Dakota,1.0,0.10814680712773976
2025-08-16,46,South Dakota,1.0,0.10814680712773976
2025-08-23,46,South Dakota,3.0,0.32444042138321927
2025-08-30,46,South Dakota,2.0,0.21629361425547952
2025-09-06,46,South Dakota,1.0,0.10814680712773976
2025-09-13,46,South Dakota,2.0,0.21629361425547952
2025-09-20,46,South Dakota,2.0,0.21629361425547952
2025-09-27,46,South Dakota,1.0,0.10814680712773976
2021-10-09,55,Wisconsin,4.0,0.06710311652036789
2021-10-16,55,Wisconsin,3.0,0.05032733739027592
2021-10-23,55,Wisconsin,7.0,0.11743045391064381
2021-10-30,55,Wisconsin,5.0,0.08387889565045986
2021-11-06,55,Wisconsin,1.0,0.016775779130091973
2021-11-13,55,Wisconsin,4.0,0.06710311652036789
2021-11-20,55,Wisconsin,5.0,0.08387889565045986
2021-11-27,55,Wisconsin,7.0,0.11743045391064381
2021-12-04,55,Wisconsin,18.0,0.30196402434165553
2021-12-11,55,Wisconsin,5.0,0.08387889565045986
2021-12-18,55,Wisconsin,22.0,0.3690671408620234
2021-12-25,55,Wisconsin,39.0,0.6542553860735869
2022-01-01,55,Wisconsin,99.0,1.6608021338791052
2022-01-08,55,Wisconsin,55.0,0.9226678521550585
2022-01-15,55,Wisconsin,42.0,0.7045827234638629
2022-01-22,55,Wisconsin,22.0,0.3690671408620234
2022-01-29,55,Wisconsin,22.0,0.3690671408620234
2022-02-05,55,Wisconsin,30.0,0.5032733739027592
2022-02-12,55,Wisconsin,29.0,0.48649759477266724
2022-02-19,55,Wisconsin,25.0,0.4193944782522993
2022-02-26,55,Wisconsin,29.0,0.48649759477266724
2022-03-05,55,Wisconsin,61.0,1.0233225269356103
2022-03-12,55,Wisconsin,41.0,0.6878069443337709
2022-03-19,55,Wisconsin,53.0,0.8891162938948746
2022-03-26,55,Wisconsin,58.0,0.9729951895453345
2022-04-02,55,Wisconsin,57.0,0.9562194104152425
2022-04-09,55,Wisconsin,44.0,0.7381342817240468
2022-04-16,55,Wisconsin,66.0,1.1072014225860702
2022-04-23,55,Wisconsin,54.0,0.9058920730249665
2022-04-30,55,Wisconsin,64.0,1.0736498643258863
2022-05-07,55,Wisconsin,51.0,0.8555647356346906
2022-05-14,55,Wisconsin,36.0,0.6039280486833111
2022-05-21,55,Wisconsin,26.0,0.4361702573823913
2022-05-28,55,Wisconsin,27.0,0.4529460365124833
2022-06-04,55,Wisconsin,16.0,0.26841246608147157
2022-06-11,55,Wisconsin,15.0,0.2516366869513796
2022-06-18,55,Wisconsin,9.0,0.15098201217082777
2022-06-25,55,Wisconsin,7.0,0.11743045391064381
2022-07-02,55,Wisconsin,8.0,0.13420623304073578
2022-07-09,55,Wisconsin,1.0,0.016775779130091973
2022-07-16,55,Wisconsin,2.0,0.033551558260183946
2022-07-23,55,Wisconsin,0.0,0.0
2022-07-30,55,Wisconsin,2.0,0.033551558260183946
2022-08-06,55,Wisconsin,6.0,0.10065467478055184
2022-08-13,55,Wisconsin,1.0,0.016775779130091973
2022-08-20,55,Wisconsin,1.0,0.016775779130091973
2022-08-27,55,Wisconsin,2.0,0.033551558260183946
2022-09-03,55,Wisconsin,3.0,0.05032733739027592
2022-09-10,55,Wisconsin,0.0,0.0
2022-09-17,55,Wisconsin,0.0,0.0
2022-09-24,55,Wisconsin,4.0,0.06710311652036789
2022-10-01,55,Wisconsin,1.0,0.016775779130091973
2020-10-03,54,West Virginia,,
2020-10-10,54,West Virginia,,
2020-10-17,54,West Virginia,,
2020-10-24,54,West Virginia,0.0,0.0
2020-10-31,54,West Virginia,1.0,0.05649784545466359
2020-11-07,54,West Virginia,2.0,0.11299569090932718
2020-11-14,54,West Virginia,1.0,0.05649784545466359
2020-11-21,54,West Virginia,7.0,0.3954849181826451
2020-11-28,54,West Virginia,4.0,0.22599138181865436
2020-12-05,54,West Virginia,9.0,0.5084806090919722
2020-12-12,54,West Virginia,2.0,0.11299569090932718
2020-12-19,54,West Virginia,5.0,0.28248922727331793
2020-12-26,54,West Virginia,5.0,0.28248922727331793
2021-01-02,54,West Virginia,4.0,0.22599138181865436
2021-01-09,54,West Virginia,6.0,0.3389870727279815
2021-01-16,54,West Virginia,0.0,0.0
2021-01-23,54,West Virginia,0.0,0.0
2021-01-30,54,West Virginia,0.0,0.0
2021-02-06,54,West Virginia,0.0,0.0
2021-02-13,54,West Virginia,0.0,0.0
2021-02-20,54,West Virginia,0.0,0.0
2021-02-27,54,West Virginia,0.0,0.0
2021-03-06,54,West Virginia,0.0,0.0
2021-03-13,54,West Virginia,1.0,0.05649784545466359
2021-03-20,54,West Virginia,0.0,0.0
2021-03-27,54,West Virginia,0.0,0.0
2021-04-03,54,West Virginia,0.0,0.0
2021-04-10,54,West Virginia,0.0,0.0
2021-04-17,54,West Virginia,0.0,0.0
2021-04-24,54,West Virginia,1.0,0.05649784545466359
2021-05-01,54,West Virginia,0.0,0.0
2021-05-08,54,West Virginia,1.0,0.05649784545466359
2021-05-15,54,West Virginia,2.0,0.11299569090932718
2021-05-22,54,West Virginia,1.0,0.05649784545466359
2021-05-29,54,West Virginia,0.0,0.0
2021-06-05,54,West Virginia,0.0,0.0
2021-06-12,54,West Virginia,0.0,0.0
2021-06-19,54,West Virginia,0.0,0.0
2021-06-26,54,West Virginia,0.0,0.0
2021-07-03,54,West Virginia,0.0,0.0
2021-07-10,54,West Virginia,0.0,0.0
2021-07-17,54,West Virginia,1.0,0.05649784545466359
2021-07-24,54,West Virginia,0.0,0.0
2021-07-31,54,West Virginia,0.0,0.0
2021-08-07,54,West Virginia,0.0,0.0
2021-08-14,54,West Virginia,0.0,0.0
2021-08-21,54,West Virginia,0.0,0.0
2021-08-28,54,West Virginia,0.0,0.0
2021-09-04,54,West Virginia,0.0,0.0
2021-09-11,54,West Virginia,0.0,0.0
2021-09-18,54,West Virginia,0.0,0.0
2021-09-25,54,West Virginia,2.0,0.11299569090932718
2021-10-02,54,West Virginia,2.0,0.11299569090932718
2024-10-05,56,Wyoming,2.0,0.3403571708150533
2024-10-12,56,Wyoming,0.0,0.0
2024-10-19,56,Wyoming,0.0,0.0
2024-10-26,56,Wyoming,7.0,1.1912500978526865
2024-11-02,56,Wyoming,0.0,0.0
2024-11-09,56,Wyoming,5.0,0.8508929270376333
2024-11-16,56,Wyoming,4.0,0.6807143416301066
2024-11-23,56,Wyoming,9.0,1.53160726866774
2024-11-30,56,Wyoming,7.0,1.1912500978526865
2024-12-07,56,Wyoming,5.0,0.8508929270376333
2024-12-14,56,Wyoming,33.0,5.6158933184483795
2024-12-21,56,Wyoming,18.0,3.06321453733548
2024-12-28,56,Wyoming,84.0,14.295001174232238
2025-01-04,56,Wyoming,116.0,19.740715907273092
2025-01-11,56,Wyoming,62.0,10.551072295266653
2025-01-18,56,Wyoming,84.0,14.295001174232238
2025-01-25,56,Wyoming,89.0,15.145894101269873
2025-02-01,56,Wyoming,102.0,17.35821571156772
2025-02-08,56,Wyoming,106.0,18.038930053197827
2025-02-15,56,Wyoming,72.0,12.25285814934192
2025-02-22,56,Wyoming,99.0,16.84767995534514
2025-03-01,56,Wyoming,57.0,9.70017936822902
2025-03-08,56,Wyoming,53.0,9.019465026598914
2025-03-15,56,Wyoming,44.0,7.487857757931173
2025-03-22,56,Wyoming,30.0,5.1053575622258
2025-03-29,56,Wyoming,23.0,3.9141074643731133
2025-04-05,56,Wyoming,12.0,2.04214302489032
2025-04-12,56,Wyoming,4.0,0.6807143416301066
2025-04-19,56,Wyoming,3.0,0.51053575622258
2025-04-26,56,Wyoming,6.0,1.02107151244516
2025-05-03,56,Wyoming,1.0,0.17017858540752664
2025-05-10,56,Wyoming,4.0,0.6807143416301066
2025-05-17,56,Wyoming,3.0,0.51053575622258
2025-05-24,56,Wyoming,3.0,0.51053575622258
2025-05-31,56,Wyoming,3.0,0.51053575622258
2025-06-07,56,Wyoming,2.0,0.3403571708150533
2025-06-14,56,Wyoming,1.0,0.17017858540752664
2025-06-21,56,Wyoming,2.0,0.3403571708150533
2025-06-28,56,Wyoming,1.0,0.17017858540752664
2025-07-05,56,Wyoming,1.0,0.17017858540752664
2025-07-12,56,Wyoming,1.0,0.17017858540752664
2025-07-19,56,Wyoming,0.0,0.0
2025-07-26,56,Wyoming,0.0,0.0
2025-08-02,56,Wyoming,2.0,0.3403571708150533
2025-08-09,56,Wyoming,0.0,0.0
2025-08-16,56,Wyoming,0.0,0.0
2025-08-23,56,Wyoming,0.0,0.0
2025-08-30,56,Wyoming,1.0,0.17017858540752664
2025-09-06,56,Wyoming,1.0,0.17017858540752664
2025-09-13,56,Wyoming,1.0,0.17017858540752664
2025-09-20,56,Wyoming,1.0,0.17017858540752664
2025-09-27,56,Wyoming,1.0,0.17017858540752664
2021-10-09,05,Arkansas,3.0,0.09713912329998439
2021-10-16,05,Arkansas,4.0,0.12951883106664586
2021-10-23,05,Arkansas,3.0,0.09713912329998439
2021-10-30,05,Arkansas,3.0,0.09713912329998439
2021-11-06,05,Arkansas,3.0,0.09713912329998439
2021-11-13,05,Arkansas,6.0,0.19427824659996878
2021-11-20,05,Arkansas,9.0,0.2914173698999532
2021-11-27,05,Arkansas,2.0,0.06475941553332293
2021-12-04,05,Arkansas,12.0,0.38855649319993757
2021-12-11,05,Arkansas,11.0,0.35617678543327613
2021-12-18,05,Arkansas,13.0,0.42093620096659906
2021-12-25,05,Arkansas,11.0,0.35617678543327613
2022-01-01,05,Arkansas,28.0,0.906631817466521
2022-01-08,05,Arkansas,35.0,1.1332897718331512
2022-01-15,05,Arkansas,30.0,0.971391232999844
2022-01-22,05,Arkansas,19.0,0.6152144475665678
2022-01-29,05,Arkansas,13.0,0.42093620096659906
2022-02-05,05,Arkansas,16.0,0.5180753242665834
2022-02-12,05,Arkansas,23.0,0.7447332786332137
2022-02-19,05,Arkansas,22.0,0.7123535708665523
2022-02-26,05,Arkansas,37.0,1.1980491873664743
2022-03-05,05,Arkansas,57.0,1.8456433426997034
2022-03-12,05,Arkansas,60.0,1.942782465999688
2022-03-19,05,Arkansas,62.0,2.007541881533011
2022-03-26,05,Arkansas,74.0,2.3960983747329485
2022-04-02,05,Arkansas,56.0,1.813263634933042
2022-04-09,05,Arkansas,74.0,2.3960983747329485
2022-04-16,05,Arkansas,43.0,1.3923274339664429
2022-04-23,05,Arkansas,34.0,1.1009100640664897
2022-04-30,05,Arkansas,33.0,1.0685303562998283
2022-05-07,05,Arkansas,17.0,0.5504550320332449
2022-05-14,05,Arkansas,28.0,0.906631817466521
2022-05-21,05,Arkansas,15.0,0.485695616499922
2022-05-28,05,Arkansas,14.0,0.4533159087332605
2022-06-04,05,Arkansas,17.0,0.5504550320332449
2022-06-11,05,Arkansas,19.0,0.6152144475665678
2022-06-18,05,Arkansas,10.0,0.32379707766661464
2022-06-25,05,Arkansas,16.0,0.5180753242665834
2022-07-02,05,Arkansas,8.0,0.2590376621332917
2022-07-09,05,Arkansas,5.0,0.16189853883330732
2022-07-16,05,Arkansas,19.0,0.6152144475665678
2022-07-23,05,Arkansas,10.0,0.32379707766661464
2022-07-30,05,Arkansas,1.0,0.032379707766661464
2022-08-06,05,Arkansas,3.0,0.09713912329998439
2022-08-13,05,Arkansas,7.0,0.22665795436663025
2022-08-20,05,Arkansas,3.0,0.09713912329998439
2022-08-27,05,Arkansas,3.0,0.09713912329998439
2022-09-03,05,Arkansas,6.0,0.19427824659996878
2022-09-10,05,Arkansas,6.0,0.19427824659996878
2022-09-17,05,Arkansas,5.0,0.16189853883330732
2022-09-24,05,Arkansas,7.0,0.22665795436663025
2022-10-01,05,Arkansas,10.0,0.32379707766661464
2023-10-07,05,Arkansas,17.0,0.5504550320332449
2023-10-14,05,Arkansas,15.0,0.485695616499922
2023-10-21,05,Arkansas,18.0,0.5828347397999064
2023-10-28,05,Arkansas,13.0,0.42093620096659906
2023-11-04,05,Arkansas,18.0,0.5828347397999064
2023-11-11,05,Arkansas,24.0,0.7771129863998751
2023-11-18,05,Arkansas,17.0,0.5504550320332449
2023-11-25,05,Arkansas,57.0,1.8456433426997034
2023-12-02,05,Arkansas,24.0,0.7771129863998751
2023-12-09,05,Arkansas,41.0,1.32756801843312
2023-12-16,05,Arkansas,53.0,1.7161245116330577
2023-12-23,05,Arkansas,96.0,3.1084519455995006
2023-12-30,05,Arkansas,187.0,6.0550053523656935
2024-01-06,05,Arkansas,234.0,7.576851617398782
2024-01-13,05,Arkansas,223.0,7.220674831965507
2024-01-20,05,Arkansas,227.0,7.350193663032153
2024-01-27,05,Arkansas,275.0,8.904419635831903
2024-02-03,05,Arkansas,245.0,7.933028402832059
2024-02-10,05,Arkansas,291.0,9.422494960098486
2024-02-17,05,Arkansas,258.0,8.353964603798659
2024-02-24,05,Arkansas,275.0,8.904419635831903
2024-03-02,05,Arkansas,278.0,9.001558759131887
2024-03-09,05,Arkansas,247.0,7.997787818365381
2024-03-16,05,Arkansas,190.0,6.152144475665678
2024-03-23,05,Arkansas,103.0,3.3351098999661306
2024-03-30,05,Arkansas,82.0,2.65513603686624
2024-04-06,05,Arkansas,60.0,1.942782465999688
2024-04-13,05,Arkansas,47.0,1.5218462650330888
2024-04-20,05,Arkansas,30.0,0.971391232999844
2024-04-27,05,Arkansas,60.0,1.942782465999688
2024-05-04,05,Arkansas,14.0,0.4533159087332605
2024-05-11,05,Arkansas,12.0,0.38855649319993757
2024-05-18,05,Arkansas,0.0,0.0
2024-05-25,05,Arkansas,2.0,0.06475941553332293
2024-06-01,05,Arkansas,6.0,0.19427824659996878
2024-06-08,05,Arkansas,5.0,0.16189853883330732
2024-06-15,05,Arkansas,5.0,0.16189853883330732
2024-06-22,05,Arkansas,5.0,0.16189853883330732
2024-06-29,05,Arkansas,1.0,0.032379707766661464
2024-07-06,05,Arkansas,4.0,0.12951883106664586
2024-07-13,05,Arkansas,5.0,0.16189853883330732
2024-07-20,05,Arkansas,7.0,0.22665795436663025
2024-07-27,05,Arkansas,8.0,0.2590376621332917
2024-08-03,05,Arkansas,4.0,0.12951883106664586
2024-08-10,05,Arkansas,6.0,0.19427824659996878
2024-08-17,05,Arkansas,4.0,0.12951883106664586
2024-08-24,05,Arkansas,4.0,0.12951883106664586
2024-08-31,05,Arkansas,5.0,0.16189853883330732
2024-09-07,05,Arkansas,7.0,0.22665795436663025
2024-09-14,05,Arkansas,2.0,0.06475941553332293
2024-09-21,05,Arkansas,3.0,0.09713912329998439
2024-09-28,05,Arkansas,0.0,0.0
2022-10-08,10,Delaware,0.0,0.0
2022-10-15,10,Delaware,0.0,0.0
2022-10-22,10,Delaware,1.0,0.09506453455928557
2022-10-29,10,Delaware,4.0,0.3802581382371423
2022-11-05,10,Delaware,10.0,0.9506453455928557
2022-11-12,10,Delaware,13.0,1.2358389492707125
2022-11-19,10,Delaware,53.0,5.038420331642135
2022-11-26,10,Delaware,39.0,3.7075168478121374
2022-12-03,10,Delaware,86.0,8.175549972098558
2022-12-10,10,Delaware,30.0,2.851936036778567
2022-12-17,10,Delaware,25.0,2.3766133639821394
2022-12-24,10,Delaware,29.0,2.7568715022192816
2022-12-31,10,Delaware,42.0,3.992710451489994
2023-01-07,10,Delaware,45.0,4.277904055167851
2023-01-14,10,Delaware,12.0,1.140774414711427
2023-01-21,10,Delaware,6.0,0.5703872073557135
2023-01-28,10,Delaware,6.0,0.5703872073557135
2023-02-04,10,Delaware,10.0,0.9506453455928557
2023-02-11,10,Delaware,1.0,0.09506453455928557
2023-02-18,10,Delaware,1.0,0.09506453455928557
2023-02-25,10,Delaware,0.0,0.0
2023-03-04,10,Delaware,5.0,0.47532267279642787
2023-03-11,10,Delaware,1.0,0.09506453455928557
2023-03-18,10,Delaware,0.0,0.0
2023-03-25,10,Delaware,2.0,0.19012906911857114
2023-04-01,10,Delaware,2.0,0.19012906911857114
2023-04-08,10,Delaware,0.0,0.0
2023-04-15,10,Delaware,0.0,0.0
2023-04-22,10,Delaware,0.0,0.0
2023-04-29,10,Delaware,1.0,0.09506453455928557
2023-05-06,10,Delaware,0.0,0.0
2023-05-13,10,Delaware,1.0,0.09506453455928557
2023-05-20,10,Delaware,0.0,0.0
2023-05-27,10,Delaware,0.0,0.0
2023-06-03,10,Delaware,3.0,0.28519360367785673
2023-06-10,10,Delaware,0.0,0.0
2023-06-17,10,Delaware,0.0,0.0
2023-06-24,10,Delaware,0.0,0.0
2023-07-01,10,Delaware,0.0,0.0
2023-07-08,10,Delaware,0.0,0.0
2023-07-15,10,Delaware,0.0,0.0
2023-07-22,10,Delaware,2.0,0.19012906911857114
2023-07-29,10,Delaware,0.0,0.0
2023-08-05,10,Delaware,0.0,0.0
2023-08-12,10,Delaware,1.0,0.09506453455928557
2023-08-19,10,Delaware,0.0,0.0
2023-08-26,10,Delaware,0.0,0.0
2023-09-02,10,Delaware,0.0,0.0
2023-09-09,10,Delaware,0.0,0.0
2023-09-16,10,Delaware,0.0,0.0
2023-09-23,10,Delaware,0.0,0.0
2023-09-30,10,Delaware,0.0,0.0
2025-10-04,10,Delaware,1.0,0.09506453455928557
2025-10-11,10,Delaware,7.0,0.665451741914999
2025-10-18,10,Delaware,1.0,0.09506453455928557
2025-10-25,10,Delaware,0.0,0.0
2025-11-01,10,Delaware,3.0,0.28519360367785673
2025-11-08,10,Delaware,4.0,0.3802581382371423
2025-11-15,10,Delaware,7.0,0.665451741914999
2025-11-22,10,Delaware,13.0,1.2358389492707125
2025-11-29,10,Delaware,13.0,1.2358389492707125
2025-12-06,10,Delaware,17.0,1.6160970875078546
2025-12-13,10,Delaware,39.0,3.7075168478121374
2025-12-20,10,Delaware,99.0,9.411388921369271
2025-12-27,10,Delaware,211.0,20.058616792009257
2026-01-03,10,Delaware,209.0,19.868487722890684
2026-01-10,10,Delaware,174.0,16.54122901331569
2026-01-17,10,Delaware,134.0,12.738647630944266
2026-01-24,10,Delaware,101.0,9.601517990487842
2026-01-31,10,Delaware,74.0,7.034775557387133
2026-02-07,10,Delaware,51.0,4.848291262523564
2026-02-14,10,Delaware,48.0,4.563097658845708
2026-02-21,10,Delaware,49.0,4.658162193404993
2026-02-28,10,Delaware,40.0,3.802581382371423
2026-03-07,10,Delaware,31.0,2.9470005713378526
2026-03-14,10,Delaware,38.0,3.612452313252852
2026-03-21,10,Delaware,24.0,2.281548829422854
2026-03-28,10,Delaware,4.0,0.3802581382371423
2026-04-04,10,Delaware,7.0,0.665451741914999
2026-04-11,10,Delaware,6.0,0.5703872073557135
2026-04-18,10,Delaware,2.0,0.19012906911857114
2022-10-08,19,Iowa,6.0,0.18510017621536776
2022-10-15,19,Iowa,7.0,0.2159502055845957
2022-10-22,19,Iowa,9.0,0.2776502643230516
2022-10-29,19,Iowa,15.0,0.4627504405384194
2022-11-05,19,Iowa,16.0,0.49360046990764733
2022-11-12,19,Iowa,20.0,0.6170005873845592
2022-11-19,19,Iowa,37.0,1.1414510866614345
2022-11-26,19,Iowa,104.0,3.208403054399708
2022-12-03,19,Iowa,208.0,6.416806108799416
2022-12-10,19,Iowa,231.0,7.126356784291659
2022-12-17,19,Iowa,325.0,10.026259544999087
2022-12-24,19,Iowa,328.0,10.118809633106771
2022-12-31,19,Iowa,320.0,9.872009398152947
2023-01-07,19,Iowa,218.0,6.725306402491695
2023-01-14,19,Iowa,96.0,2.961602819445884
2023-01-21,19,Iowa,43.0,1.3265512628768024
2023-01-28,19,Iowa,47.0,1.449951380353714
2023-02-04,19,Iowa,13.0,0.4010503817999635
2023-02-11,19,Iowa,15.0,0.4627504405384194
2023-02-18,19,Iowa,9.0,0.2776502643230516
2023-02-25,19,Iowa,11.0,0.33935032306150753
2023-03-04,19,Iowa,6.0,0.18510017621536776
2023-03-11,19,Iowa,12.0,0.3702003524307355
2023-03-18,19,Iowa,7.0,0.2159502055845957
2023-03-25,19,Iowa,7.0,0.2159502055845957
2023-04-01,19,Iowa,4.0,0.12340011747691183
2023-04-08,19,Iowa,2.0,0.06170005873845592
2023-04-15,19,Iowa,5.0,0.1542501468461398
2023-04-22,19,Iowa,0.0,0.0
2023-04-29,19,Iowa,12.0,0.3702003524307355
2023-05-06,19,Iowa,5.0,0.1542501468461398
2023-05-13,19,Iowa,5.0,0.1542501468461398
2023-05-20,19,Iowa,3.0,0.09255008810768388
2023-05-27,19,Iowa,4.0,0.12340011747691183
2023-06-03,19,Iowa,0.0,0.0
2023-06-10,19,Iowa,4.0,0.12340011747691183
2023-06-17,19,Iowa,2.0,0.06170005873845592
2023-06-24,19,Iowa,1.0,0.03085002936922796
2023-07-01,19,Iowa,2.0,0.06170005873845592
2023-07-08,19,Iowa,2.0,0.06170005873845592
2023-07-15,19,Iowa,0.0,0.0
2023-07-22,19,Iowa,2.0,0.06170005873845592
2023-07-29,19,Iowa,0.0,0.0
2023-08-05,19,Iowa,1.0,0.03085002936922796
2023-08-12,19,Iowa,0.0,0.0
2023-08-19,19,Iowa,2.0,0.06170005873845592
2023-08-26,19,Iowa,2.0,0.06170005873845592
2023-09-02,19,Iowa,4.0,0.12340011747691183
2023-09-09,19,Iowa,1.0,0.03085002936922796
2023-09-16,19,Iowa,0.0,0.0
2023-09-23,19,Iowa,0.0,0.0
2023-09-30,19,Iowa,4.0,0.12340011747691183
2024-10-05,21,Kentucky,0.0,0.0
2024-10-12,21,Kentucky,0.0,0.0
2024-10-19,21,Kentucky,2.0,0.043588444877616726
2024-10-26,21,Kentucky,4.0,0.08717688975523345
2024-11-02,21,Kentucky,7.0,0.15255955707165852
2024-11-09,21,Kentucky,16.0,0.3487075590209338
2024-11-16,21,Kentucky,18.0,0.3922960038985505
2024-11-23,21,Kentucky,20.0,0.4358844487761672
2024-11-30,21,Kentucky,24.0,0.5230613385314007
2024-12-07,21,Kentucky,53.0,1.1550937892568431
2024-12-14,21,Kentucky,79.0,1.7217435726658605
2024-12-21,21,Kentucky,200.0,4.358844487761672
2024-12-28,21,Kentucky,515.0,11.224024555986306
2025-01-04,21,Kentucky,678.0,14.77648281351207
2025-01-11,21,Kentucky,463.0,10.09072498916827
2025-01-18,21,Kentucky,397.0,8.652306308206919
2025-01-25,21,Kentucky,439.0,9.56766365063687
2025-02-01,21,Kentucky,741.0,16.149518827156996
2025-02-08,21,Kentucky,1196.0,26.0658900368148
2025-02-15,21,Kentucky,1203.0,26.218449593886458
2025-02-22,21,Kentucky,896.0,19.52762330517229
2025-03-01,21,Kentucky,774.0,16.868728167637673
2025-03-08,21,Kentucky,633.0,13.795742803765693
2025-03-15,21,Kentucky,494.0,10.766345884771331
2025-03-22,21,Kentucky,372.0,8.10745074723671
2025-03-29,21,Kentucky,267.0,5.819057391161833
2025-04-05,21,Kentucky,175.0,3.8139889267914633
2025-04-12,21,Kentucky,88.0,1.917891574615136
2025-04-19,21,Kentucky,49.0,1.0679168995016097
2025-04-26,21,Kentucky,39.0,0.8499746751135261
2025-05-03,21,Kentucky,21.0,0.4576786712149756
2025-05-10,21,Kentucky,19.0,0.41409022633735887
2025-05-17,21,Kentucky,15.0,0.3269133365821254
2025-05-24,21,Kentucky,18.0,0.3922960038985505
2025-05-31,21,Kentucky,21.0,0.4576786712149756
2025-06-07,21,Kentucky,20.0,0.4358844487761672
2025-06-14,21,Kentucky,19.0,0.41409022633735887
2025-06-21,21,Kentucky,13.0,0.2833248917045087
2025-06-28,21,Kentucky,12.0,0.26153066926570034
2025-07-05,21,Kentucky,11.0,0.239736446826892
2025-07-12,21,Kentucky,8.0,0.1743537795104669
2025-07-19,21,Kentucky,9.0,0.19614800194927526
2025-07-26,21,Kentucky,16.0,0.3487075590209338
2025-08-02,21,Kentucky,5.0,0.1089711121940418
2025-08-09,21,Kentucky,2.0,0.043588444877616726
2025-08-16,21,Kentucky,6.0,0.13076533463285017
2025-08-23,21,Kentucky,4.0,0.08717688975523345
2025-08-30,21,Kentucky,7.0,0.15255955707165852
2025-09-06,21,Kentucky,8.0,0.1743537795104669
2025-09-13,21,Kentucky,19.0,0.41409022633735887
2025-09-20,21,Kentucky,14.0,0.30511911414331705
2025-09-27,21,Kentucky,17.0,0.37050178145974216
2021-10-09,22,Louisiana,9.0,0.1957483459264769
2021-10-16,22,Louisiana,21.0,0.4567461404951128
2021-10-23,22,Louisiana,11.0,0.2392479783545829
2021-10-30,22,Louisiana,6.0,0.13049889728431796
2021-11-06,22,Louisiana,10.0,0.21749816214052992
2021-11-13,22,Louisiana,15.0,0.32624724321079485
2021-11-20,22,Louisiana,4.0,0.08699926485621197
2021-11-27,22,Louisiana,13.0,0.2827476107826889
2021-12-04,22,Louisiana,50.0,1.0874908107026495
2021-12-11,22,Louisiana,73.0,1.5877365836258683
2021-12-18,22,Louisiana,80.0,1.7399852971242393
2021-12-25,22,Louisiana,113.0,2.457729232187988
2022-01-01,22,Louisiana,171.0,3.7192185726030615
2022-01-08,22,Louisiana,123.0,2.675227394328518
2022-01-15,22,Louisiana,60.0,1.3049889728431794
2022-01-22,22,Louisiana,46.0,1.0004915458464376
2022-01-29,22,Louisiana,42.0,0.9134922809902256
2022-02-05,22,Louisiana,74.0,1.6094863998399214
2022-02-12,22,Louisiana,85.0,1.8487343781945043
2022-02-19,22,Louisiana,170.0,3.6974687563890085
2022-02-26,22,Louisiana,116.0,2.522978680830147
2022-03-05,22,Louisiana,80.0,1.7399852971242393
2022-03-12,22,Louisiana,62.0,1.3484886052712854
2022-03-19,22,Louisiana,64.0,1.3919882376993915
2022-03-26,22,Louisiana,74.0,1.6094863998399214
2022-04-02,22,Louisiana,63.0,1.3702384214853385
2022-04-09,22,Louisiana,30.0,0.6524944864215897
2022-04-16,22,Louisiana,48.0,1.0439911782745437
2022-04-23,22,Louisiana,44.0,0.9569919134183316
2022-04-30,22,Louisiana,24.0,0.5219955891372718
2022-05-07,22,Louisiana,35.0,0.7612435674918547
2022-05-14,22,Louisiana,32.0,0.6959941188496958
2022-05-21,22,Louisiana,36.0,0.7829933837059077
2022-05-28,22,Louisiana,14.0,0.30449742699674187
2022-06-04,22,Louisiana,19.0,0.41324650806700686
2022-06-11,22,Louisiana,28.0,0.6089948539934837
2022-06-18,22,Louisiana,12.0,0.2609977945686359
2022-06-25,22,Louisiana,11.0,0.2392479783545829
2022-07-02,22,Louisiana,7.0,0.15224871349837094
2022-07-09,22,Louisiana,1.0,0.021749816214052992
2022-07-16,22,Louisiana,4.0,0.08699926485621197
2022-07-23,22,Louisiana,18.0,0.3914966918529538
2022-07-30,22,Louisiana,4.0,0.08699926485621197
2022-08-06,22,Louisiana,6.0,0.13049889728431796
2022-08-13,22,Louisiana,13.0,0.2827476107826889
2022-08-20,22,Louisiana,8.0,0.17399852971242394
2022-08-27,22,Louisiana,11.0,0.2392479783545829
2022-09-03,22,Louisiana,10.0,0.21749816214052992
2022-09-10,22,Louisiana,16.0,0.3479970594248479
2022-09-17,22,Louisiana,19.0,0.41324650806700686
2022-09-24,22,Louisiana,18.0,0.3914966918529538
2022-10-01,22,Louisiana,47.0,1.0222413620604907
2023-10-07,22,Louisiana,19.0,0.41324650806700686
2023-10-14,22,Louisiana,28.0,0.6089948539934837
2023-10-21,22,Louisiana,31.0,0.6742443026356427
2023-10-28,22,Louisiana,46.0,1.0004915458464376
2023-11-04,22,Louisiana,40.0,0.8699926485621197
2023-11-11,22,Louisiana,65.0,1.4137380539134445
2023-11-18,22,Louisiana,96.0,2.0879823565490874
2023-11-25,22,Louisiana,115.0,2.501228864616094
2023-12-02,22,Louisiana,121.0,2.631727761900412
2023-12-09,22,Louisiana,158.0,3.4364709618203726
2023-12-16,22,Louisiana,178.0,3.8714672861014323
2023-12-23,22,Louisiana,306.0,6.655443761500215
2023-12-30,22,Louisiana,381.0,8.28667997755419
2024-01-06,22,Louisiana,304.0,6.61194412907211
2024-01-13,22,Louisiana,252.0,5.480953685941354
2024-01-20,22,Louisiana,141.0,3.066724086181472
2024-01-27,22,Louisiana,130.0,2.827476107826889
2024-02-03,22,Louisiana,123.0,2.675227394328518
2024-02-10,22,Louisiana,97.0,2.10973217276314
2024-02-17,22,Louisiana,85.0,1.8487343781945043
2024-02-24,22,Louisiana,94.0,2.0444827241209813
2024-03-02,22,Louisiana,77.0,1.6747358484820802
2024-03-09,22,Louisiana,55.0,1.1962398917729145
2024-03-16,22,Louisiana,40.0,0.8699926485621197
2024-03-23,22,Louisiana,33.0,0.7177439350637487
2024-03-30,22,Louisiana,47.0,1.0222413620604907
2024-04-06,22,Louisiana,32.0,0.6959941188496958
2024-04-13,22,Louisiana,30.0,0.6524944864215897
2024-04-20,22,Louisiana,24.0,0.5219955891372718
2024-04-27,22,Louisiana,17.0,0.36974687563890085
2024-05-04,22,Louisiana,9.0,0.1957483459264769
2024-05-11,22,Louisiana,8.0,0.17399852971242394
2024-05-18,22,Louisiana,3.0,0.06524944864215898
2024-05-25,22,Louisiana,9.0,0.1957483459264769
2024-06-01,22,Louisiana,6.0,0.13049889728431796
2024-06-08,22,Louisiana,5.0,0.10874908107026496
2024-06-15,22,Louisiana,4.0,0.08699926485621197
2024-06-22,22,Louisiana,4.0,0.08699926485621197
2024-06-29,22,Louisiana,5.0,0.10874908107026496
2024-07-06,22,Louisiana,5.0,0.10874908107026496
2024-07-13,22,Louisiana,0.0,0.0
2024-07-20,22,Louisiana,5.0,0.10874908107026496
2024-07-27,22,Louisiana,2.0,0.043499632428105985
2024-08-03,22,Louisiana,7.0,0.15224871349837094
2024-08-10,22,Louisiana,5.0,0.10874908107026496
2024-08-17,22,Louisiana,8.0,0.17399852971242394
2024-08-24,22,Louisiana,9.0,0.1957483459264769
2024-08-31,22,Louisiana,1.0,0.021749816214052992
2024-09-07,22,Louisiana,3.0,0.06524944864215898
2024-09-14,22,Louisiana,1.0,0.021749816214052992
2024-09-21,22,Louisiana,4.0,0.08699926485621197
2024-09-28,22,Louisiana,4.0,0.08699926485621197
2020-10-03,26,Michigan,0.0,0.0
2020-10-10,26,Michigan,0.0,0.0
2020-10-17,26,Michigan,0.0,0.0
2020-10-24,26,Michigan,7.0,0.06903040582285279
2020-10-31,26,Michigan,13.0,0.12819932509958376
2020-11-07,26,Michigan,9.0,0.08875337891509645
2020-11-14,26,Michigan,11.0,0.1084763520073401
2020-11-21,26,Michigan,16.0,0.15778378473794924
2020-11-28,26,Michigan,5.0,0.049307432730609134
2020-12-05,26,Michigan,8.0,0.07889189236897462
2020-12-12,26,Michigan,6.0,0.059168919276730965
2020-12-19,26,Michigan,11.0,0.1084763520073401
2020-12-26,26,Michigan,10.0,0.09861486546121827
2021-01-02,26,Michigan,5.0,0.049307432730609134
2021-01-09,26,Michigan,6.0,0.059168919276730965
2021-01-16,26,Michigan,6.0,0.059168919276730965
2021-01-23,26,Michigan,6.0,0.059168919276730965
2021-01-30,26,Michigan,3.0,0.029584459638365482
2021-02-06,26,Michigan,2.0,0.019722973092243655
2021-02-13,26,Michigan,0.0,0.0
2021-02-20,26,Michigan,1.0,0.009861486546121827
2021-02-27,26,Michigan,4.0,0.03944594618448731
2021-03-06,26,Michigan,3.0,0.029584459638365482
2021-03-13,26,Michigan,2.0,0.019722973092243655
2021-03-20,26,Michigan,0.0,0.0
2021-03-27,26,Michigan,0.0,0.0
2021-04-03,26,Michigan,1.0,0.009861486546121827
2021-04-10,26,Michigan,5.0,0.049307432730609134
2021-04-17,26,Michigan,16.0,0.15778378473794924
2021-04-24,26,Michigan,11.0,0.1084763520073401
2021-05-01,26,Michigan,3.0,0.029584459638365482
2021-05-08,26,Michigan,1.0,0.009861486546121827
2021-05-15,26,Michigan,3.0,0.029584459638365482
2021-05-22,26,Michigan,0.0,0.0
2021-05-29,26,Michigan,2.0,0.019722973092243655
2021-06-05,26,Michigan,1.0,0.009861486546121827
2021-06-12,26,Michigan,0.0,0.0
2021-06-19,26,Michigan,0.0,0.0
2021-06-26,26,Michigan,0.0,0.0
2021-07-03,26,Michigan,0.0,0.0
2021-07-10,26,Michigan,0.0,0.0
2021-07-17,26,Michigan,1.0,0.009861486546121827
2021-07-24,26,Michigan,0.0,0.0
2021-07-31,26,Michigan,0.0,0.0
2021-08-07,26,Michigan,2.0,0.019722973092243655
2021-08-14,26,Michigan,1.0,0.009861486546121827
2021-08-21,26,Michigan,2.0,0.019722973092243655
2021-08-28,26,Michigan,2.0,0.019722973092243655
2021-09-04,26,Michigan,2.0,0.019722973092243655
2021-09-11,26,Michigan,1.0,0.009861486546121827
2021-09-18,26,Michigan,0.0,0.0
2021-09-25,26,Michigan,1.0,0.009861486546121827
2021-10-02,26,Michigan,6.0,0.059168919276730965
2022-10-08,26,Michigan,12.0,0.11833783855346193
2022-10-15,26,Michigan,15.0,0.14792229819182742
2022-10-22,26,Michigan,12.0,0.11833783855346193
2022-10-29,26,Michigan,48.0,0.4733513542138477
2022-11-05,26,Michigan,55.0,0.5423817600367005
2022-11-12,26,Michigan,88.0,0.8678108160587208
2022-11-19,26,Michigan,165.0,1.6271452801101016
2022-11-26,26,Michigan,290.0,2.85983109837533
2022-12-03,26,Michigan,459.0,4.526422324669919
2022-12-10,26,Michigan,591.0,5.828138548758
2022-12-17,26,Michigan,894.0,8.816168972232914
2022-12-24,26,Michigan,1123.0,11.074449391294813
2022-12-31,26,Michigan,1137.0,11.212510202940518
2023-01-07,26,Michigan,714.0,7.041101393930985
2023-01-14,26,Michigan,320.0,3.1556756947589846
2023-01-21,26,Michigan,171.0,1.6863141993868325
2023-01-28,26,Michigan,84.0,0.8283648698742335
2023-02-04,26,Michigan,87.0,0.857949329512599
2023-02-11,26,Michigan,56.0,0.5522432465828223
2023-02-18,26,Michigan,60.0,0.5916891927673097
2023-02-25,26,Michigan,54.0,0.5325202734905787
2023-03-04,26,Michigan,51.0,0.5029358138522132
2023-03-11,26,Michigan,36.0,0.3550135156603858
2023-03-18,26,Michigan,33.0,0.3254290560220203
2023-03-25,26,Michigan,21.0,0.20709121746855838
2023-04-01,26,Michigan,17.0,0.16764527128407106
2023-04-08,26,Michigan,25.0,0.24653716365304568
2023-04-15,26,Michigan,16.0,0.15778378473794924
2023-04-22,26,Michigan,8.0,0.07889189236897462
2023-04-29,26,Michigan,7.0,0.06903040582285279
2023-05-06,26,Michigan,17.0,0.16764527128407106
2023-05-13,26,Michigan,17.0,0.16764527128407106
2023-05-20,26,Michigan,13.0,0.12819932509958376
2023-05-27,26,Michigan,18.0,0.1775067578301929
2023-06-03,26,Michigan,14.0,0.13806081164570558
2023-06-10,26,Michigan,14.0,0.13806081164570558
2023-06-17,26,Michigan,20.0,0.19722973092243654
2023-06-24,26,Michigan,14.0,0.13806081164570558
2023-07-01,26,Michigan,9.0,0.08875337891509645
2023-07-08,26,Michigan,5.0,0.049307432730609134
2023-07-15,26,Michigan,3.0,0.029584459638365482
2023-07-22,26,Michigan,3.0,0.029584459638365482
2023-07-29,26,Michigan,4.0,0.03944594618448731
2023-08-05,26,Michigan,4.0,0.03944594618448731
2023-08-12,26,Michigan,11.0,0.1084763520073401
2023-08-19,26,Michigan,18.0,0.1775067578301929
2023-08-26,26,Michigan,10.0,0.09861486546121827
2023-09-02,26,Michigan,12.0,0.11833783855346193
2023-09-09,26,Michigan,2.0,0.019722973092243655
2023-09-16,26,Michigan,9.0,0.08875337891509645
2023-09-23,26,Michigan,17.0,0.16764527128407106
2023-09-30,26,Michigan,12.0,0.11833783855346193
2025-10-04,28,Mississippi,15.0,0.5096762027084193
2025-10-11,28,Mississippi,16.0,0.5436546162223139
2025-10-18,28,Mississippi,18.0,0.6116114432501032
2025-10-25,28,Mississippi,16.0,0.5436546162223139
2025-11-01,28,Mississippi,16.0,0.5436546162223139
2025-11-08,28,Mississippi,17.0,0.5776330297362086
2025-11-15,28,Mississippi,21.0,0.7135466837917871
2025-11-22,28,Mississippi,27.0,0.9174171648751548
2025-11-29,28,Mississippi,24.0,0.815481924333471
2025-12-06,28,Mississippi,42.0,1.4270933675835742
2025-12-13,28,Mississippi,74.0,2.5144026000282023
2025-12-20,28,Mississippi,147.0,4.994826786542509
2025-12-27,28,Mississippi,247.0,8.392668137931972
2026-01-03,28,Mississippi,230.0,7.815035108195763
2026-01-10,28,Mississippi,194.0,6.591812221695557
2026-01-17,28,Mississippi,142.0,4.8249347189730365
2026-01-24,28,Mississippi,115.0,3.9075175540978817
2026-01-31,28,Mississippi,132.0,4.48515058383409
2026-02-07,28,Mississippi,200.0,6.795682702778924
2026-02-14,28,Mississippi,243.0,8.256754483876394
2026-02-21,28,Mississippi,227.0,7.713099867654079
2026-02-28,28,Mississippi,150.0,5.096762027084194
2026-03-07,28,Mississippi,135.0,4.587085824375774
2026-03-14,28,Mississippi,100.0,3.397841351389462
2026-03-21,28,Mississippi,64.0,2.1746184648892557
2026-03-28,28,Mississippi,31.0,1.0533308189307333
2026-04-04,28,Mississippi,18.0,0.6116114432501032
2026-04-11,28,Mississippi,13.0,0.4417193756806301
2026-04-18,28,Mississippi,14.0,0.4756977891945247
2025-10-04,34,New Jersey,16.0,0.16840596700232432
2025-10-11,34,New Jersey,14.0,0.14735522112703378
2025-10-18,34,New Jersey,30.0,0.3157611881293581
2025-10-25,34,New Jersey,28.0,0.29471044225406756
2025-11-01,34,New Jersey,35.0,0.36838805281758447
2025-11-08,34,New Jersey,47.0,0.4946925280693277
2025-11-15,34,New Jersey,56.0,0.5894208845081351
2025-11-22,34,New Jersey,73.0,0.7683522244481047
2025-11-29,34,New Jersey,154.0,1.6209074323973716
2025-12-06,34,New Jersey,277.0,2.91552830372774
2025-12-13,34,New Jersey,588.0,6.188919287335419
2025-12-20,34,New Jersey,1082.0,11.388453518532183
2025-12-27,34,New Jersey,1466.0,15.430196726587965
2026-01-03,34,New Jersey,1724.0,18.145742944500444
2026-01-10,34,New Jersey,1208.0,12.714650508675486
2026-01-17,34,New Jersey,653.0,6.873068528282361
2026-01-24,34,New Jersey,399.0,4.199623802120462
2026-01-31,34,New Jersey,298.0,3.1365611354182903
2026-02-07,34,New Jersey,202.0,2.1261253334043446
2026-02-14,34,New Jersey,193.0,2.031396976965537
2026-02-21,34,New Jersey,231.0,2.4313611485960576
2026-02-28,34,New Jersey,220.0,2.315582046281959
2026-03-07,34,New Jersey,173.0,1.8208895182126317
2026-03-14,34,New Jersey,171.0,1.7998387723373412
2026-03-21,34,New Jersey,161.0,1.6945850429608884
2026-03-28,34,New Jersey,63.0,0.663098495071652
2026-04-04,34,New Jersey,65.0,0.6841492409469425
2026-04-11,34,New Jersey,53.0,0.5578447656951993
2026-04-18,34,New Jersey,29.0,0.30523581519171283
2021-10-09,40,Oklahoma,14.0,0.34184753453453676
2021-10-16,40,Oklahoma,14.0,0.34184753453453676
2021-10-23,40,Oklahoma,10.0,0.24417681038181197
2021-10-30,40,Oklahoma,6.0,0.14650608622908717
2021-11-06,40,Oklahoma,8.0,0.19534144830544956
2021-11-13,40,Oklahoma,10.0,0.24417681038181197
2021-11-20,40,Oklahoma,10.0,0.24417681038181197
2021-11-27,40,Oklahoma,15.0,0.3662652155727179
2021-12-04,40,Oklahoma,19.0,0.4639359397254427
2021-12-11,40,Oklahoma,32.0,0.7813657932217982
2021-12-18,40,Oklahoma,30.0,0.7325304311454358
2021-12-25,40,Oklahoma,69.0,1.6848199916345026
2022-01-01,40,Oklahoma,147.0,3.589399112612636
2022-01-08,40,Oklahoma,122.0,2.978957086658106
2022-01-15,40,Oklahoma,102.0,2.490603465894482
2022-01-22,40,Oklahoma,34.0,0.8302011552981606
2022-01-29,40,Oklahoma,39.0,0.9522895604890667
2022-02-05,40,Oklahoma,49.0,1.1964663708708785
2022-02-12,40,Oklahoma,68.0,1.6604023105963213
2022-02-19,40,Oklahoma,74.0,1.8069083968254085
2022-02-26,40,Oklahoma,75.0,1.8313260778635896
2022-03-05,40,Oklahoma,82.0,2.002249845130858
2022-03-12,40,Oklahoma,116.0,2.832451000429019
2022-03-19,40,Oklahoma,161.0,3.9312466471471725
2022-03-26,40,Oklahoma,156.0,3.8091582419562666
2022-04-02,40,Oklahoma,165.0,4.028917371299897
2022-04-09,40,Oklahoma,118.0,2.881286362505381
2022-04-16,40,Oklahoma,100.0,2.4417681038181196
2022-04-23,40,Oklahoma,76.0,1.855743758901771
2022-04-30,40,Oklahoma,45.0,1.0987956467181539
2022-05-07,40,Oklahoma,34.0,0.8302011552981606
2022-05-14,40,Oklahoma,47.0,1.147631008794516
2022-05-21,40,Oklahoma,29.0,0.7081127501072547
2022-05-28,40,Oklahoma,39.0,0.9522895604890667
2022-06-04,40,Oklahoma,33.0,0.8057834742599794
2022-06-11,40,Oklahoma,26.0,0.6348597069927111
2022-06-18,40,Oklahoma,28.0,0.6836950690690735
2022-06-25,40,Oklahoma,28.0,0.6836950690690735
2022-07-02,40,Oklahoma,25.0,0.6104420259545299
2022-07-09,40,Oklahoma,26.0,0.6348597069927111
2022-07-16,40,Oklahoma,24.0,0.5860243449163487
2022-07-23,40,Oklahoma,5.0,0.12208840519090598
2022-07-30,40,Oklahoma,6.0,0.14650608622908717
2022-08-06,40,Oklahoma,22.0,0.5371889828399863
2022-08-13,40,Oklahoma,11.0,0.26859449141999314
2022-08-20,40,Oklahoma,4.0,0.09767072415272478
2022-08-27,40,Oklahoma,8.0,0.19534144830544956
2022-09-03,40,Oklahoma,7.0,0.17092376726726838
2022-09-10,40,Oklahoma,11.0,0.26859449141999314
2022-09-17,40,Oklahoma,12.0,0.29301217245817435
2022-09-24,40,Oklahoma,6.0,0.14650608622908717
2022-10-01,40,Oklahoma,8.0,0.19534144830544956
2022-10-08,42,Pennsylvania,58.0,0.4434674228448879
2022-10-15,42,Pennsylvania,77.0,0.5887412337768338
2022-10-22,42,Pennsylvania,90.0,0.6881391044144811
2022-10-29,42,Pennsylvania,166.0,1.2692343481422652
2022-11-05,42,Pennsylvania,228.0,1.7432857311833523
2022-11-12,42,Pennsylvania,343.0,2.6225745868240784
2022-11-19,42,Pennsylvania,399.0,3.0507500295708665
2022-11-26,42,Pennsylvania,700.0,5.352193034334854
2022-12-03,42,Pennsylvania,1296.0,9.90920310356853
2022-12-10,42,Pennsylvania,1184.0,9.052852218074952
2022-12-17,42,Pennsylvania,1042.0,7.967121631109882
2022-12-24,42,Pennsylvania,1045.0,7.990059601257031
2022-12-31,42,Pennsylvania,1099.0,8.40294306390572
2023-01-07,42,Pennsylvania,809.0,6.185605949681281
2023-01-14,42,Pennsylvania,450.0,3.440695522072406
2023-01-21,42,Pennsylvania,302.0,2.309088994813037
2023-01-28,42,Pennsylvania,235.0,1.7968076615267008
2023-02-04,42,Pennsylvania,190.0,1.4527381093194602
2023-02-11,42,Pennsylvania,180.0,1.3762782088289622
2023-02-18,42,Pennsylvania,193.0,1.4756760794666097
2023-02-25,42,Pennsylvania,168.0,1.284526328240365
2023-03-04,42,Pennsylvania,169.0,1.2921723182894147
2023-03-11,42,Pennsylvania,174.0,1.3304022685346637
2023-03-18,42,Pennsylvania,153.0,1.169836477504618
2023-03-25,42,Pennsylvania,154.0,1.1774824675536677
2023-04-01,42,Pennsylvania,103.0,0.7875369750521285
2023-04-08,42,Pennsylvania,65.0,0.4969893531882364
2023-04-15,42,Pennsylvania,66.0,0.5046353432372862
2023-04-22,42,Pennsylvania,82.0,0.6269711840220829
2023-04-29,42,Pennsylvania,80.0,0.6116792039239832
2023-05-06,42,Pennsylvania,46.0,0.35171554225629037
2023-05-13,42,Pennsylvania,62.0,0.474051383041087
2023-05-20,42,Pennsylvania,54.0,0.4128834626486887
2023-05-27,42,Pennsylvania,57.0,0.43582143279583807
2023-06-03,42,Pennsylvania,66.0,0.5046353432372862
2023-06-10,42,Pennsylvania,60.0,0.45875940294298745
2023-06-17,42,Pennsylvania,56.0,0.42817544274678826
2023-06-24,42,Pennsylvania,49.0,0.37465351240343975
2023-07-01,42,Pennsylvania,47.0,0.3593615323053402
2023-07-08,42,Pennsylvania,46.0,0.35171554225629037
2023-07-15,42,Pennsylvania,41.0,0.3134855920110414
2023-07-22,42,Pennsylvania,37.0,0.28290163181484224
2023-07-29,42,Pennsylvania,36.0,0.2752556417657925
2023-08-05,42,Pennsylvania,51.0,0.3899454925015393
2023-08-12,42,Pennsylvania,37.0,0.28290163181484224
2023-08-19,42,Pennsylvania,37.0,0.28290163181484224
2023-08-26,42,Pennsylvania,56.0,0.42817544274678826
2023-09-02,42,Pennsylvania,41.0,0.3134855920110414
2023-09-09,42,Pennsylvania,43.0,0.328777572109141
2023-09-16,42,Pennsylvania,47.0,0.3593615323053402
2023-09-23,42,Pennsylvania,46.0,0.35171554225629037
2023-09-30,42,Pennsylvania,58.0,0.4434674228448879
2020-08-08,,,0.0,
2020-08-15,,,0.0,
2020-08-22,,,0.0,
2020-08-29,,,0.0,
2020-09-05,,,0.0,
2020-09-12,,,0.0,
2020-09-19,,,0.0,
2020-09-26,,,0.0,
2021-10-09,,,32.0,
2021-10-16,,,34.0,
2021-10-23,,,44.0,
2021-10-30,,,35.0,
2021-11-06,,,22.0,
2021-11-13,,,39.0,
2021-11-20,,,41.0,
2021-11-27,,,52.0,
2021-12-04,,,99.0,
2021-12-11,,,144.0,
2021-12-18,,,151.0,
2021-12-25,,,170.0,
2022-01-01,,,200.0,
2022-01-08,,,162.0,
2022-01-15,,,116.0,
2022-01-22,,,93.0,
2022-01-29,,,78.0,
2022-02-05,,,90.0,
2022-02-12,,,92.0,
2022-02-19,,,137.0,
2022-02-26,,,127.0,
2022-03-05,,,141.0,
2022-03-12,,,145.0,
2022-03-19,,,201.0,
2022-03-26,,,200.0,
2022-04-02,,,252.0,
2022-04-09,,,310.0,
2022-04-16,,,374.0,
2022-04-23,,,342.0,
2022-04-30,,,313.0,
2022-05-07,,,263.0,
2022-05-14,,,298.0,
2022-05-21,,,258.0,
2022-05-28,,,159.0,
2022-06-04,,,141.0,
2022-06-11,,,126.0,
2022-06-18,,,99.0,
2022-06-25,,,100.0,
2022-07-02,,,89.0,
2022-07-09,,,72.0,
2022-07-16,,,54.0,
2022-07-23,,,65.0,
2022-07-30,,,54.0,
2022-08-06,,,42.0,
2022-08-13,,,60.0,
2022-08-20,,,61.0,
2022-08-27,,,42.0,
2022-09-03,,,54.0,
2022-09-10,,,60.0,
2022-09-17,,,70.0,
2022-09-24,,,55.0,
2022-10-01,,,81.0,
2022-10-08,,,129.0,
2022-10-15,,,170.0,
2022-10-22,,,231.0,
2022-10-29,,,514.0,
2022-11-05,,,823.0,
2022-11-12,,,1080.0,
2022-11-19,,,1095.0,
2022-11-26,,,1673.0,
2022-12-03,,,2671.0,
2022-12-10,,,2193.0,
2022-12-17,,,1832.0,
2022-12-24,,,1745.0,
2022-12-31,,,1847.0,
2023-01-07,,,1409.0,
2023-01-14,,,735.0,
2023-01-21,,,469.0,
2023-01-28,,,368.0,
2023-02-04,,,343.0,
2023-02-11,,,307.0,
2023-02-18,,,291.0,
2023-02-25,,,273.0,
2023-03-04,,,255.0,
2023-03-11,,,237.0,
2023-03-18,,,233.0,
2023-03-25,,,245.0,
2023-04-01,,,183.0,
2023-04-08,,,142.0,
2023-04-15,,,124.0,
2023-04-22,,,144.0,
2023-04-29,,,128.0,
2023-05-06,,,117.0,
2023-05-13,,,124.0,
2023-05-20,,,105.0,
2023-05-27,,,129.0,
2023-06-03,,,121.0,
2023-06-10,,,101.0,
2023-06-17,,,92.0,
2023-06-24,,,83.0,
2023-07-01,,,90.0,
2023-07-08,,,90.0,
2023-07-15,,,79.0,
2023-07-22,,,66.0,
2023-07-29,,,73.0,
2023-08-05,,,90.0,
2023-08-12,,,76.0,
2023-08-19,,,88.0,
2023-08-26,,,90.0,
2023-09-02,,,77.0,
2023-09-09,,,91.0,
2023-09-16,,,86.0,
2023-09-23,,,93.0,
2023-09-30,,,122.0,
2023-10-07,46,South Dakota,0.0,0.0
2023-10-14,46,South Dakota,0.0,0.0
2023-10-21,46,South Dakota,2.0,0.21629361425547952
2023-10-28,46,South Dakota,3.0,0.32444042138321927
2023-11-04,46,South Dakota,1.0,0.10814680712773976
2023-11-11,46,South Dakota,2.0,0.21629361425547952
2023-11-18,46,South Dakota,1.0,0.10814680712773976
2023-11-25,46,South Dakota,2.0,0.21629361425547952
2023-12-02,46,South Dakota,7.0,0.7570276498941784
2023-12-09,46,South Dakota,6.0,0.6488808427664385
2023-12-16,46,South Dakota,13.0,1.405908492660617
2023-12-23,46,South Dakota,33.0,3.568844635215412
2023-12-30,46,South Dakota,48.0,5.191046742131508
2024-01-06,46,South Dakota,54.0,5.839927584897947
2024-01-13,46,South Dakota,32.0,3.4606978280876723
2024-01-20,46,South Dakota,16.0,1.7303489140438362
2024-01-27,46,South Dakota,27.0,2.9199637924489736
2024-02-03,46,South Dakota,23.0,2.4873765639380148
2024-02-10,46,South Dakota,18.0,1.9466425282993158
2024-02-17,46,South Dakota,26.0,2.811816985321234
2024-02-24,46,South Dakota,42.0,4.54216589936507
2024-03-02,46,South Dakota,46.0,4.9747531278760295
2024-03-09,46,South Dakota,37.0,4.0014318637263715
2024-03-16,46,South Dakota,43.0,4.65031270649281
2024-03-23,46,South Dakota,59.0,6.380661620536646
2024-03-30,46,South Dakota,33.0,3.568844635215412
2024-04-06,46,South Dakota,37.0,4.0014318637263715
2024-04-13,46,South Dakota,14.0,1.5140552997883567
2024-04-20,46,South Dakota,24.0,2.595523371065754
2024-04-27,46,South Dakota,14.0,1.5140552997883567
2024-05-04,46,South Dakota,7.0,0.7570276498941784
2024-05-11,46,South Dakota,1.0,0.10814680712773976
2024-05-18,46,South Dakota,0.0,0.0
2024-05-25,46,South Dakota,1.0,0.10814680712773976
2024-06-01,46,South Dakota,0.0,0.0
2024-06-08,46,South Dakota,0.0,0.0
2024-06-15,46,South Dakota,0.0,0.0
2024-06-22,46,South Dakota,0.0,0.0
2024-06-29,46,South Dakota,0.0,0.0
2024-07-06,46,South Dakota,0.0,0.0
2024-07-13,46,South Dakota,0.0,0.0
2024-07-20,46,South Dakota,0.0,0.0
2024-07-27,46,South Dakota,0.0,0.0
2024-08-03,46,South Dakota,0.0,0.0
2024-08-10,46,South Dakota,0.0,0.0
2024-08-17,46,South Dakota,1.0,0.10814680712773976
2024-08-24,46,South Dakota,0.0,0.0
2024-08-31,46,South Dakota,1.0,0.10814680712773976
2024-09-07,46,South Dakota,0.0,0.0
2024-09-14,46,South Dakota,1.0,0.10814680712773976
2024-09-21,46,South Dakota,2.0,0.21629361425547952
2024-09-28,46,South Dakota,0.0,0.0
2020-08-08,US,US,0.0,0.0
2020-08-15,US,US,0.0,0.0
2020-08-22,US,US,0.0,0.0
2020-08-29,US,US,0.0,0.0
2020-09-05,US,US,0.0,0.0
2020-09-12,US,US,0.0,0.0
2020-09-19,US,US,0.0,0.0
2020-09-26,US,US,0.0,0.0
2025-10-04,51,Virginia,15.0,0.17023797566618376
2025-10-11,51,Virginia,18.0,0.2042855707994205
2025-10-18,51,Virginia,13.0,0.14753957891069258
2025-10-25,51,Virginia,12.0,0.13619038053294702
2025-11-01,51,Virginia,15.0,0.17023797566618376
2025-11-08,51,Virginia,30.0,0.3404759513323675
2025-11-15,51,Virginia,34.0,0.3858727448433499
2025-11-22,51,Virginia,62.0,0.7036502994202262
2025-11-29,51,Virginia,99.0,1.1235706393968128
2025-12-06,51,Virginia,167.0,1.8953161290835125
2025-12-13,51,Virginia,195.0,2.213093683660389
2025-12-20,51,Virginia,357.0,4.051663820855174
2025-12-27,51,Virginia,843.0,9.567374232439526
2026-01-03,51,Virginia,1141.0,12.949435349007711
2026-01-10,51,Virginia,862.0,9.783009001616694
2026-01-17,51,Virginia,461.0,5.231980452140714
2026-01-24,51,Virginia,449.0,5.095790071607767
2026-01-31,51,Virginia,381.0,4.3240445819210676
2026-02-07,51,Virginia,279.0,3.1664263473910177
2026-02-14,51,Virginia,215.0,2.4400776512153004
2026-02-21,51,Virginia,284.0,3.223172339279746
2026-02-28,51,Virginia,209.0,2.371982460948827
2026-03-07,51,Virginia,187.0,2.122300096638424
2026-03-14,51,Virginia,122.0,1.3846022020849613
2026-03-21,51,Virginia,89.0,1.010078655619357
2026-03-28,51,Virginia,29.0,0.32912675295462196
2026-04-04,51,Virginia,26.0,0.29507915782138516
2026-04-11,51,Virginia,21.0,0.23833316593265727
2026-04-18,51,Virginia,12.0,0.13619038053294702
2024-10-05,50,Vermont,0.0,0.0
2024-10-12,50,Vermont,0.0,0.0
2024-10-19,50,Vermont,1.0,0.1542036691221031
2024-10-26,50,Vermont,0.0,0.0
2024-11-02,50,Vermont,0.0,0.0
2024-11-09,50,Vermont,0.0,0.0
2024-11-16,50,Vermont,3.0,0.4626110073663093
2024-11-23,50,Vermont,0.0,0.0
2024-11-30,50,Vermont,3.0,0.4626110073663093
2024-12-07,50,Vermont,0.0,0.0
2024-12-14,50,Vermont,8.0,1.2336293529768247
2024-12-21,50,Vermont,8.0,1.2336293529768247
2024-12-28,50,Vermont,19.0,2.9298697133199587
2025-01-04,50,Vermont,35.0,5.397128419273608
2025-01-11,50,Vermont,35.0,5.397128419273608
2025-01-18,50,Vermont,41.0,6.322350434006227
2025-01-25,50,Vermont,58.0,8.94381280908198
2025-02-01,50,Vermont,84.0,12.95310820625666
2025-02-08,50,Vermont,134.0,20.663291662361814
2025-02-15,50,Vermont,115.0,17.733421949041855
2025-02-22,50,Vermont,107.0,16.49979259606503
2025-03-01,50,Vermont,65.0,10.0232384929367
2025-03-08,50,Vermont,43.0,6.6307577722504325
2025-03-15,50,Vermont,32.0,4.934517411907299
2025-03-22,50,Vermont,34.0,5.242924750151505
2025-03-29,50,Vermont,26.0,4.0092953971746805
2025-04-05,50,Vermont,28.0,4.317702735418886
2025-04-12,50,Vermont,8.0,1.2336293529768247
2025-04-19,50,Vermont,12.0,1.8504440294652371
2025-04-26,50,Vermont,13.0,2.0046476985873403
2025-05-03,50,Vermont,3.0,0.4626110073663093
2025-05-10,50,Vermont,1.0,0.1542036691221031
2025-05-17,50,Vermont,2.0,0.3084073382442062
2025-05-24,50,Vermont,1.0,0.1542036691221031
2025-05-31,50,Vermont,1.0,0.1542036691221031
2025-06-07,50,Vermont,0.0,0.0
2025-06-14,50,Vermont,0.0,0.0
2025-06-21,50,Vermont,0.0,0.0
2025-06-28,50,Vermont,0.0,0.0
2025-07-05,50,Vermont,0.0,0.0
2025-07-12,50,Vermont,0.0,0.0
2025-07-19,50,Vermont,0.0,0.0
2025-07-26,50,Vermont,0.0,0.0
2025-08-02,50,Vermont,0.0,0.0
2025-08-09,50,Vermont,0.0,0.0
2025-08-16,50,Vermont,0.0,0.0
2025-08-23,50,Vermont,0.0,0.0
2025-08-30,50,Vermont,1.0,0.1542036691221031
2025-09-06,50,Vermont,0.0,0.0
2025-09-13,50,Vermont,1.0,0.1542036691221031
2025-09-20,50,Vermont,0.0,0.0
2025-09-27,50,Vermont,0.0,0.0
2020-08-08,01,Alabama,,
2020-08-15,01,Alabama,,
2020-08-22,01,Alabama,,
2020-08-29,01,Alabama,,
2020-09-05,01,Alabama,,
2020-09-12,01,Alabama,,
2020-09-19,01,Alabama,,
2020-09-26,01,Alabama,,
2020-10-03,04,Arizona,0.0,0.0
2020-10-10,04,Arizona,0.0,0.0
2020-10-17,04,Arizona,0.0,0.0
2020-10-24,04,Arizona,1.0,0.013188464208618291
2020-10-31,04,Arizona,2.0,0.026376928417236583
2020-11-07,04,Arizona,10.0,0.13188464208618292
2020-11-14,04,Arizona,21.0,0.27695774838098414
2020-11-21,04,Arizona,17.0,0.22420389154651096
2020-11-28,04,Arizona,13.0,0.1714500347120378
2020-12-05,04,Arizona,19.0,0.25058081996374754
2020-12-12,04,Arizona,33.0,0.4352193188844036
2020-12-19,04,Arizona,11.0,0.14507310629480122
2020-12-26,04,Arizona,8.0,0.10550771366894633
2021-01-02,04,Arizona,44.0,0.5802924251792049
2021-01-09,04,Arizona,9.0,0.11869617787756463
2021-01-16,04,Arizona,14.0,0.1846384989206561
2021-01-23,04,Arizona,3.0,0.03956539262585488
2021-01-30,04,Arizona,2.0,0.026376928417236583
2021-02-06,04,Arizona,3.0,0.03956539262585488
2021-02-13,04,Arizona,3.0,0.03956539262585488
2021-02-20,04,Arizona,4.0,0.052753856834473166
2021-02-27,04,Arizona,5.0,0.06594232104309146
2021-03-06,04,Arizona,15.0,0.1978269631292744
2021-03-13,04,Arizona,0.0,0.0
2021-03-20,04,Arizona,4.0,0.052753856834473166
2021-03-27,04,Arizona,3.0,0.03956539262585488
2021-04-03,04,Arizona,5.0,0.06594232104309146
2021-04-10,04,Arizona,4.0,0.052753856834473166
2021-04-17,04,Arizona,4.0,0.052753856834473166
2021-04-24,04,Arizona,3.0,0.03956539262585488
2021-05-01,04,Arizona,21.0,0.27695774838098414
2021-05-08,04,Arizona,2.0,0.026376928417236583
2021-05-15,04,Arizona,2.0,0.026376928417236583
2021-05-22,04,Arizona,5.0,0.06594232104309146
2021-05-29,04,Arizona,0.0,0.0
2021-06-05,04,Arizona,3.0,0.03956539262585488
2021-06-12,04,Arizona,3.0,0.03956539262585488
2021-06-19,04,Arizona,3.0,0.03956539262585488
2021-06-26,04,Arizona,3.0,0.03956539262585488
2021-07-03,04,Arizona,3.0,0.03956539262585488
2021-07-10,04,Arizona,2.0,0.026376928417236583
2021-07-17,04,Arizona,0.0,0.0
2021-07-24,04,Arizona,2.0,0.026376928417236583
2021-07-31,04,Arizona,1.0,0.013188464208618291
2021-08-07,04,Arizona,2.0,0.026376928417236583
2021-08-14,04,Arizona,9.0,0.11869617787756463
2021-08-21,04,Arizona,9.0,0.11869617787756463
2021-08-28,04,Arizona,7.0,0.09231924946032805
2021-09-04,04,Arizona,4.0,0.052753856834473166
2021-09-11,04,Arizona,1.0,0.013188464208618291
2021-09-18,04,Arizona,2.0,0.026376928417236583
2021-09-25,04,Arizona,1.0,0.013188464208618291
2021-10-02,04,Arizona,6.0,0.07913078525170976
2025-10-04,09,Connecticut,8.0,0.21768298772077477
2025-10-11,09,Connecticut,2.0,0.05442074693019369
2025-10-18,09,Connecticut,3.0,0.08163112039529054
2025-10-25,09,Connecticut,10.0,0.27210373465096843
2025-11-01,09,Connecticut,8.0,0.21768298772077477
2025-11-08,09,Connecticut,16.0,0.43536597544154954
2025-11-15,09,Connecticut,11.0,0.2993141081160653
2025-11-22,09,Connecticut,30.0,0.8163112039529054
2025-11-29,09,Connecticut,74.0,2.0135676364171666
2025-12-06,09,Connecticut,125.0,3.401296683137106
2025-12-13,09,Connecticut,206.0,5.605336933809951
2025-12-20,09,Connecticut,447.0,12.16303693889829
2025-12-27,09,Connecticut,652.0,17.741163499243143
2026-01-03,09,Connecticut,778.0,21.169670555845347
2026-01-10,09,Connecticut,478.0,13.006558516316293
2026-01-17,09,Connecticut,240.0,6.530489631623243
2026-01-24,09,Connecticut,117.0,3.183613695416331
2026-01-31,09,Connecticut,83.0,2.2584609976030383
2026-02-07,09,Connecticut,55.0,1.4965705405803265
2026-02-14,09,Connecticut,32.0,0.8707319508830991
2026-02-21,09,Connecticut,33.0,0.8979423243481959
2026-02-28,09,Connecticut,39.0,1.061204565138777
2026-03-07,09,Connecticut,36.0,0.9795734447434864
2026-03-14,09,Connecticut,36.0,0.9795734447434864
2026-03-21,09,Connecticut,32.0,0.8707319508830991
2026-03-28,09,Connecticut,41.0,1.1156253120689708
2026-04-04,09,Connecticut,34.0,0.9251526978132928
2026-04-11,09,Connecticut,29.0,0.7891008304878085
2026-04-18,09,Connecticut,34.0,0.9251526978132928
2021-10-09,19,Iowa,0.0,0.0
2021-10-16,19,Iowa,0.0,0.0
2021-10-23,19,Iowa,0.0,0.0
2021-10-30,19,Iowa,0.0,0.0
2021-11-06,19,Iowa,0.0,0.0
2021-11-13,19,Iowa,0.0,0.0
2021-11-20,19,Iowa,1.0,0.03085002936922796
2021-11-27,19,Iowa,2.0,0.06170005873845592
2021-12-04,19,Iowa,1.0,0.03085002936922796
2021-12-11,19,Iowa,3.0,0.09255008810768388
2021-12-18,19,Iowa,3.0,0.09255008810768388
2021-12-25,19,Iowa,3.0,0.09255008810768388
2022-01-01,19,Iowa,12.0,0.3702003524307355
2022-01-08,19,Iowa,15.0,0.4627504405384194
2022-01-15,19,Iowa,12.0,0.3702003524307355
2022-01-22,19,Iowa,21.0,0.6478506167537872
2022-01-29,19,Iowa,7.0,0.2159502055845957
2022-02-05,19,Iowa,16.0,0.49360046990764733
2022-02-12,19,Iowa,46.0,1.419101350984486
2022-02-19,19,Iowa,40.0,1.2340011747691184
2022-02-26,19,Iowa,57.0,1.7584516740459937
2022-03-05,19,Iowa,56.0,1.7276016446767657
2022-03-12,19,Iowa,54.0,1.6659015859383097
2022-03-19,19,Iowa,49.0,1.51165143909217
2022-03-26,19,Iowa,43.0,1.3265512628768024
2022-04-02,19,Iowa,36.0,1.1106010572922065
2022-04-09,19,Iowa,25.0,0.771250734230699
2022-04-16,19,Iowa,25.0,0.771250734230699
2022-04-23,19,Iowa,20.0,0.6170005873845592
2022-04-30,19,Iowa,17.0,0.5244504992768753
2022-05-07,19,Iowa,20.0,0.6170005873845592
2022-05-14,19,Iowa,17.0,0.5244504992768753
2022-05-21,19,Iowa,10.0,0.3085002936922796
2022-05-28,19,Iowa,6.0,0.18510017621536776
2022-06-04,19,Iowa,6.0,0.18510017621536776
2022-06-11,19,Iowa,9.0,0.2776502643230516
2022-06-18,19,Iowa,6.0,0.18510017621536776
2022-06-25,19,Iowa,5.0,0.1542501468461398
2022-07-02,19,Iowa,3.0,0.09255008810768388
2022-07-09,19,Iowa,3.0,0.09255008810768388
2022-07-16,19,Iowa,0.0,0.0
2022-07-23,19,Iowa,0.0,0.0
2022-07-30,19,Iowa,0.0,0.0
2022-08-06,19,Iowa,1.0,0.03085002936922796
2022-08-13,19,Iowa,1.0,0.03085002936922796
2022-08-20,19,Iowa,4.0,0.12340011747691183
2022-08-27,19,Iowa,1.0,0.03085002936922796
2022-09-03,19,Iowa,3.0,0.09255008810768388
2022-09-10,19,Iowa,0.0,0.0
2022-09-17,19,Iowa,1.0,0.03085002936922796
2022-09-24,19,Iowa,2.0,0.06170005873845592
2022-10-01,19,Iowa,9.0,0.2776502643230516
2023-10-07,16,Idaho,4.0,0.1998382309520443
2023-10-14,16,Idaho,2.0,0.09991911547602216
2023-10-21,16,Idaho,2.0,0.09991911547602216
2023-10-28,16,Idaho,4.0,0.1998382309520443
2023-11-04,16,Idaho,5.0,0.2497977886900554
2023-11-11,16,Idaho,4.0,0.1998382309520443
2023-11-18,16,Idaho,11.0,0.5495551351181219
2023-11-25,16,Idaho,8.0,0.3996764619040886
2023-12-02,16,Idaho,19.0,0.9492315970222105
2023-12-09,16,Idaho,46.0,2.2981396559485097
2023-12-16,16,Idaho,67.0,3.3472903684467425
2023-12-23,16,Idaho,115.0,5.745349139871275
2023-12-30,16,Idaho,163.0,8.143407911295807
2024-01-06,16,Idaho,157.0,7.8436505648677395
2024-01-13,16,Idaho,102.0,5.09587488927713
2024-01-20,16,Idaho,88.0,4.396441080944975
2024-01-27,16,Idaho,69.0,3.4472094839227645
2024-02-03,16,Idaho,71.0,3.547128599398787
2024-02-10,16,Idaho,61.0,3.047533022018676
2024-02-17,16,Idaho,59.0,2.947613906542654
2024-02-24,16,Idaho,90.0,4.496360196420997
2024-03-02,16,Idaho,61.0,3.047533022018676
2024-03-09,16,Idaho,70.0,3.4971690416607757
2024-03-16,16,Idaho,68.0,3.3972499261847533
2024-03-23,16,Idaho,55.0,2.7477756755906095
2024-03-30,16,Idaho,45.0,2.2481800982104985
2024-04-06,16,Idaho,31.0,1.5487462898783435
2024-04-13,16,Idaho,12.0,0.599514692856133
2024-04-20,16,Idaho,15.0,0.7493933660701662
2024-04-27,16,Idaho,16.0,0.7993529238081772
2024-05-04,16,Idaho,2.0,0.09991911547602216
2024-05-11,16,Idaho,0.0,0.0
2024-05-18,16,Idaho,0.0,0.0
2024-05-25,16,Idaho,0.0,0.0
2024-06-01,16,Idaho,0.0,0.0
2024-06-08,16,Idaho,0.0,0.0
2024-06-15,16,Idaho,0.0,0.0
2024-06-22,16,Idaho,0.0,0.0
2024-06-29,16,Idaho,0.0,0.0
2024-07-06,16,Idaho,0.0,0.0
2024-07-13,16,Idaho,0.0,0.0
2024-07-20,16,Idaho,0.0,0.0
2024-07-27,16,Idaho,0.0,0.0
2024-08-03,16,Idaho,0.0,0.0
2024-08-10,16,Idaho,0.0,0.0
2024-08-17,16,Idaho,0.0,0.0
2024-08-24,16,Idaho,0.0,0.0
2024-08-31,16,Idaho,0.0,0.0
2024-09-07,16,Idaho,0.0,0.0
2024-09-14,16,Idaho,0.0,0.0
2024-09-21,16,Idaho,1.0,0.04995955773801108
2024-09-28,16,Idaho,0.0,0.0
2025-10-04,16,Idaho,2.0,0.09991911547602216
2025-10-11,16,Idaho,1.0,0.04995955773801108
2025-10-18,16,Idaho,4.0,0.1998382309520443
2025-10-25,16,Idaho,4.0,0.1998382309520443
2025-11-01,16,Idaho,8.0,0.3996764619040886
2025-11-08,16,Idaho,20.0,0.9991911547602216
2025-11-15,16,Idaho,11.0,0.5495551351181219
2025-11-22,16,Idaho,27.0,1.3489080589262992
2025-11-29,16,Idaho,29.0,1.4488271744023213
2025-12-06,16,Idaho,45.0,2.2481800982104985
2025-12-13,16,Idaho,35.0,1.7485845208303878
2025-12-20,16,Idaho,102.0,5.09587488927713
2025-12-27,16,Idaho,152.0,7.593852776177684
2026-01-03,16,Idaho,235.0,11.740496068432604
2026-01-10,16,Idaho,157.0,7.8436505648677395
2026-01-17,16,Idaho,120.0,5.995146928561329
2026-01-24,16,Idaho,97.0,4.846077100587075
2026-01-31,16,Idaho,101.0,5.045915331539119
2026-02-07,16,Idaho,107.0,5.345672677967186
2026-02-14,16,Idaho,115.0,5.745349139871275
2026-02-21,16,Idaho,119.0,5.9451873708233185
2026-02-28,16,Idaho,106.0,5.295713120229174
2026-03-07,16,Idaho,68.0,3.3972499261847533
2026-03-14,16,Idaho,75.0,3.7469668303508312
2026-03-21,16,Idaho,50.0,2.497977886900554
2026-03-28,16,Idaho,43.0,2.1482609827344765
2026-04-04,16,Idaho,26.0,1.298948501188288
2026-04-11,16,Idaho,12.0,0.599514692856133
2026-04-18,16,Idaho,7.0,0.34971690416607754
2021-10-09,18,Indiana,13.0,0.1877452874127616
2021-10-16,18,Indiana,7.0,0.10109361629917933
2021-10-23,18,Indiana,7.0,0.10109361629917933
2021-10-30,18,Indiana,13.0,0.1877452874127616
2021-11-06,18,Indiana,14.0,0.20218723259835866
2021-11-13,18,Indiana,6.0,0.08665167111358228
2021-11-20,18,Indiana,15.0,0.2166291777839557
2021-11-27,18,Indiana,16.0,0.23107112296955276
2021-12-04,18,Indiana,32.0,0.4621422459391055
2021-12-11,18,Indiana,33.0,0.47658419112470257
2021-12-18,18,Indiana,46.0,0.6643294785374642
2021-12-25,18,Indiana,100.0,1.4441945185597047
2022-01-01,18,Indiana,110.0,1.5886139704156752
2022-01-08,18,Indiana,60.0,0.8665167111358228
2022-01-15,18,Indiana,46.0,0.6643294785374642
2022-01-22,18,Indiana,28.0,0.4043744651967173
2022-01-29,18,Indiana,32.0,0.4621422459391055
2022-02-05,18,Indiana,33.0,0.47658419112470257
2022-02-12,18,Indiana,31.0,0.4477003007535085
2022-02-19,18,Indiana,53.0,0.7654230948366435
2022-02-26,18,Indiana,42.0,0.6065616977950761
2022-03-05,18,Indiana,59.0,0.8520747659502258
2022-03-12,18,Indiana,108.0,1.559730080044481
2022-03-19,18,Indiana,119.0,1.7185914770860486
2022-03-26,18,Indiana,125.0,1.805243148199631
2022-04-02,18,Indiana,115.0,1.6608236963436604
2022-04-09,18,Indiana,109.0,1.5741720252300782
2022-04-16,18,Indiana,93.0,1.3431009022605254
2022-04-23,18,Indiana,64.0,0.924284491878211
2022-04-30,18,Indiana,72.0,1.0398200533629876
2022-05-07,18,Indiana,49.0,0.7076553140942553
2022-05-14,18,Indiana,35.0,0.5054680814958967
2022-05-21,18,Indiana,45.0,0.6498875333518671
2022-05-28,18,Indiana,31.0,0.4477003007535085
2022-06-04,18,Indiana,27.0,0.3899325200111203
2022-06-11,18,Indiana,8.0,0.11553556148477638
2022-06-18,18,Indiana,18.0,0.2599550133407469
2022-06-25,18,Indiana,17.0,0.2455130681551498
2022-07-02,18,Indiana,12.0,0.17330334222716456
2022-07-09,18,Indiana,8.0,0.11553556148477638
2022-07-16,18,Indiana,9.0,0.12997750667037344
2022-07-23,18,Indiana,7.0,0.10109361629917933
2022-07-30,18,Indiana,10.0,0.1444194518559705
2022-08-06,18,Indiana,10.0,0.1444194518559705
2022-08-13,18,Indiana,4.0,0.05776778074238819
2022-08-20,18,Indiana,11.0,0.15886139704156754
2022-08-27,18,Indiana,15.0,0.2166291777839557
2022-09-03,18,Indiana,18.0,0.2599550133407469
2022-09-10,18,Indiana,26.0,0.3754905748255232
2022-09-17,18,Indiana,26.0,0.3754905748255232
2022-09-24,18,Indiana,32.0,0.4621422459391055
2022-10-01,18,Indiana,38.0,0.5487939170526879
2025-10-04,29,Missouri,19.0,0.30422069386015393
2025-10-11,29,Missouri,24.0,0.38427877119177334
2025-10-18,29,Missouri,24.0,0.38427877119177334
2025-10-25,29,Missouri,24.0,0.38427877119177334
2025-11-01,29,Missouri,25.0,0.40029038665809724
2025-11-08,29,Missouri,28.0,0.4483252330570689
2025-11-15,29,Missouri,37.0,0.592429772253984
2025-11-22,29,Missouri,39.0,0.6244530031866317
2025-11-29,29,Missouri,57.0,0.9126620815804617
2025-12-06,29,Missouri,86.0,1.3769989301038545
2025-12-13,29,Missouri,118.0,1.889370625026219
2025-12-20,29,Missouri,261.0,4.179031636710535
2025-12-27,29,Missouri,809.0,12.953396912256027
2026-01-03,29,Missouri,941.0,15.06693015381078
2026-01-10,29,Missouri,522.0,8.35806327342107
2026-01-17,29,Missouri,523.0,8.374074888887394
2026-01-24,29,Missouri,454.0,7.269273421711046
2026-01-31,29,Missouri,437.0,6.99707595878354
2026-02-07,29,Missouri,410.0,6.564762341192795
2026-02-14,29,Missouri,457.0,7.317308268110017
2026-02-21,29,Missouri,441.0,7.061122420648836
2026-02-28,29,Missouri,301.0,4.819496255363491
2026-03-07,29,Missouri,243.0,3.8908225583167053
2026-03-14,29,Missouri,218.0,3.490532171658608
2026-03-21,29,Missouri,120.0,1.9213938559588668
2026-03-28,29,Missouri,56.0,0.8966504661141378
2026-04-04,29,Missouri,44.0,0.7045110805182512
2026-04-11,29,Missouri,37.0,0.592429772253984
2026-04-18,29,Missouri,22.0,0.3522555402591256
2025-10-04,40,Oklahoma,18.0,0.4395182586872615
2025-10-11,40,Oklahoma,8.0,0.19534144830544956
2025-10-18,40,Oklahoma,7.0,0.17092376726726838
2025-10-25,40,Oklahoma,18.0,0.4395182586872615
2025-11-01,40,Oklahoma,13.0,0.31742985349635555
2025-11-08,40,Oklahoma,18.0,0.4395182586872615
2025-11-15,40,Oklahoma,10.0,0.24417681038181197
2025-11-22,40,Oklahoma,15.0,0.3662652155727179
2025-11-29,40,Oklahoma,21.0,0.5127713018018051
2025-12-06,40,Oklahoma,25.0,0.6104420259545299
2025-12-13,40,Oklahoma,53.0,1.2941370950236033
2025-12-20,40,Oklahoma,87.0,2.124338250321764
2025-12-27,40,Oklahoma,231.0,5.640484319819856
2026-01-03,40,Oklahoma,244.0,5.957914173316212
2026-01-10,40,Oklahoma,169.0,4.126588095452622
2026-01-17,40,Oklahoma,168.0,4.102170414414441
2026-01-24,40,Oklahoma,166.0,4.0533350523380784
2026-01-31,40,Oklahoma,239.0,5.835825768125305
2026-02-07,40,Oklahoma,238.0,5.811408087087124
2026-02-14,40,Oklahoma,310.0,7.56948112183617
2026-02-21,40,Oklahoma,254.0,6.202090983698024
2026-02-28,40,Oklahoma,183.0,4.468435629987159
2026-03-07,40,Oklahoma,155.0,3.784740560918085
2026-03-14,40,Oklahoma,116.0,2.832451000429019
2026-03-21,40,Oklahoma,67.0,1.6359846295581402
2026-03-28,40,Oklahoma,23.0,0.5616066638781675
2026-04-04,40,Oklahoma,45.0,1.0987956467181539
2026-04-11,40,Oklahoma,6.0,0.14650608622908717
2026-04-18,40,Oklahoma,4.0,0.09767072415272478
2020-08-08,42,Pennsylvania,,
2020-08-15,42,Pennsylvania,,
2020-08-22,42,Pennsylvania,,
2020-08-29,42,Pennsylvania,,
2020-09-05,42,Pennsylvania,,
2020-09-12,42,Pennsylvania,,
2020-09-19,42,Pennsylvania,,
2020-09-26,42,Pennsylvania,,
2020-10-03,,,0.0,
2020-10-10,,,0.0,
2020-10-17,,,0.0,
2020-10-24,,,2.0,
2020-10-31,,,6.0,
2020-11-07,,,8.0,
2020-11-14,,,5.0,
2020-11-21,,,5.0,
2020-11-28,,,1.0,
2020-12-05,,,5.0,
2020-12-12,,,1.0,
2020-12-19,,,6.0,
2020-12-26,,,4.0,
2021-01-02,,,9.0,
2021-01-09,,,4.0,
2021-01-16,,,4.0,
2021-01-23,,,4.0,
2021-01-30,,,1.0,
2021-02-06,,,4.0,
2021-02-13,,,3.0,
2021-02-20,,,5.0,
2021-02-27,,,2.0,
2021-03-06,,,4.0,
2021-03-13,,,5.0,
2021-03-20,,,6.0,
2021-03-27,,,0.0,
2021-04-03,,,4.0,
2021-04-10,,,5.0,
2021-04-17,,,3.0,
2021-04-24,,,2.0,
2021-05-01,,,1.0,
2021-05-08,,,10.0,
2021-05-15,,,0.0,
2021-05-22,,,0.0,
2021-05-29,,,0.0,
2021-06-05,,,0.0,
2021-06-12,,,0.0,
2021-06-19,,,0.0,
2021-06-26,,,1.0,
2021-07-03,,,0.0,
2021-07-10,,,0.0,
2021-07-17,,,0.0,
2021-07-24,,,0.0,
2021-07-31,,,1.0,
2021-08-07,,,0.0,
2021-08-14,,,1.0,
2021-08-21,,,0.0,
2021-08-28,,,2.0,
2021-09-04,,,0.0,
2021-09-11,,,0.0,
2021-09-18,,,0.0,
2021-09-25,,,0.0,
2021-10-02,,,1.0,
2022-10-08,,,16.0,
2022-10-15,,,22.0,
2022-10-22,,,29.0,
2022-10-29,,,50.0,
2022-11-05,,,106.0,
2022-11-12,,,165.0,
2022-11-19,,,444.0,
2022-11-26,,,1118.0,
2022-12-03,,,1510.0,
2022-12-10,,,1589.0,
2022-12-17,,,1763.0,
2022-12-24,,,1101.0,
2022-12-31,,,1011.0,
2023-01-07,,,527.0,
2023-01-14,,,262.0,
2023-01-21,,,160.0,
2023-01-28,,,99.0,
2023-02-04,,,58.0,
2023-02-11,,,59.0,
2023-02-18,,,45.0,
2023-02-25,,,52.0,
2023-03-04,,,68.0,
2023-03-11,,,61.0,
2023-03-18,,,44.0,
2023-03-25,,,37.0,
2023-04-01,,,40.0,
2023-04-08,,,38.0,
2023-04-15,,,34.0,
2023-04-22,,,23.0,
2023-04-29,,,26.0,
2023-05-06,,,25.0,
2023-05-13,,,20.0,
2023-05-20,,,16.0,
2023-05-27,,,20.0,
2023-06-03,,,25.0,
2023-06-10,,,37.0,
2023-06-17,,,33.0,
2023-06-24,,,23.0,
2023-07-01,,,31.0,
2023-07-08,,,25.0,
2023-07-15,,,29.0,
2023-07-22,,,23.0,
2023-07-29,,,23.0,
2023-08-05,,,27.0,
2023-08-12,,,25.0,
2023-08-19,,,33.0,
2023-08-26,,,24.0,
2023-09-02,,,46.0,
2023-09-09,,,44.0,
2023-09-16,,,26.0,
2023-09-23,,,21.0,
2023-09-30,,,27.0,
2021-10-09,,,84.0,
2021-10-16,,,69.0,
2021-10-23,,,102.0,
2021-10-30,,,115.0,
2021-11-06,,,142.0,
2021-11-13,,,133.0,
2021-11-20,,,112.0,
2021-11-27,,,143.0,
2021-12-04,,,209.0,
2021-12-11,,,244.0,
2021-12-18,,,268.0,
2021-12-25,,,377.0,
2022-01-01,,,598.0,
2022-01-08,,,458.0,
2022-01-15,,,377.0,
2022-01-22,,,250.0,
2022-01-29,,,206.0,
2022-02-05,,,236.0,
2022-02-12,,,186.0,
2022-02-19,,,230.0,
2022-02-26,,,247.0,
2022-03-05,,,258.0,
2022-03-12,,,280.0,
2022-03-19,,,242.0,
2022-03-26,,,297.0,
2022-04-02,,,307.0,
2022-04-09,,,343.0,
2022-04-16,,,450.0,
2022-04-23,,,420.0,
2022-04-30,,,480.0,
2022-05-07,,,496.0,
2022-05-14,,,516.0,
2022-05-21,,,610.0,
2022-05-28,,,721.0,
2022-06-04,,,856.0,
2022-06-11,,,731.0,
2022-06-18,,,635.0,
2022-06-25,,,472.0,
2022-07-02,,,353.0,
2022-07-09,,,263.0,
2022-07-16,,,259.0,
2022-07-23,,,221.0,
2022-07-30,,,186.0,
2022-08-06,,,155.0,
2022-08-13,,,149.0,
2022-08-20,,,122.0,
2022-08-27,,,147.0,
2022-09-03,,,140.0,
2022-09-10,,,171.0,
2022-09-17,,,231.0,
2022-09-24,,,242.0,
2022-10-01,,,293.0,
2025-10-04,,,282.0,
2025-10-11,,,306.0,
2025-10-18,,,339.0,
2025-10-25,,,344.0,
2025-11-01,,,384.0,
2025-11-08,,,520.0,
2025-11-15,,,760.0,
2025-11-22,,,1030.0,
2025-11-29,,,1288.0,
2025-12-06,,,1736.0,
2025-12-13,,,2338.0,
2025-12-20,,,4801.0,
2025-12-27,,,9054.0,
2026-01-03,,,9410.0,
2026-01-10,,,6560.0,
2026-01-17,,,4046.0,
2026-01-24,,,3572.0,
2026-01-31,,,3643.0,
2026-02-07,,,4042.0,
2026-02-14,,,4642.0,
2026-02-21,,,4072.0,
2026-02-28,,,2731.0,
2026-03-07,,,2274.0,
2026-03-14,,,1693.0,
2026-03-21,,,1111.0,
2026-03-28,,,666.0,
2026-04-04,,,477.0,
2026-04-11,,,349.0,
2026-04-18,,,297.0,
2023-10-07,,,176.0,
2023-10-14,,,253.0,
2023-10-21,,,315.0,
2023-10-28,,,316.0,
2023-11-04,,,432.0,
2023-11-11,,,559.0,
2023-11-18,,,590.0,
2023-11-25,,,761.0,
2023-12-02,,,957.0,
2023-12-09,,,1171.0,
2023-12-16,,,1624.0,
2023-12-23,,,2379.0,
2023-12-30,,,2913.0,
2024-01-06,,,3032.0,
2024-01-13,,,2797.0,
2024-01-20,,,2415.0,
2024-01-27,,,2721.0,
2024-02-03,,,2732.0,
2024-02-10,,,2429.0,
2024-02-17,,,1928.0,
2024-02-24,,,1592.0,
2024-03-02,,,1404.0,
2024-03-09,,,1196.0,
2024-03-16,,,952.0,
2024-03-23,,,684.0,
2024-03-30,,,616.0,
2024-04-06,,,504.0,
2024-04-13,,,406.0,
2024-04-20,,,354.0,
2024-04-27,,,304.0,
2024-05-04,,,139.0,
2024-05-11,,,46.0,
2024-05-18,,,21.0,
2024-05-25,,,27.0,
2024-06-01,,,23.0,
2024-06-08,,,17.0,
2024-06-15,,,10.0,
2024-06-22,,,11.0,
2024-06-29,,,6.0,
2024-07-06,,,14.0,
2024-07-13,,,6.0,
2024-07-20,,,22.0,
2024-07-27,,,10.0,
2024-08-03,,,14.0,
2024-08-10,,,15.0,
2024-08-17,,,14.0,
2024-08-24,,,16.0,
2024-08-31,,,10.0,
2024-09-07,,,11.0,
2024-09-14,,,5.0,
2024-09-21,,,13.0,
2024-09-28,,,10.0,
2025-10-04,,,22.0,
2025-10-11,,,14.0,
2025-10-18,,,17.0,
2025-10-25,,,24.0,
2025-11-01,,,27.0,
2025-11-08,,,38.0,
2025-11-15,,,73.0,
2025-11-22,,,123.0,
2025-11-29,,,215.0,
2025-12-06,,,309.0,
2025-12-13,,,423.0,
2025-12-20,,,797.0,
2025-12-27,,,1395.0,
2026-01-03,,,1568.0,
2026-01-10,,,981.0,
2026-01-17,,,646.0,
2026-01-24,,,481.0,
2026-01-31,,,426.0,
2026-02-07,,,407.0,
2026-02-14,,,400.0,
2026-02-21,,,327.0,
2026-02-28,,,290.0,
2026-03-07,,,233.0,
2026-03-14,,,233.0,
2026-03-21,,,244.0,
2026-03-28,,,87.0,
2026-04-04,,,82.0,
2026-04-11,,,70.0,
2026-04-18,,,48.0,
2020-10-03,US,US,0.0,0.0
2020-10-10,US,US,0.0,0.0
2020-10-17,US,US,4.0,0.0011760866720366
2020-10-24,US,US,241.0,0.07085922199020515
2020-10-31,US,US,471.0,0.13848420563230965
2020-11-07,US,US,520.0,0.152891267364758
2020-11-14,US,US,653.0,0.19199614920997496
2020-11-21,US,US,607.0,0.17847115248155404
2020-11-28,US,US,684.0,0.2011108209182586
2020-12-05,US,US,658.0,0.1934662575500207
2020-12-12,US,US,640.0,0.188173867525856
2020-12-19,US,US,766.0,0.2252205976950089
2020-12-26,US,US,750.0,0.2205162510068625
2021-01-02,US,US,736.0,0.21639994765473441
2021-01-09,US,US,595.0,0.17494289246544426
2021-01-16,US,US,648.0,0.1905260408699292
2021-01-23,US,US,715.0,0.21022549262654225
2021-01-30,US,US,551.0,0.16200593907304164
2021-02-06,US,US,505.0,0.14848094234462075
2021-02-13,US,US,463.0,0.13613203228823645
2021-02-20,US,US,480.0,0.141130400644392
2021-02-27,US,US,422.0,0.1240771438998613
2021-03-06,US,US,436.0,0.1281934472519894
2021-03-13,US,US,454.0,0.1334858372761541
2021-03-20,US,US,376.0,0.1105521471714404
2021-03-27,US,US,368.0,0.10819997382736721
2021-04-03,US,US,383.0,0.11261029884750445
2021-04-10,US,US,348.0,0.1023195404671842
2021-04-17,US,US,370.0,0.1087880171633855
2021-04-24,US,US,472.0,0.1387782273003188
2021-05-01,US,US,451.0,0.13260377227212666
2021-05-08,US,US,342.0,0.1005554104591293
2021-05-15,US,US,274.0,0.0805619370345071
2021-05-22,US,US,294.0,0.0864423703946901
2021-05-29,US,US,247.0,0.07262335199826005
2021-06-05,US,US,252.0,0.0740934603383058
2021-06-12,US,US,231.0,0.06791900531011365
2021-06-19,US,US,214.0,0.0629206369539581
2021-06-26,US,US,203.0,0.05968639860585745
2021-07-03,US,US,221.0,0.06497878863002216
2021-07-10,US,US,243.0,0.07144726532622345
2021-07-17,US,US,292.0,0.0858543270586718
2021-07-24,US,US,263.0,0.07732769868640645
2021-07-31,US,US,280.0,0.082326067042562
2021-08-07,US,US,349.0,0.10261356213519335
2021-08-14,US,US,290.0,0.0852662837226535
2021-08-21,US,US,280.0,0.082326067042562
2021-08-28,US,US,262.0,0.0770336770183973
2021-09-04,US,US,281.0,0.08262008871057115
2021-09-11,US,US,246.0,0.07232933033025091
2021-09-18,US,US,261.0,0.07673965535038815
2021-09-25,US,US,234.0,0.0688010703141411
2021-10-02,US,US,253.0,0.07438748200631495
2020-10-03,49,Utah,,
2020-10-10,49,Utah,,
2020-10-17,49,Utah,0.0,0.0
2020-10-24,49,Utah,0.0,0.0
2020-10-31,49,Utah,1.0,0.028541965108589334
2020-11-07,49,Utah,1.0,0.028541965108589334
2020-11-14,49,Utah,1.0,0.028541965108589334
2020-11-21,49,Utah,0.0,0.0
2020-11-28,49,Utah,0.0,0.0
2020-12-05,49,Utah,0.0,0.0
2020-12-12,49,Utah,4.0,0.11416786043435734
2020-12-19,49,Utah,0.0,0.0
2020-12-26,49,Utah,0.0,0.0
2021-01-02,49,Utah,1.0,0.028541965108589334
2021-01-09,49,Utah,0.0,0.0
2021-01-16,49,Utah,1.0,0.028541965108589334
2021-01-23,49,Utah,0.0,0.0
2021-01-30,49,Utah,0.0,0.0
2021-02-06,49,Utah,0.0,0.0
2021-02-13,49,Utah,0.0,0.0
2021-02-20,49,Utah,0.0,0.0
2021-02-27,49,Utah,0.0,0.0
2021-03-06,49,Utah,0.0,0.0
2021-03-13,49,Utah,0.0,0.0
2021-03-20,49,Utah,0.0,0.0
2021-03-27,49,Utah,1.0,0.028541965108589334
2021-04-03,49,Utah,0.0,0.0
2021-04-10,49,Utah,0.0,0.0
2021-04-17,49,Utah,0.0,0.0
2021-04-24,49,Utah,0.0,0.0
2021-05-01,49,Utah,1.0,0.028541965108589334
2021-05-08,49,Utah,0.0,0.0
2021-05-15,49,Utah,0.0,0.0
2021-05-22,49,Utah,1.0,0.028541965108589334
2021-05-29,49,Utah,0.0,0.0
2021-06-05,49,Utah,0.0,0.0
2021-06-12,49,Utah,0.0,0.0
2021-06-19,49,Utah,0.0,0.0
2021-06-26,49,Utah,0.0,0.0
2021-07-03,49,Utah,1.0,0.028541965108589334
2021-07-10,49,Utah,1.0,0.028541965108589334
2021-07-17,49,Utah,1.0,0.028541965108589334
2021-07-24,49,Utah,0.0,0.0
2021-07-31,49,Utah,0.0,0.0
2021-08-07,49,Utah,0.0,0.0
2021-08-14,49,Utah,0.0,0.0
2021-08-21,49,Utah,0.0,0.0
2021-08-28,49,Utah,0.0,0.0
2021-09-04,49,Utah,0.0,0.0
2021-09-11,49,Utah,1.0,0.028541965108589334
2021-09-18,49,Utah,1.0,0.028541965108589334
2021-09-25,49,Utah,1.0,0.028541965108589334
2021-10-02,49,Utah,1.0,0.028541965108589334
2021-10-09,49,Utah,2.0,0.05708393021717867
2021-10-16,49,Utah,0.0,0.0
2021-10-23,49,Utah,1.0,0.028541965108589334
2021-10-30,49,Utah,1.0,0.028541965108589334
2021-11-06,49,Utah,0.0,0.0
2021-11-13,49,Utah,0.0,0.0
2021-11-20,49,Utah,0.0,0.0
2021-11-27,49,Utah,0.0,0.0
2021-12-04,49,Utah,4.0,0.11416786043435734
2021-12-11,49,Utah,0.0,0.0
2021-12-18,49,Utah,1.0,0.028541965108589334
2021-12-25,49,Utah,5.0,0.14270982554294667
2022-01-01,49,Utah,3.0,0.085625895325768
2022-01-08,49,Utah,2.0,0.05708393021717867
2022-01-15,49,Utah,1.0,0.028541965108589334
2022-01-22,49,Utah,4.0,0.11416786043435734
2022-01-29,49,Utah,3.0,0.085625895325768
2022-02-05,49,Utah,4.0,0.11416786043435734
2022-02-12,49,Utah,3.0,0.085625895325768
2022-02-19,49,Utah,3.0,0.085625895325768
2022-02-26,49,Utah,5.0,0.14270982554294667
2022-03-05,49,Utah,9.0,0.256877685977304
2022-03-12,49,Utah,12.0,0.342503581303072
2022-03-19,49,Utah,17.0,0.48521340684601866
2022-03-26,49,Utah,6.0,0.171251790651536
2022-04-02,49,Utah,17.0,0.48521340684601866
2022-04-09,49,Utah,14.0,0.3995875115202507
2022-04-16,49,Utah,16.0,0.45667144173742935
2022-04-23,49,Utah,9.0,0.256877685977304
2022-04-30,49,Utah,1.0,0.028541965108589334
2022-05-07,49,Utah,12.0,0.342503581303072
2022-05-14,49,Utah,10.0,0.28541965108589334
2022-05-21,49,Utah,7.0,0.19979375576012534
2022-05-28,49,Utah,1.0,0.028541965108589334
2022-06-04,49,Utah,5.0,0.14270982554294667
2022-06-11,49,Utah,3.0,0.085625895325768
2022-06-18,49,Utah,1.0,0.028541965108589334
2022-06-25,49,Utah,3.0,0.085625895325768
2022-07-02,49,Utah,5.0,0.14270982554294667
2022-07-09,49,Utah,0.0,0.0
2022-07-16,49,Utah,0.0,0.0
2022-07-23,49,Utah,0.0,0.0
2022-07-30,49,Utah,1.0,0.028541965108589334
2022-08-06,49,Utah,0.0,0.0
2022-08-13,49,Utah,0.0,0.0
2022-08-20,49,Utah,1.0,0.028541965108589334
2022-08-27,49,Utah,0.0,0.0
2022-09-03,49,Utah,1.0,0.028541965108589334
2022-09-10,49,Utah,1.0,0.028541965108589334
2022-09-17,49,Utah,0.0,0.0
2022-09-24,49,Utah,1.0,0.028541965108589334
2022-10-01,49,Utah,0.0,0.0
2020-10-03,02,Alaska,,
2020-10-10,02,Alaska,,
2020-10-17,02,Alaska,0.0,0.0
2020-10-24,02,Alaska,0.0,0.0
2020-10-31,02,Alaska,0.0,0.0
2020-11-07,02,Alaska,0.0,0.0
2020-11-14,02,Alaska,0.0,0.0
2020-11-21,02,Alaska,0.0,0.0
2020-11-28,02,Alaska,0.0,0.0
2020-12-05,02,Alaska,2.0,0.2702217033965517
2020-12-12,02,Alaska,4.0,0.5404434067931034
2020-12-19,02,Alaska,7.0,0.945775961887931
2020-12-26,02,Alaska,1.0,0.13511085169827586
2021-01-02,02,Alaska,0.0,0.0
2021-01-09,02,Alaska,0.0,0.0
2021-01-16,02,Alaska,0.0,0.0
2021-01-23,02,Alaska,0.0,0.0
2021-01-30,02,Alaska,0.0,0.0
2021-02-06,02,Alaska,0.0,0.0
2021-02-13,02,Alaska,0.0,0.0
2021-02-20,02,Alaska,0.0,0.0
2021-02-27,02,Alaska,0.0,0.0
2021-03-06,02,Alaska,0.0,0.0
2021-03-13,02,Alaska,0.0,0.0
2021-03-20,02,Alaska,0.0,0.0
2021-03-27,02,Alaska,0.0,0.0
2021-04-03,02,Alaska,0.0,0.0
2021-04-10,02,Alaska,0.0,0.0
2021-04-17,02,Alaska,3.0,0.4053325550948276
2021-04-24,02,Alaska,7.0,0.945775961887931
2021-05-01,02,Alaska,7.0,0.945775961887931
2021-05-08,02,Alaska,7.0,0.945775961887931
2021-05-15,02,Alaska,7.0,0.945775961887931
2021-05-22,02,Alaska,7.0,0.945775961887931
2021-05-29,02,Alaska,8.0,1.0808868135862069
2021-06-05,02,Alaska,7.0,0.945775961887931
2021-06-12,02,Alaska,7.0,0.945775961887931
2021-06-19,02,Alaska,7.0,0.945775961887931
2021-06-26,02,Alaska,7.0,0.945775961887931
2021-07-03,02,Alaska,7.0,0.945775961887931
2021-07-10,02,Alaska,7.0,0.945775961887931
2021-07-17,02,Alaska,7.0,0.945775961887931
2021-07-24,02,Alaska,8.0,1.0808868135862069
2021-07-31,02,Alaska,7.0,0.945775961887931
2021-08-07,02,Alaska,7.0,0.945775961887931
2021-08-14,02,Alaska,7.0,0.945775961887931
2021-08-21,02,Alaska,7.0,0.945775961887931
2021-08-28,02,Alaska,7.0,0.945775961887931
2021-09-04,02,Alaska,7.0,0.945775961887931
2021-09-11,02,Alaska,7.0,0.945775961887931
2021-09-18,02,Alaska,7.0,0.945775961887931
2021-09-25,02,Alaska,7.0,0.945775961887931
2021-10-02,02,Alaska,5.0,0.6755542584913793
2024-10-05,02,Alaska,1.0,0.13511085169827586
2024-10-12,02,Alaska,1.0,0.13511085169827586
2024-10-19,02,Alaska,1.0,0.13511085169827586
2024-10-26,02,Alaska,3.0,0.4053325550948276
2024-11-02,02,Alaska,8.0,1.0808868135862069
2024-11-09,02,Alaska,6.0,0.8106651101896551
2024-11-16,02,Alaska,9.0,1.2159976652844826
2024-11-23,02,Alaska,7.0,0.945775961887931
2024-11-30,02,Alaska,10.0,1.3511085169827586
2024-12-07,02,Alaska,18.0,2.431995330568965
2024-12-14,02,Alaska,27.0,3.647992995853448
2024-12-21,02,Alaska,22.0,2.9724387373620687
2024-12-28,02,Alaska,35.0,4.728879809439655
2025-01-04,02,Alaska,64.0,8.647094508689655
2025-01-11,02,Alaska,45.0,6.079988326422413
2025-01-18,02,Alaska,33.0,4.458658106043103
2025-01-25,02,Alaska,29.0,3.9182146992499995
2025-02-01,02,Alaska,30.0,4.0533255509482755
2025-02-08,02,Alaska,26.0,3.512882144155172
2025-02-15,02,Alaska,53.0,7.16087514000862
2025-02-22,02,Alaska,52.0,7.025764288310344
2025-03-01,02,Alaska,57.0,7.701318546801724
2025-03-08,02,Alaska,62.0,8.376872805293102
2025-03-15,02,Alaska,31.0,4.188436402646551
2025-03-22,02,Alaska,26.0,3.512882144155172
2025-03-29,02,Alaska,32.0,4.3235472543448275
2025-04-05,02,Alaska,17.0,2.2968844788706893
2025-04-12,02,Alaska,16.0,2.1617736271724137
2025-04-19,02,Alaska,12.0,1.6213302203793103
2025-04-26,02,Alaska,9.0,1.2159976652844826
2025-05-03,02,Alaska,9.0,1.2159976652844826
2025-05-10,02,Alaska,5.0,0.6755542584913793
2025-05-17,02,Alaska,6.0,0.8106651101896551
2025-05-24,02,Alaska,10.0,1.3511085169827586
2025-05-31,02,Alaska,8.0,1.0808868135862069
2025-06-07,02,Alaska,11.0,1.4862193686810343
2025-06-14,02,Alaska,11.0,1.4862193686810343
2025-06-21,02,Alaska,17.0,2.2968844788706893
2025-06-28,02,Alaska,5.0,0.6755542584913793
2025-07-05,02,Alaska,4.0,0.5404434067931034
2025-07-12,02,Alaska,2.0,0.2702217033965517
2025-07-19,02,Alaska,6.0,0.8106651101896551
2025-07-26,02,Alaska,4.0,0.5404434067931034
2025-08-02,02,Alaska,2.0,0.2702217033965517
2025-08-09,02,Alaska,2.0,0.2702217033965517
2025-08-16,02,Alaska,4.0,0.5404434067931034
2025-08-23,02,Alaska,2.0,0.2702217033965517
2025-08-30,02,Alaska,2.0,0.2702217033965517
2025-09-06,02,Alaska,3.0,0.4053325550948276
2025-09-13,02,Alaska,12.0,1.6213302203793103
2025-09-20,02,Alaska,1.0,0.13511085169827586
2025-09-27,02,Alaska,1.0,0.13511085169827586
2020-08-08,08,Colorado,,
2020-08-15,08,Colorado,,
2020-08-22,08,Colorado,,
2020-08-29,08,Colorado,,
2020-09-05,08,Colorado,,
2020-09-12,08,Colorado,,
2020-09-19,08,Colorado,,
2020-09-26,08,Colorado,,
2024-10-05,11,District of Columbia,0.0,0.0
2024-10-12,11,District of Columbia,0.0,0.0
2024-10-19,11,District of Columbia,0.0,0.0
2024-10-26,11,District of Columbia,0.0,0.0
2024-11-02,11,District of Columbia,1.0,0.1423994304022784
2024-11-09,11,District of Columbia,2.0,0.2847988608045568
2024-11-16,11,District of Columbia,1.0,0.1423994304022784
2024-11-23,11,District of Columbia,8.0,1.1391954432182272
2024-11-30,11,District of Columbia,5.0,0.7119971520113919
2024-12-07,11,District of Columbia,2.0,0.2847988608045568
2024-12-14,11,District of Columbia,4.0,0.5695977216091136
2024-12-21,11,District of Columbia,16.0,2.2783908864364544
2024-12-28,11,District of Columbia,38.0,5.411178355286578
2025-01-04,11,District of Columbia,96.0,13.670345318618725
2025-01-11,11,District of Columbia,44.0,6.265574937700249
2025-01-18,11,District of Columbia,58.0,8.259166963332147
2025-01-25,11,District of Columbia,207.0,29.476682093271627
2025-02-01,11,District of Columbia,197.0,28.052687789248843
2025-02-08,11,District of Columbia,259.0,36.881452474190105
2025-02-15,11,District of Columbia,83.0,11.819152723389106
2025-02-22,11,District of Columbia,102.0,14.524741901032396
2025-03-01,11,District of Columbia,120.0,17.087931648273408
2025-03-08,11,District of Columbia,103.0,14.667141331434674
2025-03-15,11,District of Columbia,81.0,11.534353862584549
2025-03-22,11,District of Columbia,67.0,9.540761836952653
2025-03-29,11,District of Columbia,69.0,9.82556069775721
2025-04-05,11,District of Columbia,28.0,3.987184051263795
2025-04-12,11,District of Columbia,8.0,1.1391954432182272
2025-04-19,11,District of Columbia,7.0,0.9967960128159488
2025-04-26,11,District of Columbia,7.0,0.9967960128159488
2025-05-03,11,District of Columbia,4.0,0.5695977216091136
2025-05-10,11,District of Columbia,6.0,0.8543965824136703
2025-05-17,11,District of Columbia,2.0,0.2847988608045568
2025-05-24,11,District of Columbia,2.0,0.2847988608045568
2025-05-31,11,District of Columbia,5.0,0.7119971520113919
2025-06-07,11,District of Columbia,4.0,0.5695977216091136
2025-06-14,11,District of Columbia,2.0,0.2847988608045568
2025-06-21,11,District of Columbia,1.0,0.1423994304022784
2025-06-28,11,District of Columbia,2.0,0.2847988608045568
2025-07-05,11,District of Columbia,0.0,0.0
2025-07-12,11,District of Columbia,0.0,0.0
2025-07-19,11,District of Columbia,2.0,0.2847988608045568
2025-07-26,11,District of Columbia,0.0,0.0
2025-08-02,11,District of Columbia,0.0,0.0
2025-08-09,11,District of Columbia,2.0,0.2847988608045568
2025-08-16,11,District of Columbia,1.0,0.1423994304022784
2025-08-23,11,District of Columbia,0.0,0.0
2025-08-30,11,District of Columbia,1.0,0.1423994304022784
2025-09-06,11,District of Columbia,0.0,0.0
2025-09-13,11,District of Columbia,0.0,0.0
2025-09-20,11,District of Columbia,0.0,0.0
2025-09-27,11,District of Columbia,1.0,0.1423994304022784
2020-10-03,13,Georgia,0.0,0.0
2020-10-10,13,Georgia,0.0,0.0
2020-10-17,13,Georgia,1.0,0.00894384144071691
2020-10-24,13,Georgia,8.0,0.07155073152573528
2020-10-31,13,Georgia,18.0,0.16098914593290437
2020-11-07,13,Georgia,14.0,0.12521378017003673
2020-11-14,13,Georgia,34.0,0.30409060898437495
2020-11-21,13,Georgia,30.0,0.2683152432215073
2020-11-28,13,Georgia,10.0,0.0894384144071691
2020-12-05,13,Georgia,13.0,0.11626993872931983
2020-12-12,13,Georgia,19.0,0.16993298737362128
2020-12-19,13,Georgia,20.0,0.1788768288143382
2020-12-26,13,Georgia,21.0,0.1878206702550551
2021-01-02,13,Georgia,36.0,0.32197829186580873
2021-01-09,13,Georgia,22.0,0.19676451169577203
2021-01-16,13,Georgia,40.0,0.3577536576286764
2021-01-23,13,Georgia,25.0,0.22359603601792274
2021-01-30,13,Georgia,33.0,0.29514676754365804
2021-02-06,13,Georgia,16.0,0.14310146305147056
2021-02-13,13,Georgia,30.0,0.2683152432215073
2021-02-20,13,Georgia,33.0,0.29514676754365804
2021-02-27,13,Georgia,18.0,0.16098914593290437
2021-03-06,13,Georgia,12.0,0.10732609728860291
2021-03-13,13,Georgia,14.0,0.12521378017003673
2021-03-20,13,Georgia,39.0,0.3488098161879595
2021-03-27,13,Georgia,26.0,0.23253987745863966
2021-04-03,13,Georgia,23.0,0.20570835313648891
2021-04-10,13,Georgia,8.0,0.07155073152573528
2021-04-17,13,Georgia,17.0,0.15204530449218748
2021-04-24,13,Georgia,20.0,0.1788768288143382
2021-05-01,13,Georgia,14.0,0.12521378017003673
2021-05-08,13,Georgia,24.0,0.21465219457720583
2021-05-15,13,Georgia,7.0,0.06260689008501837
2021-05-22,13,Georgia,16.0,0.14310146305147056
2021-05-29,13,Georgia,8.0,0.07155073152573528
2021-06-05,13,Georgia,9.0,0.08049457296645218
2021-06-12,13,Georgia,9.0,0.08049457296645218
2021-06-19,13,Georgia,7.0,0.06260689008501837
2021-06-26,13,Georgia,3.0,0.02683152432215073
2021-07-03,13,Georgia,8.0,0.07155073152573528
2021-07-10,13,Georgia,4.0,0.03577536576286764
2021-07-17,13,Georgia,4.0,0.03577536576286764
2021-07-24,13,Georgia,15.0,0.13415762161075365
2021-07-31,13,Georgia,11.0,0.09838225584788601
2021-08-07,13,Georgia,16.0,0.14310146305147056
2021-08-14,13,Georgia,10.0,0.0894384144071691
2021-08-21,13,Georgia,15.0,0.13415762161075365
2021-08-28,13,Georgia,12.0,0.10732609728860291
2021-09-04,13,Georgia,28.0,0.25042756034007346
2021-09-11,13,Georgia,36.0,0.32197829186580873
2021-09-18,13,Georgia,21.0,0.1878206702550551
2021-09-25,13,Georgia,24.0,0.21465219457720583
2021-10-02,13,Georgia,27.0,0.24148371889935658
2021-10-09,13,Georgia,4.0,0.03577536576286764
2021-10-16,13,Georgia,11.0,0.09838225584788601
2021-10-23,13,Georgia,13.0,0.11626993872931983
2021-10-30,13,Georgia,21.0,0.1878206702550551
2021-11-06,13,Georgia,25.0,0.22359603601792274
2021-11-13,13,Georgia,36.0,0.32197829186580873
2021-11-20,13,Georgia,21.0,0.1878206702550551
2021-11-27,13,Georgia,19.0,0.16993298737362128
2021-12-04,13,Georgia,49.0,0.4382482305951286
2021-12-11,13,Georgia,62.0,0.5545181693244484
2021-12-18,13,Georgia,53.0,0.47402359635799624
2021-12-25,13,Georgia,52.0,0.4650797549172793
2022-01-01,13,Georgia,77.0,0.688675790935202
2022-01-08,13,Georgia,52.0,0.4650797549172793
2022-01-15,13,Georgia,38.0,0.33986597474724256
2022-01-22,13,Georgia,49.0,0.4382482305951286
2022-01-29,13,Georgia,35.0,0.3130344504250918
2022-02-05,13,Georgia,53.0,0.47402359635799624
2022-02-12,13,Georgia,41.0,0.3666974990693933
2022-02-19,13,Georgia,48.0,0.42930438915441166
2022-02-26,13,Georgia,44.0,0.39352902339154405
2022-03-05,13,Georgia,27.0,0.24148371889935658
2022-03-12,13,Georgia,38.0,0.33986597474724256
2022-03-19,13,Georgia,35.0,0.3130344504250918
2022-03-26,13,Georgia,33.0,0.29514676754365804
2022-04-02,13,Georgia,45.0,0.4024728648322609
2022-04-09,13,Georgia,33.0,0.29514676754365804
2022-04-16,13,Georgia,42.0,0.3756413405101102
2022-04-23,13,Georgia,46.0,0.41141670627297783
2022-04-30,13,Georgia,36.0,0.32197829186580873
2022-05-07,13,Georgia,44.0,0.39352902339154405
2022-05-14,13,Georgia,60.0,0.5366304864430146
2022-05-21,13,Georgia,55.0,0.49191127923943
2022-05-28,13,Georgia,62.0,0.5545181693244484
2022-06-04,13,Georgia,66.0,0.5902935350873161
2022-06-11,13,Georgia,48.0,0.42930438915441166
2022-06-18,13,Georgia,41.0,0.3666974990693933
2022-06-25,13,Georgia,27.0,0.24148371889935658
2022-07-02,13,Georgia,35.0,0.3130344504250918
2022-07-09,13,Georgia,28.0,0.25042756034007346
2022-07-16,13,Georgia,27.0,0.24148371889935658
2022-07-23,13,Georgia,28.0,0.25042756034007346
2022-07-30,13,Georgia,39.0,0.3488098161879595
2022-08-06,13,Georgia,33.0,0.29514676754365804
2022-08-13,13,Georgia,19.0,0.16993298737362128
2022-08-20,13,Georgia,13.0,0.11626993872931983
2022-08-27,13,Georgia,26.0,0.23253987745863966
2022-09-03,13,Georgia,20.0,0.1788768288143382
2022-09-10,13,Georgia,43.0,0.38458518195082714
2022-09-17,13,Georgia,46.0,0.41141670627297783
2022-09-24,13,Georgia,55.0,0.49191127923943
2022-10-01,13,Georgia,77.0,0.688675790935202
2021-10-09,17,Illinois,0.0,0.0
2021-10-16,17,Illinois,4.0,0.0314708912351837
2021-10-23,17,Illinois,2.0,0.01573544561759185
2021-10-30,17,Illinois,3.0,0.023603168426387777
2021-11-06,17,Illinois,2.0,0.01573544561759185
2021-11-13,17,Illinois,1.0,0.007867722808795925
2021-11-20,17,Illinois,5.0,0.039338614043979626
2021-11-27,17,Illinois,6.0,0.04720633685277555
2021-12-04,17,Illinois,17.0,0.13375128774953074
2021-12-11,17,Illinois,24.0,0.1888253474111022
2021-12-18,17,Illinois,26.0,0.20456079302869407
2021-12-25,17,Illinois,28.0,0.22029623864628592
2022-01-01,17,Illinois,42.0,0.33044435796942884
2022-01-08,17,Illinois,26.0,0.20456079302869407
2022-01-15,17,Illinois,41.0,0.32257663516063295
2022-01-22,17,Illinois,15.0,0.11801584213193887
2022-01-29,17,Illinois,7.0,0.05507405966157148
2022-02-05,17,Illinois,10.0,0.07867722808795925
2022-02-12,17,Illinois,8.0,0.0629417824703674
2022-02-19,17,Illinois,22.0,0.17308990179351036
2022-02-26,17,Illinois,26.0,0.20456079302869407
2022-03-05,17,Illinois,21.0,0.16522217898471442
2022-03-12,17,Illinois,34.0,0.2675025754990615
2022-03-19,17,Illinois,58.0,0.45632792291016366
2022-03-26,17,Illinois,114.0,0.8969204002027354
2022-04-02,17,Illinois,88.0,0.6923596071740414
2022-04-09,17,Illinois,105.0,0.8261108949235721
2022-04-16,17,Illinois,79.0,0.6215501018948781
2022-04-23,17,Illinois,106.0,0.833978617732368
2022-04-30,17,Illinois,97.0,0.7631691124532047
2022-05-07,17,Illinois,108.0,0.8497140633499599
2022-05-14,17,Illinois,123.0,0.9677299054818989
2022-05-21,17,Illinois,98.0,0.7710368352620007
2022-05-28,17,Illinois,49.0,0.38551841763100037
2022-06-04,17,Illinois,41.0,0.32257663516063295
2022-06-11,17,Illinois,16.0,0.1258835649407348
2022-06-18,17,Illinois,23.0,0.18095762460230627
2022-06-25,17,Illinois,19.0,0.1494867333671226
2022-07-02,17,Illinois,7.0,0.05507405966157148
2022-07-09,17,Illinois,10.0,0.07867722808795925
2022-07-16,17,Illinois,11.0,0.08654495089675518
2022-07-23,17,Illinois,4.0,0.0314708912351837
2022-07-30,17,Illinois,9.0,0.07080950527916333
2022-08-06,17,Illinois,13.0,0.10228039651434703
2022-08-13,17,Illinois,11.0,0.08654495089675518
2022-08-20,17,Illinois,12.0,0.0944126737055511
2022-08-27,17,Illinois,16.0,0.1258835649407348
2022-09-03,17,Illinois,10.0,0.07867722808795925
2022-09-10,17,Illinois,5.0,0.039338614043979626
2022-09-17,17,Illinois,4.0,0.0314708912351837
2022-09-24,17,Illinois,15.0,0.11801584213193887
2022-10-01,17,Illinois,10.0,0.07867722808795925
2022-10-08,17,Illinois,12.0,0.0944126737055511
2022-10-15,17,Illinois,28.0,0.22029623864628592
2022-10-22,17,Illinois,39.0,0.30684118954304107
2022-10-29,17,Illinois,106.0,0.833978617732368
2022-11-05,17,Illinois,155.0,1.2194970353633685
2022-11-12,17,Illinois,256.0,2.014137039051757
2022-11-19,17,Illinois,386.0,3.036941004195227
2022-11-26,17,Illinois,801.0,6.302045969845536
2022-12-03,17,Illinois,1102.0,8.67023053529311
2022-12-10,17,Illinois,956.0,7.521543005208905
2022-12-17,17,Illinois,733.0,5.767040818847414
2022-12-24,17,Illinois,578.0,4.547543783484045
2022-12-31,17,Illinois,555.0,4.366586158881739
2023-01-07,17,Illinois,433.0,3.4067239762086357
2023-01-14,17,Illinois,173.0,1.361116045921695
2023-01-21,17,Illinois,68.0,0.535005150998123
2023-01-28,17,Illinois,73.0,0.5743437650421025
2023-02-04,17,Illinois,28.0,0.22029623864628592
2023-02-11,17,Illinois,31.0,0.24389940707267369
2023-02-18,17,Illinois,28.0,0.22029623864628592
2023-02-25,17,Illinois,31.0,0.24389940707267369
2023-03-04,17,Illinois,24.0,0.1888253474111022
2023-03-11,17,Illinois,16.0,0.1258835649407348
2023-03-18,17,Illinois,12.0,0.0944126737055511
2023-03-25,17,Illinois,30.0,0.23603168426387774
2023-04-01,17,Illinois,37.0,0.29110574392544925
2023-04-08,17,Illinois,25.0,0.19669307021989813
2023-04-15,17,Illinois,37.0,0.29110574392544925
2023-04-22,17,Illinois,25.0,0.19669307021989813
2023-04-29,17,Illinois,19.0,0.1494867333671226
2023-05-06,17,Illinois,24.0,0.1888253474111022
2023-05-13,17,Illinois,30.0,0.23603168426387774
2023-05-20,17,Illinois,25.0,0.19669307021989813
2023-05-27,17,Illinois,37.0,0.29110574392544925
2023-06-03,17,Illinois,22.0,0.17308990179351036
2023-06-10,17,Illinois,21.0,0.16522217898471442
2023-06-17,17,Illinois,20.0,0.1573544561759185
2023-06-24,17,Illinois,13.0,0.10228039651434703
2023-07-01,17,Illinois,8.0,0.0629417824703674
2023-07-08,17,Illinois,11.0,0.08654495089675518
2023-07-15,17,Illinois,10.0,0.07867722808795925
2023-07-22,17,Illinois,12.0,0.0944126737055511
2023-07-29,17,Illinois,10.0,0.07867722808795925
2023-08-05,17,Illinois,12.0,0.0944126737055511
2023-08-12,17,Illinois,13.0,0.10228039651434703
2023-08-19,17,Illinois,9.0,0.07080950527916333
2023-08-26,17,Illinois,12.0,0.0944126737055511
2023-09-02,17,Illinois,9.0,0.07080950527916333
2023-09-09,17,Illinois,15.0,0.11801584213193887
2023-09-16,17,Illinois,18.0,0.14161901055832665
2023-09-23,17,Illinois,20.0,0.1573544561759185
2023-09-30,17,Illinois,18.0,0.14161901055832665
2020-10-03,18,Indiana,,
2020-10-10,18,Indiana,,
2020-10-17,18,Indiana,,
2020-10-24,18,Indiana,0.0,0.0
2020-10-31,18,Indiana,0.0,0.0
2020-11-07,18,Indiana,6.0,0.08665167111358228
2020-11-14,18,Indiana,8.0,0.11553556148477638
2020-11-21,18,Indiana,8.0,0.11553556148477638
2020-11-28,18,Indiana,5.0,0.07220972592798525
2020-12-05,18,Indiana,3.0,0.04332583555679114
2020-12-12,18,Indiana,6.0,0.08665167111358228
2020-12-19,18,Indiana,11.0,0.15886139704156754
2020-12-26,18,Indiana,6.0,0.08665167111358228
2021-01-02,18,Indiana,4.0,0.05776778074238819
2021-01-09,18,Indiana,6.0,0.08665167111358228
2021-01-16,18,Indiana,5.0,0.07220972592798525
2021-01-23,18,Indiana,8.0,0.11553556148477638
2021-01-30,18,Indiana,6.0,0.08665167111358228
2021-02-06,18,Indiana,10.0,0.1444194518559705
2021-02-13,18,Indiana,8.0,0.11553556148477638
2021-02-20,18,Indiana,6.0,0.08665167111358228
2021-02-27,18,Indiana,1.0,0.014441945185597048
2021-03-06,18,Indiana,3.0,0.04332583555679114
2021-03-13,18,Indiana,3.0,0.04332583555679114
2021-03-20,18,Indiana,3.0,0.04332583555679114
2021-03-27,18,Indiana,8.0,0.11553556148477638
2021-04-03,18,Indiana,55.0,0.7943069852078376
2021-04-10,18,Indiana,11.0,0.15886139704156754
2021-04-17,18,Indiana,11.0,0.15886139704156754
2021-04-24,18,Indiana,5.0,0.07220972592798525
2021-05-01,18,Indiana,3.0,0.04332583555679114
2021-05-08,18,Indiana,2.0,0.028883890371194095
2021-05-15,18,Indiana,3.0,0.04332583555679114
2021-05-22,18,Indiana,4.0,0.05776778074238819
2021-05-29,18,Indiana,3.0,0.04332583555679114
2021-06-05,18,Indiana,4.0,0.05776778074238819
2021-06-12,18,Indiana,0.0,0.0
2021-06-19,18,Indiana,2.0,0.028883890371194095
2021-06-26,18,Indiana,3.0,0.04332583555679114
2021-07-03,18,Indiana,2.0,0.028883890371194095
2021-07-10,18,Indiana,4.0,0.05776778074238819
2021-07-17,18,Indiana,9.0,0.12997750667037344
2021-07-24,18,Indiana,11.0,0.15886139704156754
2021-07-31,18,Indiana,25.0,0.3610486296399262
2021-08-07,18,Indiana,29.0,0.4188164103823144
2021-08-14,18,Indiana,25.0,0.3610486296399262
2021-08-21,18,Indiana,34.0,0.4910261363102996
2021-08-28,18,Indiana,16.0,0.23107112296955276
2021-09-04,18,Indiana,22.0,0.3177227940831351
2021-09-11,18,Indiana,13.0,0.1877452874127616
2021-09-18,18,Indiana,12.0,0.17330334222716456
2021-09-25,18,Indiana,15.0,0.2166291777839557
2021-10-02,18,Indiana,15.0,0.2166291777839557
2020-08-08,22,Louisiana,,
2020-08-15,22,Louisiana,,
2020-08-22,22,Louisiana,,
2020-08-29,22,Louisiana,,
2020-09-05,22,Louisiana,,
2020-09-12,22,Louisiana,,
2020-09-19,22,Louisiana,,
2020-09-26,22,Louisiana,,
2025-10-04,22,Louisiana,33.0,0.7177439350637487
2025-10-11,22,Louisiana,36.0,0.7829933837059077
2025-10-18,22,Louisiana,43.0,0.9352420972042786
2025-10-25,22,Louisiana,53.0,1.1527402593448086
2025-11-01,22,Louisiana,44.0,0.9569919134183316
2025-11-08,22,Louisiana,83.0,1.8052347457663982
2025-11-15,22,Louisiana,107.0,2.3272303349036703
2025-11-22,22,Louisiana,117.0,2.5447284970442
2025-11-29,22,Louisiana,116.0,2.522978680830147
2025-12-06,22,Louisiana,180.0,3.9149669185295384
2025-12-13,22,Louisiana,248.0,5.393954421085142
2025-12-20,22,Louisiana,433.0,9.417670420684946
2025-12-27,22,Louisiana,688.0,14.963873555268458
2026-01-03,22,Louisiana,662.0,14.39837833370308
2026-01-10,22,Louisiana,438.0,9.52641950175521
2026-01-17,22,Louisiana,296.0,6.4379455993596855
2026-01-24,22,Louisiana,332.0,7.220938983065593
2026-01-31,22,Louisiana,318.0,6.916441556068851
2026-02-07,22,Louisiana,324.0,7.046940453353169
2026-02-14,22,Louisiana,424.0,9.221922074758469
2026-02-21,22,Louisiana,342.0,7.438437145206123
2026-02-28,22,Louisiana,215.0,4.676210486021393
2026-03-07,22,Louisiana,186.0,4.045465815813857
2026-03-14,22,Louisiana,139.0,3.023224453753366
2026-03-21,22,Louisiana,98.0,2.131481988977193
2026-03-28,22,Louisiana,38.0,0.8264930161340137
2026-04-04,22,Louisiana,26.0,0.5654952215653778
2026-04-11,22,Louisiana,22.0,0.4784959567091658
2026-04-18,22,Louisiana,18.0,0.3914966918529538
2021-10-09,23,Maine,0.0,0.0
2021-10-16,23,Maine,0.0,0.0
2021-10-23,23,Maine,0.0,0.0
2021-10-30,23,Maine,0.0,0.0
2021-11-06,23,Maine,0.0,0.0
2021-11-13,23,Maine,0.0,0.0
2021-11-20,23,Maine,0.0,0.0
2021-11-27,23,Maine,0.0,0.0
2021-12-04,23,Maine,6.0,0.42704261600612664
2021-12-11,23,Maine,2.0,0.1423475386687089
2021-12-18,23,Maine,1.0,0.07117376933435444
2021-12-25,23,Maine,1.0,0.07117376933435444
2022-01-01,23,Maine,2.0,0.1423475386687089
2022-01-08,23,Maine,4.0,0.2846950773374178
2022-01-15,23,Maine,0.0,0.0
2022-01-22,23,Maine,0.0,0.0
2022-01-29,23,Maine,1.0,0.07117376933435444
2022-02-05,23,Maine,3.0,0.21352130800306332
2022-02-12,23,Maine,5.0,0.3558688466717722
2022-02-19,23,Maine,5.0,0.3558688466717722
2022-02-26,23,Maine,2.0,0.1423475386687089
2022-03-05,23,Maine,2.0,0.1423475386687089
2022-03-12,23,Maine,2.0,0.1423475386687089
2022-03-19,23,Maine,1.0,0.07117376933435444
2022-03-26,23,Maine,3.0,0.21352130800306332
2022-04-02,23,Maine,9.0,0.6405639240091899
2022-04-09,23,Maine,11.0,0.7829114626778988
2022-04-16,23,Maine,15.0,1.0676065400153165
2022-04-23,23,Maine,20.0,1.4234753866870888
2022-04-30,23,Maine,30.0,2.135213080030633
2022-05-07,23,Maine,8.0,0.5693901546748356
2022-05-14,23,Maine,37.0,2.633429465371114
2022-05-21,23,Maine,36.0,2.5622556960367597
2022-05-28,23,Maine,15.0,1.0676065400153165
2022-06-04,23,Maine,12.0,0.8540852320122533
2022-06-11,23,Maine,57.0,4.056904852058203
2022-06-18,23,Maine,3.0,0.21352130800306332
2022-06-25,23,Maine,5.0,0.3558688466717722
2022-07-02,23,Maine,2.0,0.1423475386687089
2022-07-09,23,Maine,1.0,0.07117376933435444
2022-07-16,23,Maine,0.0,0.0
2022-07-23,23,Maine,1.0,0.07117376933435444
2022-07-30,23,Maine,0.0,0.0
2022-08-06,23,Maine,0.0,0.0
2022-08-13,23,Maine,2.0,0.1423475386687089
2022-08-20,23,Maine,0.0,0.0
2022-08-27,23,Maine,0.0,0.0
2022-09-03,23,Maine,0.0,0.0
2022-09-10,23,Maine,0.0,0.0
2022-09-17,23,Maine,0.0,0.0
2022-09-24,23,Maine,0.0,0.0
2022-10-01,23,Maine,0.0,0.0
2023-10-07,23,Maine,5.0,0.3558688466717722
2023-10-14,23,Maine,4.0,0.2846950773374178
2023-10-21,23,Maine,2.0,0.1423475386687089
2023-10-28,23,Maine,4.0,0.2846950773374178
2023-11-04,23,Maine,1.0,0.07117376933435444
2023-11-11,23,Maine,4.0,0.2846950773374178
2023-11-18,23,Maine,2.0,0.1423475386687089
2023-11-25,23,Maine,19.0,1.3523016173527345
2023-12-02,23,Maine,9.0,0.6405639240091899
2023-12-09,23,Maine,15.0,1.0676065400153165
2023-12-16,23,Maine,20.0,1.4234753866870888
2023-12-23,23,Maine,16.0,1.1387803093496711
2023-12-30,23,Maine,51.0,3.6298622360520763
2024-01-06,23,Maine,58.0,4.128078621392557
2024-01-13,23,Maine,47.0,3.3451671587146588
2024-01-20,23,Maine,40.0,2.8469507733741777
2024-01-27,23,Maine,34.0,2.419908157368051
2024-02-03,23,Maine,64.0,4.5551212373986845
2024-02-10,23,Maine,77.0,5.480380238745292
2024-02-17,23,Maine,86.0,6.120944162754482
2024-02-24,23,Maine,67.0,4.768642545401748
2024-03-02,23,Maine,64.0,4.5551212373986845
2024-03-09,23,Maine,50.0,3.558688466717722
2024-03-16,23,Maine,33.0,2.3487343880336966
2024-03-23,23,Maine,26.0,1.8505180026932155
2024-03-30,23,Maine,23.0,1.6369966946901522
2024-04-06,23,Maine,24.0,1.7081704640245066
2024-04-13,23,Maine,15.0,1.0676065400153165
2024-04-20,23,Maine,16.0,1.1387803093496711
2024-04-27,23,Maine,14.0,0.9964327706809621
2024-05-04,23,Maine,9.0,0.6405639240091899
2024-05-11,23,Maine,8.0,0.5693901546748356
2024-05-18,23,Maine,3.0,0.21352130800306332
2024-05-25,23,Maine,5.0,0.3558688466717722
2024-06-01,23,Maine,5.0,0.3558688466717722
2024-06-08,23,Maine,1.0,0.07117376933435444
2024-06-15,23,Maine,3.0,0.21352130800306332
2024-06-22,23,Maine,1.0,0.07117376933435444
2024-06-29,23,Maine,1.0,0.07117376933435444
2024-07-06,23,Maine,0.0,0.0
2024-07-13,23,Maine,4.0,0.2846950773374178
2024-07-20,23,Maine,2.0,0.1423475386687089
2024-07-27,23,Maine,0.0,0.0
2024-08-03,23,Maine,2.0,0.1423475386687089
2024-08-10,23,Maine,3.0,0.21352130800306332
2024-08-17,23,Maine,1.0,0.07117376933435444
2024-08-24,23,Maine,5.0,0.3558688466717722
2024-08-31,23,Maine,3.0,0.21352130800306332
2024-09-07,23,Maine,3.0,0.21352130800306332
2024-09-14,23,Maine,0.0,0.0
2024-09-21,23,Maine,1.0,0.07117376933435444
2024-09-28,23,Maine,3.0,0.21352130800306332
2021-10-09,37,North Carolina,8.0,0.07242424966666738
2021-10-16,37,North Carolina,25.0,0.2263257802083356
2021-10-23,37,North Carolina,34.0,0.30780306108333644
2021-10-30,37,North Carolina,38.0,0.34401518591667013
2021-11-06,37,North Carolina,51.0,0.4617045916250046
2021-11-13,37,North Carolina,3.0,0.027159093625000272
2021-11-20,37,North Carolina,3.0,0.027159093625000272
2021-11-27,37,North Carolina,18.0,0.16295456175000164
2021-12-04,37,North Carolina,19.0,0.17200759295833506
2021-12-11,37,North Carolina,36.0,0.3259091235000033
2021-12-18,37,North Carolina,41.0,0.37117427954167037
2021-12-25,37,North Carolina,92.0,0.832878871166675
2022-01-01,37,North Carolina,162.0,1.4665910557500146
2022-01-08,37,North Carolina,180.0,1.6295456175000163
2022-01-15,37,North Carolina,128.0,1.1587879946666781
2022-01-22,37,North Carolina,47.0,0.4254924667916709
2022-01-29,37,North Carolina,25.0,0.2263257802083356
2022-02-05,37,North Carolina,48.0,0.43454549800000436
2022-02-12,37,North Carolina,25.0,0.2263257802083356
2022-02-19,37,North Carolina,34.0,0.30780306108333644
2022-02-26,37,North Carolina,33.0,0.298750029875003
2022-03-05,37,North Carolina,44.0,0.39833337316667067
2022-03-12,37,North Carolina,55.0,0.4979167164583383
2022-03-19,37,North Carolina,14.0,0.12674243691666792
2022-03-26,37,North Carolina,23.0,0.20821971779166876
2022-04-02,37,North Carolina,28.0,0.25348487383333584
2022-04-09,37,North Carolina,35.0,0.31685609229166983
2022-04-16,37,North Carolina,57.0,0.5160227788750051
2022-04-23,37,North Carolina,45.0,0.40738640437500406
2022-04-30,37,North Carolina,63.0,0.5703409661250057
2022-05-07,37,North Carolina,51.0,0.4617045916250046
2022-05-14,37,North Carolina,37.0,0.3349621547083367
2022-05-21,37,North Carolina,45.0,0.40738640437500406
2022-05-28,37,North Carolina,40.0,0.362121248333337
2022-06-04,37,North Carolina,22.0,0.19916668658333533
2022-06-11,37,North Carolina,43.0,0.3892803419583372
2022-06-18,37,North Carolina,59.0,0.534128841291672
2022-06-25,37,North Carolina,58.0,0.5250758100833386
2022-07-02,37,North Carolina,38.0,0.34401518591667013
2022-07-09,37,North Carolina,15.0,0.13579546812500135
2022-07-16,37,North Carolina,41.0,0.37117427954167037
2022-07-23,37,North Carolina,38.0,0.34401518591667013
2022-07-30,37,North Carolina,11.0,0.09958334329166767
2022-08-06,37,North Carolina,1.0,0.009053031208333423
2022-08-13,37,North Carolina,9.0,0.08147728087500082
2022-08-20,37,North Carolina,12.0,0.10863637450000109
2022-08-27,37,North Carolina,11.0,0.09958334329166767
2022-09-03,37,North Carolina,6.0,0.054318187250000545
2022-09-10,37,North Carolina,13.0,0.11768940570833451
2022-09-17,37,North Carolina,17.0,0.15390153054166822
2022-09-24,37,North Carolina,11.0,0.09958334329166767
2022-10-01,37,North Carolina,21.0,0.1901136553750019
2024-10-05,38,North Dakota,0.0,0.0
2024-10-12,38,North Dakota,1.0,0.1255385604242199
2024-10-19,38,North Dakota,0.0,0.0
2024-10-26,38,North Dakota,0.0,0.0
2024-11-02,38,North Dakota,2.0,0.2510771208484398
2024-11-09,38,North Dakota,0.0,0.0
2024-11-16,38,North Dakota,1.0,0.1255385604242199
2024-11-23,38,North Dakota,3.0,0.3766156812726597
2024-11-30,38,North Dakota,1.0,0.1255385604242199
2024-12-07,38,North Dakota,2.0,0.2510771208484398
2024-12-14,38,North Dakota,5.0,0.6276928021210996
2024-12-21,38,North Dakota,8.0,1.0043084833937592
2024-12-28,38,North Dakota,22.0,2.761848329332838
2025-01-04,38,North Dakota,56.0,7.030159383756315
2025-01-11,38,North Dakota,38.0,4.770465296120356
2025-01-18,38,North Dakota,61.0,7.657852185877414
2025-01-25,38,North Dakota,89.0,11.172931877755572
2025-02-01,38,North Dakota,104.0,13.05601028411887
2025-02-08,38,North Dakota,127.0,15.943397173875928
2025-02-15,38,North Dakota,85.0,10.670777636058691
2025-02-22,38,North Dakota,65.0,8.160006427574293
2025-03-01,38,North Dakota,47.0,5.900312339938336
2025-03-08,38,North Dakota,32.0,4.017233933575037
2025-03-15,38,North Dakota,36.0,4.519388175271916
2025-03-22,38,North Dakota,24.0,3.0129254501812777
2025-03-29,38,North Dakota,25.0,3.1384640106054977
2025-04-05,38,North Dakota,14.0,1.7575398459390787
2025-04-12,38,North Dakota,12.0,1.5064627250906388
2025-04-19,38,North Dakota,14.0,1.7575398459390787
2025-04-26,38,North Dakota,11.0,1.380924164666419
2025-05-03,38,North Dakota,9.0,1.129847043817979
2025-05-10,38,North Dakota,5.0,0.6276928021210996
2025-05-17,38,North Dakota,7.0,0.8787699229695394
2025-05-24,38,North Dakota,3.0,0.3766156812726597
2025-05-31,38,North Dakota,1.0,0.1255385604242199
2025-06-07,38,North Dakota,5.0,0.6276928021210996
2025-06-14,38,North Dakota,4.0,0.5021542416968796
2025-06-21,38,North Dakota,3.0,0.3766156812726597
2025-06-28,38,North Dakota,1.0,0.1255385604242199
2025-07-05,38,North Dakota,4.0,0.5021542416968796
2025-07-12,38,North Dakota,0.0,0.0
2025-07-19,38,North Dakota,1.0,0.1255385604242199
2025-07-26,38,North Dakota,0.0,0.0
2025-08-02,38,North Dakota,2.0,0.2510771208484398
2025-08-09,38,North Dakota,4.0,0.5021542416968796
2025-08-16,38,North Dakota,3.0,0.3766156812726597
2025-08-23,38,North Dakota,0.0,0.0
2025-08-30,38,North Dakota,1.0,0.1255385604242199
2025-09-06,38,North Dakota,2.0,0.2510771208484398
2025-09-13,38,North Dakota,4.0,0.5021542416968796
2025-09-20,38,North Dakota,2.0,0.2510771208484398
2025-09-27,38,North Dakota,0.0,0.0
2021-10-09,33,New Hampshire,0.0,0.0
2021-10-16,33,New Hampshire,12.0,0.8516485076279318
2021-10-23,33,New Hampshire,1.0,0.07097070896899432
2021-10-30,33,New Hampshire,0.0,0.0
2021-11-06,33,New Hampshire,0.0,0.0
2021-11-13,33,New Hampshire,1.0,0.07097070896899432
2021-11-20,33,New Hampshire,0.0,0.0
2021-11-27,33,New Hampshire,2.0,0.14194141793798865
2021-12-04,33,New Hampshire,1.0,0.07097070896899432
2021-12-11,33,New Hampshire,3.0,0.21291212690698294
2021-12-18,33,New Hampshire,9.0,0.6387363807209488
2021-12-25,33,New Hampshire,5.0,0.35485354484497156
2022-01-01,33,New Hampshire,6.0,0.4258242538139659
2022-01-08,33,New Hampshire,4.0,0.2838828358759773
2022-01-15,33,New Hampshire,1.0,0.07097070896899432
2022-01-22,33,New Hampshire,2.0,0.14194141793798865
2022-01-29,33,New Hampshire,1.0,0.07097070896899432
2022-02-05,33,New Hampshire,1.0,0.07097070896899432
2022-02-12,33,New Hampshire,9.0,0.6387363807209488
2022-02-19,33,New Hampshire,7.0,0.4967949627829602
2022-02-26,33,New Hampshire,0.0,0.0
2022-03-05,33,New Hampshire,2.0,0.14194141793798865
2022-03-12,33,New Hampshire,14.0,0.9935899255659204
2022-03-19,33,New Hampshire,10.0,0.7097070896899431
2022-03-26,33,New Hampshire,7.0,0.4967949627829602
2022-04-02,33,New Hampshire,6.0,0.4258242538139659
2022-04-09,33,New Hampshire,13.0,0.9226192165969261
2022-04-16,33,New Hampshire,17.0,1.2065020524729033
2022-04-23,33,New Hampshire,28.0,1.9871798511318408
2022-04-30,33,New Hampshire,24.0,1.7032970152558635
2022-05-07,33,New Hampshire,21.0,1.4903848883488806
2022-05-14,33,New Hampshire,14.0,0.9935899255659204
2022-05-21,33,New Hampshire,13.0,0.9226192165969261
2022-05-28,33,New Hampshire,6.0,0.4258242538139659
2022-06-04,33,New Hampshire,6.0,0.4258242538139659
2022-06-11,33,New Hampshire,4.0,0.2838828358759773
2022-06-18,33,New Hampshire,1.0,0.07097070896899432
2022-06-25,33,New Hampshire,1.0,0.07097070896899432
2022-07-02,33,New Hampshire,0.0,0.0
2022-07-09,33,New Hampshire,1.0,0.07097070896899432
2022-07-16,33,New Hampshire,0.0,0.0
2022-07-23,33,New Hampshire,1.0,0.07097070896899432
2022-07-30,33,New Hampshire,1.0,0.07097070896899432
2022-08-06,33,New Hampshire,0.0,0.0
2022-08-13,33,New Hampshire,0.0,0.0
2022-08-20,33,New Hampshire,0.0,0.0
2022-08-27,33,New Hampshire,0.0,0.0
2022-09-03,33,New Hampshire,0.0,0.0
2022-09-10,33,New Hampshire,0.0,0.0
2022-09-17,33,New Hampshire,3.0,0.21291212690698294
2022-09-24,33,New Hampshire,1.0,0.07097070896899432
2022-10-01,33,New Hampshire,1.0,0.07097070896899432
2024-10-05,,,4.0,
2024-10-12,,,0.0,
2024-10-19,,,6.0,
2024-10-26,,,6.0,
2024-11-02,,,16.0,
2024-11-09,,,52.0,
2024-11-16,,,30.0,
2024-11-23,,,67.0,
2024-11-30,,,108.0,
2024-12-07,,,136.0,
2024-12-14,,,217.0,
2024-12-21,,,258.0,
2024-12-28,,,603.0,
2025-01-04,,,1206.0,
2025-01-11,,,1138.0,
2025-01-18,,,1328.0,
2025-01-25,,,1801.0,
2025-02-01,,,2422.0,
2025-02-08,,,2919.0,
2025-02-15,,,2788.0,
2025-02-22,,,2498.0,
2025-03-01,,,2091.0,
2025-03-08,,,1403.0,
2025-03-15,,,893.0,
2025-03-22,,,651.0,
2025-03-29,,,445.0,
2025-04-05,,,321.0,
2025-04-12,,,251.0,
2025-04-19,,,194.0,
2025-04-26,,,179.0,
2025-05-03,,,125.0,
2025-05-10,,,63.0,
2025-05-17,,,56.0,
2025-05-24,,,49.0,
2025-05-31,,,49.0,
2025-06-07,,,31.0,
2025-06-14,,,31.0,
2025-06-21,,,16.0,
2025-06-28,,,18.0,
2025-07-05,,,21.0,
2025-07-12,,,24.0,
2025-07-19,,,16.0,
2025-07-26,,,12.0,
2025-08-02,,,17.0,
2025-08-09,,,20.0,
2025-08-16,,,21.0,
2025-08-23,,,12.0,
2025-08-30,,,18.0,
2025-09-06,,,21.0,
2025-09-13,,,26.0,
2025-09-20,,,22.0,
2025-09-27,,,24.0,
2020-10-03,,,0.0,
2020-10-10,,,0.0,
2020-10-17,,,0.0,
2020-10-24,,,17.0,
2020-10-31,,,88.0,
2020-11-07,,,41.0,
2020-11-14,,,63.0,
2020-11-21,,,62.0,
2020-11-28,,,94.0,
2020-12-05,,,77.0,
2020-12-12,,,99.0,
2020-12-19,,,71.0,
2020-12-26,,,81.0,
2021-01-02,,,112.0,
2021-01-09,,,93.0,
2021-01-16,,,72.0,
2021-01-23,,,45.0,
2021-01-30,,,31.0,
2021-02-06,,,26.0,
2021-02-13,,,28.0,
2021-02-20,,,25.0,
2021-02-27,,,34.0,
2021-03-06,,,29.0,
2021-03-13,,,27.0,
2021-03-20,,,16.0,
2021-03-27,,,19.0,
2021-04-03,,,13.0,
2021-04-10,,,14.0,
2021-04-17,,,20.0,
2021-04-24,,,23.0,
2021-05-01,,,42.0,
2021-05-08,,,17.0,
2021-05-15,,,9.0,
2021-05-22,,,18.0,
2021-05-29,,,11.0,
2021-06-05,,,8.0,
2021-06-12,,,10.0,
2021-06-19,,,21.0,
2021-06-26,,,11.0,
2021-07-03,,,9.0,
2021-07-10,,,13.0,
2021-07-17,,,11.0,
2021-07-24,,,12.0,
2021-07-31,,,7.0,
2021-08-07,,,16.0,
2021-08-14,,,25.0,
2021-08-21,,,17.0,
2021-08-28,,,17.0,
2021-09-04,,,9.0,
2021-09-11,,,9.0,
2021-09-18,,,11.0,
2021-09-25,,,12.0,
2021-10-02,,,18.0,
2022-10-08,48,Texas,213.0,0.6807105889901103
2022-10-15,48,Texas,305.0,0.9747264302440546
2022-10-22,48,Texas,460.0,1.4700792062697217
2022-10-29,48,Texas,699.0,2.233881228657686
2022-11-05,48,Texas,953.0,3.0456206164674886
2022-11-12,48,Texas,1106.0,3.534581743770244
2022-11-19,48,Texas,1168.0,3.7327228541805106
2022-11-26,48,Texas,1796.0,5.739700553174826
2022-12-03,48,Texas,2179.0,6.963701283612442
2022-12-10,48,Texas,1775.0,5.672588241584252
2022-12-17,48,Texas,1533.0,4.89919874611192
2022-12-24,48,Texas,1301.0,4.157767494254148
2022-12-31,48,Texas,1410.0,4.506112349652843
2023-01-07,48,Texas,1246.0,3.981997154374072
2023-01-14,48,Texas,763.0,2.4384139877908644
2023-01-21,48,Texas,490.0,1.565953937113399
2023-01-28,48,Texas,347.0,1.108951053425203
2023-02-04,48,Texas,281.0,0.8980266455691126
2023-02-11,48,Texas,270.0,0.8628725775930974
2023-02-18,48,Texas,241.0,0.7701936711108759
2023-02-25,48,Texas,208.0,0.6647314671828306
2023-03-04,48,Texas,171.0,0.5464859658089617
2023-03-11,48,Texas,157.0,0.5017444247485789
2023-03-18,48,Texas,159.0,0.5081360734714907
2023-03-25,48,Texas,131.0,0.4186529913507251
2023-04-01,48,Texas,156.0,0.498548600387123
2023-04-08,48,Texas,128.0,0.40906551826635734
2023-04-15,48,Texas,126.0,0.4026738695434455
2023-04-22,48,Texas,100.0,0.3195824361455917
2023-04-29,48,Texas,110.0,0.3515406797601508
2023-05-06,48,Texas,197.0,0.6295773992068155
2023-05-13,48,Texas,98.0,0.3131907874226798
2023-05-20,48,Texas,97.0,0.3099949630612239
2023-05-27,48,Texas,106.0,0.33875738231432717
2023-06-03,48,Texas,83.0,0.26525342200084107
2023-06-10,48,Texas,75.0,0.23968682710919376
2023-06-17,48,Texas,100.0,0.3195824361455917
2023-06-24,48,Texas,109.0,0.3483448553986949
2023-07-01,48,Texas,87.0,0.27803671944666475
2023-07-08,48,Texas,79.0,0.2524701245550174
2023-07-15,48,Texas,96.0,0.306799138699768
2023-07-22,48,Texas,86.0,0.2748408950852088
2023-07-29,48,Texas,90.0,0.2876241925310325
2023-08-05,48,Texas,109.0,0.3483448553986949
2023-08-12,48,Texas,118.0,0.37710727465179816
2023-08-19,48,Texas,122.0,0.38989057209762185
2023-08-26,48,Texas,110.0,0.3515406797601508
2023-09-02,48,Texas,126.0,0.4026738695434455
2023-09-09,48,Texas,109.0,0.3483448553986949
2023-09-16,48,Texas,128.0,0.40906551826635734
2023-09-23,48,Texas,102.0,0.3259740848685035
2023-09-30,48,Texas,118.0,0.37710727465179816
2022-10-08,50,Vermont,1.0,0.1542036691221031
2022-10-15,50,Vermont,0.0,0.0
2022-10-22,50,Vermont,0.0,0.0
2022-10-29,50,Vermont,1.0,0.1542036691221031
2022-11-05,50,Vermont,0.0,0.0
2022-11-12,50,Vermont,1.0,0.1542036691221031
2022-11-19,50,Vermont,2.0,0.3084073382442062
2022-11-26,50,Vermont,13.0,2.0046476985873403
2022-12-03,50,Vermont,31.0,4.780313742785196
2022-12-10,50,Vermont,45.0,6.939165110494639
2022-12-17,50,Vermont,56.0,8.635405470837773
2022-12-24,50,Vermont,64.0,9.869034823814598
2022-12-31,50,Vermont,81.0,12.49049719889035
2023-01-07,50,Vermont,51.0,7.864387125227258
2023-01-14,50,Vermont,12.0,1.8504440294652371
2023-01-21,50,Vermont,10.0,1.5420366912210308
2023-01-28,50,Vermont,5.0,0.7710183456105154
2023-02-04,50,Vermont,3.0,0.4626110073663093
2023-02-11,50,Vermont,0.0,0.0
2023-02-18,50,Vermont,2.0,0.3084073382442062
2023-02-25,50,Vermont,2.0,0.3084073382442062
2023-03-04,50,Vermont,1.0,0.1542036691221031
2023-03-11,50,Vermont,5.0,0.7710183456105154
2023-03-18,50,Vermont,2.0,0.3084073382442062
2023-03-25,50,Vermont,4.0,0.6168146764884124
2023-04-01,50,Vermont,0.0,0.0
2023-04-08,50,Vermont,0.0,0.0
2023-04-15,50,Vermont,1.0,0.1542036691221031
2023-04-22,50,Vermont,0.0,0.0
2023-04-29,50,Vermont,2.0,0.3084073382442062
2023-05-06,50,Vermont,0.0,0.0
2023-05-13,50,Vermont,0.0,0.0
2023-05-20,50,Vermont,2.0,0.3084073382442062
2023-05-27,50,Vermont,0.0,0.0
2023-06-03,50,Vermont,0.0,0.0
2023-06-10,50,Vermont,0.0,0.0
2023-06-17,50,Vermont,0.0,0.0
2023-06-24,50,Vermont,0.0,0.0
2023-07-01,50,Vermont,1.0,0.1542036691221031
2023-07-08,50,Vermont,0.0,0.0
2023-07-15,50,Vermont,0.0,0.0
2023-07-22,50,Vermont,0.0,0.0
2023-07-29,50,Vermont,0.0,0.0
2023-08-05,50,Vermont,0.0,0.0
2023-08-12,50,Vermont,0.0,0.0
2023-08-19,50,Vermont,0.0,0.0
2023-08-26,50,Vermont,0.0,0.0
2023-09-02,50,Vermont,0.0,0.0
2023-09-09,50,Vermont,1.0,0.1542036691221031
2023-09-16,50,Vermont,0.0,0.0
2023-09-23,50,Vermont,1.0,0.1542036691221031
2023-09-30,50,Vermont,1.0,0.1542036691221031
2023-10-07,54,West Virginia,2.0,0.11299569090932718
2023-10-14,54,West Virginia,3.0,0.16949353636399075
2023-10-21,54,West Virginia,3.0,0.16949353636399075
2023-10-28,54,West Virginia,4.0,0.22599138181865436
2023-11-04,54,West Virginia,7.0,0.3954849181826451
2023-11-11,54,West Virginia,14.0,0.7909698363652902
2023-11-18,54,West Virginia,8.0,0.4519827636373087
2023-11-25,54,West Virginia,13.0,0.7344719909106266
2023-12-02,54,West Virginia,17.0,0.960463372729281
2023-12-09,54,West Virginia,20.0,1.1299569090932717
2023-12-16,54,West Virginia,33.0,1.8644289000038983
2023-12-23,54,West Virginia,82.0,4.632823327282414
2023-12-30,54,West Virginia,153.0,8.64417035456353
2024-01-06,54,West Virginia,169.0,9.548135881838146
2024-01-13,54,West Virginia,136.0,7.683706981834248
2024-01-20,54,West Virginia,145.0,8.19218759092622
2024-01-27,54,West Virginia,136.0,7.683706981834248
2024-02-03,54,West Virginia,127.0,7.175226372742276
2024-02-10,54,West Virginia,131.0,7.40121775456093
2024-02-17,54,West Virginia,184.0,10.3956035636581
2024-02-24,54,West Virginia,163.0,9.209148809110165
2024-03-02,54,West Virginia,181.0,10.226110027294109
2024-03-09,54,West Virginia,143.0,8.079191900016893
2024-03-16,54,West Virginia,101.0,5.7062823909210225
2024-03-23,54,West Virginia,80.0,4.519827636373087
2024-03-30,54,West Virginia,71.0,4.011347027281115
2024-04-06,54,West Virginia,68.0,3.841853490917124
2024-04-13,54,West Virginia,22.0,1.242952600002599
2024-04-20,54,West Virginia,13.0,0.7344719909106266
2024-04-27,54,West Virginia,22.0,1.242952600002599
2024-05-04,54,West Virginia,7.0,0.3954849181826451
2024-05-11,54,West Virginia,0.0,0.0
2024-05-18,54,West Virginia,0.0,0.0
2024-05-25,54,West Virginia,0.0,0.0
2024-06-01,54,West Virginia,0.0,0.0
2024-06-08,54,West Virginia,0.0,0.0
2024-06-15,54,West Virginia,0.0,0.0
2024-06-22,54,West Virginia,0.0,0.0
2024-06-29,54,West Virginia,0.0,0.0
2024-07-06,54,West Virginia,0.0,0.0
2024-07-13,54,West Virginia,0.0,0.0
2024-07-20,54,West Virginia,0.0,0.0
2024-07-27,54,West Virginia,0.0,0.0
2024-08-03,54,West Virginia,0.0,0.0
2024-08-10,54,West Virginia,0.0,0.0
2024-08-17,54,West Virginia,0.0,0.0
2024-08-24,54,West Virginia,0.0,0.0
2024-08-31,54,West Virginia,0.0,0.0
2024-09-07,54,West Virginia,,
2024-09-14,54,West Virginia,,
2024-09-21,54,West Virginia,,
2024-09-28,54,West Virginia,,
2020-08-08,04,Arizona,,
2020-08-15,04,Arizona,,
2020-08-22,04,Arizona,,
2020-08-29,04,Arizona,,
2020-09-05,04,Arizona,,
2020-09-12,04,Arizona,,
2020-09-19,04,Arizona,,
2020-09-26,04,Arizona,,
2025-10-04,08,Colorado,8.0,0.13428467309990963
2025-10-11,08,Colorado,6.0,0.10071350482493223
2025-10-18,08,Colorado,7.0,0.11749908896242094
2025-10-25,08,Colorado,9.0,0.15107025723739834
2025-11-01,08,Colorado,18.0,0.3021405144747967
2025-11-08,08,Colorado,28.0,0.46999635584968374
2025-11-15,08,Colorado,47.0,0.7889224544619692
2025-11-22,08,Colorado,97.0,1.6282016613364043
2025-11-29,08,Colorado,149.0,2.501052036485817
2025-12-06,08,Colorado,222.0,3.7263996785224927
2025-12-13,08,Colorado,282.0,4.733534726771815
2025-12-20,08,Colorado,517.0,8.67814699908166
2025-12-27,08,Colorado,818.0,13.73060782446576
2026-01-03,08,Colorado,830.0,13.932034834115626
2026-01-10,08,Colorado,475.0,7.973152465307135
2026-01-17,08,Colorado,270.0,4.53210771712195
2026-01-24,08,Colorado,183.0,3.071761897160433
2026-01-31,08,Colorado,149.0,2.501052036485817
2026-02-07,08,Colorado,112.0,1.879985423398735
2026-02-14,08,Colorado,128.0,2.148554769598554
2026-02-21,08,Colorado,119.0,1.997484512361156
2026-02-28,08,Colorado,118.0,1.9806989282236673
2026-03-07,08,Colorado,99.0,1.6617728296113818
2026-03-14,08,Colorado,110.0,1.8464142551237577
2026-03-21,08,Colorado,97.0,1.6282016613364043
2026-03-28,08,Colorado,34.0,0.5707098606746159
2026-04-04,08,Colorado,34.0,0.5707098606746159
2026-04-11,08,Colorado,25.0,0.4196396034372176
2026-04-18,08,Colorado,19.0,0.3189260986122854
2023-10-07,13,Georgia,34.0,0.30409060898437495
2023-10-14,13,Georgia,39.0,0.3488098161879595
2023-10-21,13,Georgia,31.0,0.2772590846622242
2023-10-28,13,Georgia,40.0,0.3577536576286764
2023-11-04,13,Georgia,56.0,0.5008551206801469
2023-11-11,13,Georgia,116.0,1.0374856071231615
2023-11-18,13,Georgia,133.0,1.189530911615349
2023-11-25,13,Georgia,156.0,1.395239264751838
2023-12-02,13,Georgia,225.0,2.0123643241613047
2023-12-09,13,Georgia,261.0,2.3343426160271132
2023-12-16,13,Georgia,442.0,3.953177916796874
2023-12-23,13,Georgia,746.0,6.672105714774815
2023-12-30,13,Georgia,1132.0,10.124428510891542
2024-01-06,13,Georgia,758.0,6.779431812063417
2024-01-13,13,Georgia,627.0,5.607788583329502
2024-01-20,13,Georgia,486.0,4.346706940188418
2024-01-27,13,Georgia,455.0,4.069447855526194
2024-02-03,13,Georgia,354.0,3.166119870013786
2024-02-10,13,Georgia,308.0,2.754703163740808
2024-02-17,13,Georgia,259.0,2.3164549331456796
2024-02-24,13,Georgia,192.0,1.7172175566176466
2024-03-02,13,Georgia,203.0,1.8155998124655326
2024-03-09,13,Georgia,156.0,1.395239264751838
2024-03-16,13,Georgia,102.0,0.9122718269531248
2024-03-23,13,Georgia,81.0,0.7244511566980697
2024-03-30,13,Georgia,64.0,0.5724058522058822
2024-04-06,13,Georgia,60.0,0.5366304864430146
2024-04-13,13,Georgia,57.0,0.5097989621208638
2024-04-20,13,Georgia,40.0,0.3577536576286764
2024-04-27,13,Georgia,35.0,0.3130344504250918
2024-05-04,13,Georgia,16.0,0.14310146305147056
2024-05-11,13,Georgia,7.0,0.06260689008501837
2024-05-18,13,Georgia,6.0,0.05366304864430146
2024-05-25,13,Georgia,3.0,0.02683152432215073
2024-06-01,13,Georgia,5.0,0.04471920720358455
2024-06-08,13,Georgia,2.0,0.01788768288143382
2024-06-15,13,Georgia,1.0,0.00894384144071691
2024-06-22,13,Georgia,2.0,0.01788768288143382
2024-06-29,13,Georgia,4.0,0.03577536576286764
2024-07-06,13,Georgia,4.0,0.03577536576286764
2024-07-13,13,Georgia,0.0,0.0
2024-07-20,13,Georgia,0.0,0.0
2024-07-27,13,Georgia,1.0,0.00894384144071691
2024-08-03,13,Georgia,3.0,0.02683152432215073
2024-08-10,13,Georgia,2.0,0.01788768288143382
2024-08-17,13,Georgia,2.0,0.01788768288143382
2024-08-24,13,Georgia,2.0,0.01788768288143382
2024-08-31,13,Georgia,3.0,0.02683152432215073
2024-09-07,13,Georgia,0.0,0.0
2024-09-14,13,Georgia,3.0,0.02683152432215073
2024-09-21,13,Georgia,5.0,0.04471920720358455
2024-09-28,13,Georgia,2.0,0.01788768288143382
2024-10-05,27,Minnesota,,
2024-10-12,27,Minnesota,0.0,0.0
2024-10-19,27,Minnesota,88.0,1.5190351503007604
2024-10-26,27,Minnesota,0.0,0.0
2024-11-02,27,Minnesota,4.0,0.0690470522863982
2024-11-09,27,Minnesota,18.0,0.31071173528879187
2024-11-16,27,Minnesota,8.0,0.1380941045727964
2024-11-23,27,Minnesota,11.0,0.18987939378759505
2024-11-30,27,Minnesota,18.0,0.31071173528879187
2024-12-07,27,Minnesota,40.0,0.6904705228639819
2024-12-14,27,Minnesota,91.0,1.570820439515559
2024-12-21,27,Minnesota,227.0,3.9184202172530975
2024-12-28,27,Minnesota,543.0,9.373137347878556
2025-01-04,27,Minnesota,942.0,16.260580813446776
2025-01-11,27,Minnesota,893.0,15.414754422938397
2025-01-18,27,Minnesota,923.0,15.932607315086385
2025-01-25,27,Minnesota,925.0,15.967130841229583
2025-02-01,27,Minnesota,881.0,15.207613266079203
2025-02-08,27,Minnesota,716.0,12.359422359265277
2025-02-15,27,Minnesota,507.0,8.751713877300972
2025-02-22,27,Minnesota,397.0,6.852919939425021
2025-03-01,27,Minnesota,296.0,5.109481869193466
2025-03-08,27,Minnesota,213.0,3.676755534250704
2025-03-15,27,Minnesota,176.0,3.038070300601521
2025-03-22,27,Minnesota,197.0,3.4005673251051114
2025-03-29,27,Minnesota,83.0,1.4327263349427626
2025-04-05,27,Minnesota,68.0,1.1737998888687693
2025-04-12,27,Minnesota,59.0,1.0184440212243735
2025-04-19,27,Minnesota,38.0,0.6559469967207828
2025-04-26,27,Minnesota,26.0,0.4488058398615883
2025-05-03,27,Minnesota,31.0,0.535114655219586
2025-05-10,27,Minnesota,23.0,0.39702055064678965
2025-05-17,27,Minnesota,8.0,0.1380941045727964
2025-05-24,27,Minnesota,9.0,0.15535586764439593
2025-05-31,27,Minnesota,13.0,0.22440291993079414
2025-06-07,27,Minnesota,6.0,0.1035705784295973
2025-06-14,27,Minnesota,12.0,0.2071411568591946
2025-06-21,27,Minnesota,7.0,0.12083234150119684
2025-06-28,27,Minnesota,4.0,0.0690470522863982
2025-07-05,27,Minnesota,7.0,0.12083234150119684
2025-07-12,27,Minnesota,7.0,0.12083234150119684
2025-07-19,27,Minnesota,4.0,0.0690470522863982
2025-07-26,27,Minnesota,4.0,0.0690470522863982
2025-08-02,27,Minnesota,4.0,0.0690470522863982
2025-08-09,27,Minnesota,1.0,0.01726176307159955
2025-08-16,27,Minnesota,0.0,0.0
2025-08-23,27,Minnesota,2.0,0.0345235261431991
2025-08-30,27,Minnesota,3.0,0.05178528921479865
2025-09-06,27,Minnesota,2.0,0.0345235261431991
2025-09-13,27,Minnesota,6.0,0.1035705784295973
2025-09-20,27,Minnesota,4.0,0.0690470522863982
2025-09-27,27,Minnesota,2.0,0.0345235261431991
2024-10-05,29,Missouri,0.0,0.0
2024-10-12,29,Missouri,1.0,0.01601161546632389
2024-10-19,29,Missouri,2.0,0.03202323093264778
2024-10-26,29,Missouri,8.0,0.1280929237305911
2024-11-02,29,Missouri,13.0,0.20815100106221057
2024-11-09,29,Missouri,30.0,0.4803484639897167
2024-11-16,29,Missouri,29.0,0.4643368485233928
2024-11-23,29,Missouri,42.0,0.6724878495856034
2024-11-30,29,Missouri,41.0,0.6564762341192795
2024-12-07,29,Missouri,54.0,0.8646272351814901
2024-12-14,29,Missouri,88.0,1.4090221610365024
2024-12-21,29,Missouri,250.0,4.002903866580972
2024-12-28,29,Missouri,611.0,9.783097049923898
2025-01-04,29,Missouri,827.0,13.241605990649857
2025-01-11,29,Missouri,647.0,10.359515206711556
2025-01-18,29,Missouri,559.0,8.950493045675055
2025-01-25,29,Missouri,655.0,10.487608130442148
2025-02-01,29,Missouri,1039.0,16.636068469510523
2025-02-08,29,Missouri,1335.0,21.375506647542394
2025-02-15,29,Missouri,1425.0,22.816552039511542
2025-02-22,29,Missouri,1380.0,22.09602934352697
2025-03-01,29,Missouri,861.0,13.78600091650487
2025-03-08,29,Missouri,693.0,11.096049518162456
2025-03-15,29,Missouri,440.0,7.045110805182512
2025-03-22,29,Missouri,370.0,5.92429772253984
2025-03-29,29,Missouri,189.0,3.026195323135215
2025-04-05,29,Missouri,130.0,2.0815100106221056
2025-04-12,29,Missouri,99.0,1.585149931166065
2025-04-19,29,Missouri,100.0,1.601161546632389
2025-04-26,29,Missouri,66.0,1.0567666207773767
2025-05-03,29,Missouri,59.0,0.9446853125131095
2025-05-10,29,Missouri,49.0,0.7845691578498706
2025-05-17,29,Missouri,53.0,0.8486156197151662
2025-05-24,29,Missouri,42.0,0.6724878495856034
2025-05-31,29,Missouri,44.0,0.7045110805182512
2025-06-07,29,Missouri,33.0,0.5283833103886884
2025-06-14,29,Missouri,42.0,0.6724878495856034
2025-06-21,29,Missouri,39.0,0.6244530031866317
2025-06-28,29,Missouri,33.0,0.5283833103886884
2025-07-05,29,Missouri,11.0,0.1761277701295628
2025-07-12,29,Missouri,12.0,0.19213938559588667
2025-07-19,29,Missouri,12.0,0.19213938559588667
2025-07-26,29,Missouri,13.0,0.20815100106221057
2025-08-02,29,Missouri,8.0,0.1280929237305911
2025-08-09,29,Missouri,8.0,0.1280929237305911
2025-08-16,29,Missouri,8.0,0.1280929237305911
2025-08-23,29,Missouri,12.0,0.19213938559588667
2025-08-30,29,Missouri,6.0,0.09606969279794333
2025-09-06,29,Missouri,7.0,0.11208130826426722
2025-09-13,29,Missouri,12.0,0.19213938559588667
2025-09-20,29,Missouri,16.0,0.2561858474611822
2025-09-27,29,Missouri,18.0,0.28820907839383003
2020-08-08,37,North Carolina,,
2020-08-15,37,North Carolina,,
2020-08-22,37,North Carolina,,
2020-08-29,37,North Carolina,,
2020-09-05,37,North Carolina,,
2020-09-12,37,North Carolina,,
2020-09-19,37,North Carolina,,
2020-09-26,37,North Carolina,,
2025-10-04,33,New Hampshire,4.0,0.2838828358759773
2025-10-11,33,New Hampshire,4.0,0.2838828358759773
2025-10-18,33,New Hampshire,2.0,0.14194141793798865
2025-10-25,33,New Hampshire,0.0,0.0
2025-11-01,33,New Hampshire,2.0,0.14194141793798865
2025-11-08,33,New Hampshire,0.0,0.0
2025-11-15,33,New Hampshire,5.0,0.35485354484497156
2025-11-22,33,New Hampshire,12.0,0.8516485076279318
2025-11-29,33,New Hampshire,11.0,0.7806777986589375
2025-12-06,33,New Hampshire,25.0,1.774267724224858
2025-12-13,33,New Hampshire,46.0,3.2646526125737387
2025-12-20,33,New Hampshire,95.0,6.74221735205446
2025-12-27,33,New Hampshire,196.0,13.910258957922887
2026-01-03,33,New Hampshire,290.0,20.581505601008352
2026-01-10,33,New Hampshire,224.0,15.897438809054727
2026-01-17,33,New Hampshire,154.0,10.929489181225124
2026-01-24,33,New Hampshire,118.0,8.374543658341329
2026-01-31,33,New Hampshire,49.0,3.4775647394807216
2026-02-07,33,New Hampshire,61.0,4.329213247108654
2026-02-14,33,New Hampshire,60.0,4.258242538139659
2026-02-21,33,New Hampshire,55.0,3.9033889932946875
2026-02-28,33,New Hampshire,32.0,2.2710626870078183
2026-03-07,33,New Hampshire,35.0,2.4839748139148012
2026-03-14,33,New Hampshire,21.0,1.4903848883488806
2026-03-21,33,New Hampshire,27.0,1.9162091421628467
2026-03-28,33,New Hampshire,15.0,1.0645606345349148
2026-04-04,33,New Hampshire,17.0,1.2065020524729033
2026-04-11,33,New Hampshire,6.0,0.4258242538139659
2026-04-18,33,New Hampshire,9.0,0.6387363807209488
2022-10-08,35,New Mexico,25.0,1.173567871654862
2022-10-15,35,New Mexico,23.0,1.079682441922473
2022-10-22,35,New Mexico,26.0,1.2205105865210566
2022-10-29,35,New Mexico,53.0,2.487963887908308
2022-11-05,35,New Mexico,87.0,4.08401619335892
2022-11-12,35,New Mexico,146.0,6.853636370464395
2022-11-19,35,New Mexico,162.0,7.604719808323507
2022-11-26,35,New Mexico,169.0,7.933318812386868
2022-12-03,35,New Mexico,345.0,16.195236628837097
2022-12-10,35,New Mexico,407.0,19.105684950541157
2022-12-17,35,New Mexico,341.0,16.00746576937232
2022-12-24,35,New Mexico,359.0,16.85243463696382
2022-12-31,35,New Mexico,285.0,13.378673736865428
2023-01-07,35,New Mexico,177.0,8.308860531316425
2023-01-14,35,New Mexico,53.0,2.487963887908308
2023-01-21,35,New Mexico,29.0,1.36133873111964
2023-01-28,35,New Mexico,21.0,0.9857970121900842
2023-02-04,35,New Mexico,9.0,0.42248443379575035
2023-02-11,35,New Mexico,8.0,0.3755417189295559
2023-02-18,35,New Mexico,3.0,0.14082814459858345
2023-02-25,35,New Mexico,11.0,0.5163698635281393
2023-03-04,35,New Mexico,16.0,0.7510834378591118
2023-03-11,35,New Mexico,5.0,0.23471357433097242
2023-03-18,35,New Mexico,3.0,0.14082814459858345
2023-03-25,35,New Mexico,3.0,0.14082814459858345
2023-04-01,35,New Mexico,9.0,0.42248443379575035
2023-04-08,35,New Mexico,1.0,0.04694271486619449
2023-04-15,35,New Mexico,4.0,0.18777085946477795
2023-04-22,35,New Mexico,8.0,0.3755417189295559
2023-04-29,35,New Mexico,2.0,0.09388542973238898
2023-05-06,35,New Mexico,1.0,0.04694271486619449
2023-05-13,35,New Mexico,1.0,0.04694271486619449
2023-05-20,35,New Mexico,4.0,0.18777085946477795
2023-05-27,35,New Mexico,3.0,0.14082814459858345
2023-06-03,35,New Mexico,2.0,0.09388542973238898
2023-06-10,35,New Mexico,1.0,0.04694271486619449
2023-06-17,35,New Mexico,1.0,0.04694271486619449
2023-06-24,35,New Mexico,1.0,0.04694271486619449
2023-07-01,35,New Mexico,0.0,0.0
2023-07-08,35,New Mexico,1.0,0.04694271486619449
2023-07-15,35,New Mexico,0.0,0.0
2023-07-22,35,New Mexico,1.0,0.04694271486619449
2023-07-29,35,New Mexico,0.0,0.0
2023-08-05,35,New Mexico,2.0,0.09388542973238898
2023-08-12,35,New Mexico,1.0,0.04694271486619449
2023-08-19,35,New Mexico,2.0,0.09388542973238898
2023-08-26,35,New Mexico,1.0,0.04694271486619449
2023-09-02,35,New Mexico,2.0,0.09388542973238898
2023-09-09,35,New Mexico,4.0,0.18777085946477795
2023-09-16,35,New Mexico,11.0,0.5163698635281393
2023-09-23,35,New Mexico,3.0,0.14082814459858345
2023-09-30,35,New Mexico,5.0,0.23471357433097242
2020-08-08,36,New York,0.0,0.0
2020-08-15,36,New York,0.0,0.0
2020-08-22,36,New York,0.0,0.0
2020-08-29,36,New York,0.0,0.0
2020-09-05,36,New York,0.0,0.0
2020-09-12,36,New York,0.0,0.0
2020-09-19,36,New York,0.0,0.0
2020-09-26,36,New York,0.0,0.0
2023-10-07,39,Ohio,18.0,0.1514730246739459
2023-10-14,39,Ohio,21.0,0.17671852878627023
2023-10-21,39,Ohio,21.0,0.17671852878627023
2023-10-28,39,Ohio,17.0,0.14305785663650447
2023-11-04,39,Ohio,21.0,0.17671852878627023
2023-11-11,39,Ohio,26.0,0.2187943689734774
2023-11-18,39,Ohio,56.0,0.47124941009672056
2023-11-25,39,Ohio,75.0,0.6311376028081079
2023-12-02,39,Ohio,134.0,1.1276325170171528
2023-12-09,39,Ohio,160.0,1.3464268859906303
2023-12-16,39,Ohio,239.0,2.011225160948504
2023-12-23,39,Ohio,438.0,3.68584360039935
2023-12-30,39,Ohio,638.0,5.368877207887638
2024-01-06,39,Ohio,562.0,4.729324437042089
2024-01-13,39,Ohio,542.0,4.56102107629326
2024-01-20,39,Ohio,505.0,4.249659858907926
2024-01-27,39,Ohio,590.0,4.964949142090449
2024-02-03,39,Ohio,590.0,4.964949142090449
2024-02-10,39,Ohio,602.0,5.065931158539747
2024-02-17,39,Ohio,609.0,5.124837334801836
2024-02-24,39,Ohio,655.0,5.511935064524143
2024-03-02,39,Ohio,637.0,5.360462039850197
2024-03-09,39,Ohio,622.0,5.234234519288575
2024-03-16,39,Ohio,357.0,3.0042149893665937
2024-03-23,39,Ohio,299.0,2.51613524319499
2024-03-30,39,Ohio,242.0,2.036470665060828
2024-04-06,39,Ohio,264.0,2.22160436188454
2024-04-13,39,Ohio,193.0,1.6241274312261977
2024-04-20,39,Ohio,110.0,0.9256684841185583
2024-04-27,39,Ohio,78.0,0.6563831069204322
2024-05-04,39,Ohio,46.0,0.38709772972230616
2024-05-11,39,Ohio,9.0,0.07573651233697296
2024-05-18,39,Ohio,12.0,0.10098201644929726
2024-05-25,39,Ohio,11.0,0.09256684841185582
2024-06-01,39,Ohio,5.0,0.0420758401872072
2024-06-08,39,Ohio,3.0,0.025245504112324315
2024-06-15,39,Ohio,2.0,0.01683033607488288
2024-06-22,39,Ohio,6.0,0.05049100822464863
2024-06-29,39,Ohio,2.0,0.01683033607488288
2024-07-06,39,Ohio,6.0,0.05049100822464863
2024-07-13,39,Ohio,2.0,0.01683033607488288
2024-07-20,39,Ohio,3.0,0.025245504112324315
2024-07-27,39,Ohio,2.0,0.01683033607488288
2024-08-03,39,Ohio,2.0,0.01683033607488288
2024-08-10,39,Ohio,4.0,0.03366067214976576
2024-08-17,39,Ohio,5.0,0.0420758401872072
2024-08-24,39,Ohio,3.0,0.025245504112324315
2024-08-31,39,Ohio,1.0,0.00841516803744144
2024-09-07,39,Ohio,2.0,0.01683033607488288
2024-09-14,39,Ohio,4.0,0.03366067214976576
2024-09-21,39,Ohio,3.0,0.025245504112324315
2024-09-28,39,Ohio,1.0,0.00841516803744144
2020-08-08,40,Oklahoma,,
2020-08-15,40,Oklahoma,,
2020-08-22,40,Oklahoma,,
2020-08-29,40,Oklahoma,,
2020-09-05,40,Oklahoma,,
2020-09-12,40,Oklahoma,,
2020-09-19,40,Oklahoma,,
2020-09-26,40,Oklahoma,,
2022-10-08,41,Oregon,0.0,0.0
2022-10-15,41,Oregon,3.0,0.07021862099522724
2022-10-22,41,Oregon,6.0,0.1404372419904545
2022-10-29,41,Oregon,5.0,0.1170310349920454
2022-11-05,41,Oregon,32.0,0.7489986239490906
2022-11-12,41,Oregon,51.0,1.193716556918863
2022-11-19,41,Oregon,113.0,2.644901390820226
2022-11-26,41,Oregon,376.0,8.800733831401814
2022-12-03,41,Oregon,542.0,12.68616419313772
2022-12-10,41,Oregon,650.0,15.214034548965902
2022-12-17,41,Oregon,686.0,16.05665800090863
2022-12-24,41,Oregon,451.0,10.556199356282495
2022-12-31,41,Oregon,361.0,8.449640726425677
2023-01-07,41,Oregon,152.0,3.55774346375818
2023-01-14,41,Oregon,65.0,1.5214034548965902
2023-01-21,41,Oregon,32.0,0.7489986239490906
2023-01-28,41,Oregon,11.0,0.25746827698249986
2023-02-04,41,Oregon,10.0,0.2340620699840908
2023-02-11,41,Oregon,7.0,0.16384344898886355
2023-02-18,41,Oregon,4.0,0.09362482799363632
2023-02-25,41,Oregon,6.0,0.1404372419904545
2023-03-04,41,Oregon,5.0,0.1170310349920454
2023-03-11,41,Oregon,6.0,0.1404372419904545
2023-03-18,41,Oregon,9.0,0.21065586298568173
2023-03-25,41,Oregon,3.0,0.07021862099522724
2023-04-01,41,Oregon,4.0,0.09362482799363632
2023-04-08,41,Oregon,5.0,0.1170310349920454
2023-04-15,41,Oregon,3.0,0.07021862099522724
2023-04-22,41,Oregon,1.0,0.02340620699840908
2023-04-29,41,Oregon,5.0,0.1170310349920454
2023-05-06,41,Oregon,2.0,0.04681241399681816
2023-05-13,41,Oregon,0.0,0.0
2023-05-20,41,Oregon,2.0,0.04681241399681816
2023-05-27,41,Oregon,3.0,0.07021862099522724
2023-06-03,41,Oregon,3.0,0.07021862099522724
2023-06-10,41,Oregon,6.0,0.1404372419904545
2023-06-17,41,Oregon,2.0,0.04681241399681816
2023-06-24,41,Oregon,5.0,0.1170310349920454
2023-07-01,41,Oregon,1.0,0.02340620699840908
2023-07-08,41,Oregon,2.0,0.04681241399681816
2023-07-15,41,Oregon,5.0,0.1170310349920454
2023-07-22,41,Oregon,3.0,0.07021862099522724
2023-07-29,41,Oregon,2.0,0.04681241399681816
2023-08-05,41,Oregon,3.0,0.07021862099522724
2023-08-12,41,Oregon,4.0,0.09362482799363632
2023-08-19,41,Oregon,3.0,0.07021862099522724
2023-08-26,41,Oregon,4.0,0.09362482799363632
2023-09-02,41,Oregon,2.0,0.04681241399681816
2023-09-09,41,Oregon,3.0,0.07021862099522724
2023-09-16,41,Oregon,6.0,0.1404372419904545
2023-09-23,41,Oregon,6.0,0.1404372419904545
2023-09-30,41,Oregon,6.0,0.1404372419904545
2025-10-04,44,Rhode Island,3.0,0.2697094689600362
2025-10-11,44,Rhode Island,7.0,0.6293220942400846
2025-10-18,44,Rhode Island,6.0,0.5394189379200724
2025-10-25,44,Rhode Island,3.0,0.2697094689600362
2025-11-01,44,Rhode Island,10.0,0.8990315632001208
2025-11-08,44,Rhode Island,9.0,0.8091284068801088
2025-11-15,44,Rhode Island,10.0,0.8990315632001208
2025-11-22,44,Rhode Island,11.0,0.9889347195201329
2025-11-29,44,Rhode Island,19.0,1.7081599700802297
2025-12-06,44,Rhode Island,38.0,3.4163199401604594
2025-12-13,44,Rhode Island,84.0,7.551865130881015
2025-12-20,44,Rhode Island,141.0,12.676345041121703
2025-12-27,44,Rhode Island,197.0,17.71092179504238
2026-01-03,44,Rhode Island,285.0,25.622399551203443
2026-01-10,44,Rhode Island,159.0,14.294601854881922
2026-01-17,44,Rhode Island,83.0,7.461961974561003
2026-01-24,44,Rhode Island,61.0,5.4840925355207375
2026-01-31,44,Rhode Island,30.0,2.6970946896003625
2026-02-07,44,Rhode Island,24.0,2.15767575168029
2026-02-14,44,Rhode Island,14.0,1.2586441884801691
2026-02-21,44,Rhode Island,19.0,1.7081599700802297
2026-02-28,44,Rhode Island,20.0,1.7980631264002416
2026-03-07,44,Rhode Island,12.0,1.078837875840145
2026-03-14,44,Rhode Island,14.0,1.2586441884801691
2026-03-21,44,Rhode Island,10.0,0.8990315632001208
2026-03-28,44,Rhode Island,10.0,0.8990315632001208
2026-04-04,44,Rhode Island,15.0,1.3485473448001812
2026-04-11,44,Rhode Island,17.0,1.5283536574402055
2026-04-18,44,Rhode Island,9.0,0.8091284068801088
2023-10-07,,,24.0,
2023-10-14,,,24.0,
2023-10-21,,,19.0,
2023-10-28,,,42.0,
2023-11-04,,,48.0,
2023-11-11,,,47.0,
2023-11-18,,,69.0,
2023-11-25,,,126.0,
2023-12-02,,,181.0,
2023-12-09,,,266.0,
2023-12-16,,,416.0,
2023-12-23,,,517.0,
2023-12-30,,,915.0,
2024-01-06,,,968.0,
2024-01-13,,,829.0,
2024-01-20,,,659.0,
2024-01-27,,,650.0,
2024-02-03,,,693.0,
2024-02-10,,,735.0,
2024-02-17,,,808.0,
2024-02-24,,,794.0,
2024-03-02,,,880.0,
2024-03-09,,,702.0,
2024-03-16,,,538.0,
2024-03-23,,,405.0,
2024-03-30,,,386.0,
2024-04-06,,,380.0,
2024-04-13,,,298.0,
2024-04-20,,,233.0,
2024-04-27,,,164.0,
2024-05-04,,,111.0,
2024-05-11,,,82.0,
2024-05-18,,,14.0,
2024-05-25,,,13.0,
2024-06-01,,,11.0,
2024-06-08,,,6.0,
2024-06-15,,,5.0,
2024-06-22,,,4.0,
2024-06-29,,,2.0,
2024-07-06,,,8.0,
2024-07-13,,,7.0,
2024-07-20,,,4.0,
2024-07-27,,,1.0,
2024-08-03,,,5.0,
2024-08-10,,,3.0,
2024-08-17,,,3.0,
2024-08-24,,,6.0,
2024-08-31,,,3.0,
2024-09-07,,,5.0,
2024-09-14,,,2.0,
2024-09-21,,,1.0,
2024-09-28,,,3.0,
2020-10-03,,,,
2020-10-10,,,,
2020-10-17,,,0.0,
2020-10-24,,,5.0,
2020-10-31,,,30.0,
2020-11-07,,,39.0,
2020-11-14,,,30.0,
2020-11-21,,,39.0,
2020-11-28,,,43.0,
2020-12-05,,,52.0,
2020-12-12,,,40.0,
2020-12-19,,,37.0,
2020-12-26,,,55.0,
2021-01-02,,,59.0,
2021-01-09,,,62.0,
2021-01-16,,,75.0,
2021-01-23,,,52.0,
2021-01-30,,,33.0,
2021-02-06,,,37.0,
2021-02-13,,,45.0,
2021-02-20,,,33.0,
2021-02-27,,,42.0,
2021-03-06,,,39.0,
2021-03-13,,,27.0,
2021-03-20,,,34.0,
2021-03-27,,,37.0,
2021-04-03,,,27.0,
2021-04-10,,,34.0,
2021-04-17,,,31.0,
2021-04-24,,,47.0,
2021-05-01,,,28.0,
2021-05-08,,,43.0,
2021-05-15,,,32.0,
2021-05-22,,,28.0,
2021-05-29,,,32.0,
2021-06-05,,,25.0,
2021-06-12,,,29.0,
2021-06-19,,,33.0,
2021-06-26,,,31.0,
2021-07-03,,,26.0,
2021-07-10,,,29.0,
2021-07-17,,,23.0,
2021-07-24,,,34.0,
2021-07-31,,,35.0,
2021-08-07,,,33.0,
2021-08-14,,,31.0,
2021-08-21,,,33.0,
2021-08-28,,,17.0,
2021-09-04,,,25.0,
2021-09-11,,,20.0,
2021-09-18,,,29.0,
2021-09-25,,,22.0,
2021-10-02,,,29.0,
2020-08-08,45,South Carolina,0.0,0.0
2020-08-15,45,South Carolina,0.0,0.0
2020-08-22,45,South Carolina,0.0,0.0
2020-08-29,45,South Carolina,0.0,0.0
2020-09-05,45,South Carolina,0.0,0.0
2020-09-12,45,South Carolina,0.0,0.0
2020-09-19,45,South Carolina,0.0,0.0
2020-09-26,45,South Carolina,0.0,0.0
2024-10-05,US,US,286.0,0.0840901970506169
2024-10-12,US,US,295.0,0.08673639206269924
2024-10-19,US,US,556.0,0.1634760474130874
2024-10-26,US,US,1087.0,0.31960155312594607
2024-11-02,US,US,1017.0,0.29902003636530555
2024-11-09,US,US,2176.0,0.6397911495879104
2024-11-16,US,US,2612.0,0.7679845968398998
2024-11-23,US,US,3278.0,0.9638030277339937
2024-11-30,US,US,4436.0,1.3042801192885893
2024-12-07,US,US,6517.0,1.9161392104156305
2024-12-14,US,US,9589.0,2.819373774539739
2024-12-21,US,US,16116.0,4.738453201635461
2024-12-28,US,US,28640.0,8.420780571782055
2025-01-04,US,US,39628.0,11.651490659866596
2025-01-11,US,US,31830.0,9.358709692731244
2025-01-18,US,US,33679.0,9.902355756880162
2025-01-25,US,US,41402.0,12.173085098914829
2025-02-01,US,US,52526.0,15.443782133848613
2025-02-08,US,US,55556.0,16.334667787916338
2025-02-15,US,US,47801.0,14.05452975250538
2025-02-22,US,US,39318.0,11.56034394278376
2025-03-01,US,US,31911.0,9.382525447839985
2025-03-08,US,US,24683.0,7.25733683146985
2025-03-15,US,US,18848.0,5.54172039863646
2025-03-22,US,US,14033.0,4.126006067172402
2025-03-29,US,US,9961.0,2.928749835039143
2025-04-05,US,US,6980.0,2.052271242703867
2025-04-12,US,US,5060.0,1.487749640126299
2025-04-19,US,US,3967.0,1.166383956992298
2025-04-26,US,US,3310.0,0.9732117211102865
2025-05-03,US,US,2542.0,0.7474030800792593
2025-05-10,US,US,2183.0,0.6418493012639744
2025-05-17,US,US,1898.0,0.5580531258813667
2025-05-24,US,US,1744.0,0.5127737890079576
2025-05-31,US,US,1850.0,0.5439400858169275
2025-06-07,US,US,1534.0,0.4510292387260361
2025-06-14,US,US,1518.0,0.4463248920378897
2025-06-21,US,US,1362.0,0.4004575118284623
2025-06-28,US,US,1155.0,0.3395950265505682
2025-07-05,US,US,1001.0,0.29431568967715915
2025-07-12,US,US,969.0,0.28490699630086636
2025-07-19,US,US,860.0,0.252858634487869
2025-07-26,US,US,891.0,0.26197330619615267
2025-08-02,US,US,798.0,0.2346292910713017
2025-08-09,US,US,762.0,0.2240445110229723
2025-08-16,US,US,774.0,0.2275727710390821
2025-08-23,US,US,799.0,0.23492331273931086
2025-08-30,US,US,909.0,0.2672656962203174
2025-09-06,US,US,979.0,0.28784721298095783
2025-09-13,US,US,1012.0,0.2975499280252598
2025-09-20,US,US,904.0,0.2657955878802716
2025-09-27,US,US,1023.0,0.3007841663733605
2023-10-07,51,Virginia,49.0,0.5561107205095336
2023-10-14,51,Virginia,54.0,0.6128567123982616
2023-10-21,51,Virginia,72.0,0.817142283197682
2023-10-28,51,Virginia,61.0,0.6923011010424807
2023-11-04,51,Virginia,51.0,0.5788091172650248
2023-11-11,51,Virginia,92.0,1.0441262507525937
2023-11-18,51,Virginia,100.0,1.1349198377745584
2023-11-25,51,Virginia,115.0,1.3051578134407422
2023-12-02,51,Virginia,143.0,1.6229353680176184
2023-12-09,51,Virginia,157.0,1.7818241453060566
2023-12-16,51,Virginia,229.0,2.5989664285037386
2023-12-23,51,Virginia,419.0,4.7553141202754
2023-12-30,51,Virginia,731.0,8.296264014132023
2024-01-06,51,Virginia,538.0,6.105868727227124
2024-01-13,51,Virginia,381.0,4.3240445819210676
2024-01-20,51,Virginia,302.0,3.4274579100791662
2024-01-27,51,Virginia,262.0,2.973489974969343
2024-02-03,51,Virginia,184.0,2.0882525015051874
2024-02-10,51,Virginia,174.0,1.9747605177277316
2024-02-17,51,Virginia,195.0,2.213093683660389
2024-02-24,51,Virginia,207.0,2.349284064193336
2024-03-02,51,Virginia,219.0,2.485474444726283
2024-03-09,51,Virginia,196.0,2.2244428820381343
2024-03-16,51,Virginia,134.0,1.5207925826179083
2024-03-23,51,Virginia,135.0,1.532141780995654
2024-03-30,51,Virginia,111.0,1.2597610199297598
2024-04-06,51,Virginia,157.0,1.7818241453060566
2024-04-13,51,Virginia,110.0,1.2484118215520141
2024-04-20,51,Virginia,79.0,0.8965866718419011
2024-04-27,51,Virginia,58.0,0.6582535059092439
2024-05-04,51,Virginia,58.0,0.6582535059092439
2024-05-11,51,Virginia,39.0,0.44261873673207774
2024-05-18,51,Virginia,39.0,0.44261873673207774
2024-05-25,51,Virginia,32.0,0.3631743480878587
2024-06-01,51,Virginia,45.0,0.5107139269985512
2024-06-08,51,Virginia,24.0,0.27238076106589404
2024-06-15,51,Virginia,40.0,0.45396793510982336
2024-06-22,51,Virginia,25.0,0.2837299594436396
2024-06-29,51,Virginia,20.0,0.22698396755491168
2024-07-06,51,Virginia,18.0,0.2042855707994205
2024-07-13,51,Virginia,25.0,0.2837299594436396
2024-07-20,51,Virginia,16.0,0.18158717404392935
2024-07-27,51,Virginia,20.0,0.22698396755491168
2024-08-03,51,Virginia,11.0,0.12484118215520142
2024-08-10,51,Virginia,24.0,0.27238076106589404
2024-08-17,51,Virginia,14.0,0.15888877728843817
2024-08-24,51,Virginia,14.0,0.15888877728843817
2024-08-31,51,Virginia,19.0,0.2156347691771661
2024-09-07,51,Virginia,15.0,0.17023797566618376
2024-09-14,51,Virginia,24.0,0.27238076106589404
2024-09-21,51,Virginia,4.0,0.04539679351098234
2024-09-28,51,Virginia,4.0,0.04539679351098234
2020-08-08,54,West Virginia,,
2020-08-15,54,West Virginia,,
2020-08-22,54,West Virginia,,
2020-08-29,54,West Virginia,,
2020-09-05,54,West Virginia,,
2020-09-12,54,West Virginia,,
2020-09-19,54,West Virginia,,
2020-09-26,54,West Virginia,,
2021-10-09,54,West Virginia,2.0,0.11299569090932718
2021-10-16,54,West Virginia,0.0,0.0
2021-10-23,54,West Virginia,2.0,0.11299569090932718
2021-10-30,54,West Virginia,0.0,0.0
2021-11-06,54,West Virginia,0.0,0.0
2021-11-13,54,West Virginia,3.0,0.16949353636399075
2021-11-20,54,West Virginia,0.0,0.0
2021-11-27,54,West Virginia,2.0,0.11299569090932718
2021-12-04,54,West Virginia,4.0,0.22599138181865436
2021-12-11,54,West Virginia,28.0,1.5819396727305803
2021-12-18,54,West Virginia,4.0,0.22599138181865436
2021-12-25,54,West Virginia,17.0,0.960463372729281
2022-01-01,54,West Virginia,17.0,0.960463372729281
2022-01-08,54,West Virginia,12.0,0.677974145455963
2022-01-15,54,West Virginia,4.0,0.22599138181865436
2022-01-22,54,West Virginia,7.0,0.3954849181826451
2022-01-29,54,West Virginia,2.0,0.11299569090932718
2022-02-05,54,West Virginia,7.0,0.3954849181826451
2022-02-12,54,West Virginia,2.0,0.11299569090932718
2022-02-19,54,West Virginia,4.0,0.22599138181865436
2022-02-26,54,West Virginia,8.0,0.4519827636373087
2022-03-05,54,West Virginia,21.0,1.1864547545479354
2022-03-12,54,West Virginia,21.0,1.1864547545479354
2022-03-19,54,West Virginia,43.0,2.429407354550534
2022-03-26,54,West Virginia,19.0,1.073459063638608
2022-04-02,54,West Virginia,37.0,2.090420281822553
2022-04-09,54,West Virginia,36.0,2.033922436367889
2022-04-16,54,West Virginia,43.0,2.429407354550534
2022-04-23,54,West Virginia,39.0,2.20341597273188
2022-04-30,54,West Virginia,35.0,1.9774245909132255
2022-05-07,54,West Virginia,18.0,1.0169612181839445
2022-05-14,54,West Virginia,16.0,0.9039655272746174
2022-05-21,54,West Virginia,12.0,0.677974145455963
2022-05-28,54,West Virginia,5.0,0.28248922727331793
2022-06-04,54,West Virginia,5.0,0.28248922727331793
2022-06-11,54,West Virginia,12.0,0.677974145455963
2022-06-18,54,West Virginia,6.0,0.3389870727279815
2022-06-25,54,West Virginia,5.0,0.28248922727331793
2022-07-02,54,West Virginia,1.0,0.05649784545466359
2022-07-09,54,West Virginia,6.0,0.3389870727279815
2022-07-16,54,West Virginia,6.0,0.3389870727279815
2022-07-23,54,West Virginia,1.0,0.05649784545466359
2022-07-30,54,West Virginia,0.0,0.0
2022-08-06,54,West Virginia,0.0,0.0
2022-08-13,54,West Virginia,0.0,0.0
2022-08-20,54,West Virginia,1.0,0.05649784545466359
2022-08-27,54,West Virginia,0.0,0.0
2022-09-03,54,West Virginia,0.0,0.0
2022-09-10,54,West Virginia,0.0,0.0
2022-09-17,54,West Virginia,1.0,0.05649784545466359
2022-09-24,54,West Virginia,1.0,0.05649784545466359
2022-10-01,54,West Virginia,1.0,0.05649784545466359
2021-10-09,02,Alaska,0.0,0.0
2021-10-16,02,Alaska,0.0,0.0
2021-10-23,02,Alaska,1.0,0.13511085169827586
2021-10-30,02,Alaska,0.0,0.0
2021-11-06,02,Alaska,0.0,0.0
2021-11-13,02,Alaska,0.0,0.0
2021-11-20,02,Alaska,0.0,0.0
2021-11-27,02,Alaska,0.0,0.0
2021-12-04,02,Alaska,0.0,0.0
2021-12-11,02,Alaska,0.0,0.0
2021-12-18,02,Alaska,2.0,0.2702217033965517
2021-12-25,02,Alaska,7.0,0.945775961887931
2022-01-01,02,Alaska,8.0,1.0808868135862069
2022-01-08,02,Alaska,3.0,0.4053325550948276
2022-01-15,02,Alaska,12.0,1.6213302203793103
2022-01-22,02,Alaska,15.0,2.0266627754741378
2022-01-29,02,Alaska,1.0,0.13511085169827586
2022-02-05,02,Alaska,1.0,0.13511085169827586
2022-02-12,02,Alaska,0.0,0.0
2022-02-19,02,Alaska,0.0,0.0
2022-02-26,02,Alaska,1.0,0.13511085169827586
2022-03-05,02,Alaska,0.0,0.0
2022-03-12,02,Alaska,2.0,0.2702217033965517
2022-03-19,02,Alaska,1.0,0.13511085169827586
2022-03-26,02,Alaska,3.0,0.4053325550948276
2022-04-02,02,Alaska,0.0,0.0
2022-04-09,02,Alaska,2.0,0.2702217033965517
2022-04-16,02,Alaska,1.0,0.13511085169827586
2022-04-23,02,Alaska,2.0,0.2702217033965517
2022-04-30,02,Alaska,1.0,0.13511085169827586
2022-05-07,02,Alaska,6.0,0.8106651101896551
2022-05-14,02,Alaska,3.0,0.4053325550948276
2022-05-21,02,Alaska,18.0,2.431995330568965
2022-05-28,02,Alaska,4.0,0.5404434067931034
2022-06-04,02,Alaska,2.0,0.2702217033965517
2022-06-11,02,Alaska,6.0,0.8106651101896551
2022-06-18,02,Alaska,1.0,0.13511085169827586
2022-06-25,02,Alaska,3.0,0.4053325550948276
2022-07-02,02,Alaska,2.0,0.2702217033965517
2022-07-09,02,Alaska,3.0,0.4053325550948276
2022-07-16,02,Alaska,0.0,0.0
2022-07-23,02,Alaska,0.0,0.0
2022-07-30,02,Alaska,0.0,0.0
2022-08-06,02,Alaska,0.0,0.0
2022-08-13,02,Alaska,1.0,0.13511085169827586
2022-08-20,02,Alaska,1.0,0.13511085169827586
2022-08-27,02,Alaska,1.0,0.13511085169827586
2022-09-03,02,Alaska,0.0,0.0
2022-09-10,02,Alaska,5.0,0.6755542584913793
2022-09-17,02,Alaska,0.0,0.0
2022-09-24,02,Alaska,0.0,0.0
2022-10-01,02,Alaska,2.0,0.2702217033965517
2024-10-05,05,Arkansas,3.0,0.09713912329998439
2024-10-12,05,Arkansas,0.0,0.0
2024-10-19,05,Arkansas,2.0,0.06475941553332293
2024-10-26,05,Arkansas,1.0,0.032379707766661464
2024-11-02,05,Arkansas,6.0,0.19427824659996878
2024-11-09,05,Arkansas,11.0,0.35617678543327613
2024-11-16,05,Arkansas,13.0,0.42093620096659906
2024-11-23,05,Arkansas,8.0,0.2590376621332917
2024-11-30,05,Arkansas,12.0,0.38855649319993757
2024-12-07,05,Arkansas,32.0,1.0361506485331669
2024-12-14,05,Arkansas,42.0,1.3599477261997814
2024-12-21,05,Arkansas,59.0,1.9104027582330263
2024-12-28,05,Arkansas,127.0,4.112222886366006
2025-01-04,05,Arkansas,212.0,6.864498046532231
2025-01-11,05,Arkansas,158.0,5.115993827132511
2025-01-18,05,Arkansas,223.0,7.220674831965507
2025-01-25,05,Arkansas,388.0,12.563326613464648
2025-02-01,05,Arkansas,551.0,17.841218979430465
2025-02-08,05,Arkansas,752.0,24.34954024052942
2025-02-15,05,Arkansas,543.0,17.582181317297174
2025-02-22,05,Arkansas,392.0,12.692845444531294
2025-03-01,05,Arkansas,363.0,11.753833919298112
2025-03-08,05,Arkansas,325.0,10.523405024164976
2025-03-15,05,Arkansas,229.0,7.414953078565476
2025-03-22,05,Arkansas,164.0,5.31027207373248
2025-03-29,05,Arkansas,111.0,3.5941475620994225
2025-04-05,05,Arkansas,71.0,2.2989592514329638
2025-04-12,05,Arkansas,32.0,1.0361506485331669
2025-04-19,05,Arkansas,29.0,0.9390115252331824
2025-04-26,05,Arkansas,24.0,0.7771129863998751
2025-05-03,05,Arkansas,21.0,0.6799738630998907
2025-05-10,05,Arkansas,13.0,0.42093620096659906
2025-05-17,05,Arkansas,13.0,0.42093620096659906
2025-05-24,05,Arkansas,14.0,0.4533159087332605
2025-05-31,05,Arkansas,14.0,0.4533159087332605
2025-06-07,05,Arkansas,14.0,0.4533159087332605
2025-06-14,05,Arkansas,12.0,0.38855649319993757
2025-06-21,05,Arkansas,14.0,0.4533159087332605
2025-06-28,05,Arkansas,20.0,0.6475941553332293
2025-07-05,05,Arkansas,5.0,0.16189853883330732
2025-07-12,05,Arkansas,8.0,0.2590376621332917
2025-07-19,05,Arkansas,4.0,0.12951883106664586
2025-07-26,05,Arkansas,4.0,0.12951883106664586
2025-08-02,05,Arkansas,2.0,0.06475941553332293
2025-08-09,05,Arkansas,2.0,0.06475941553332293
2025-08-16,05,Arkansas,4.0,0.12951883106664586
2025-08-23,05,Arkansas,3.0,0.09713912329998439
2025-08-30,05,Arkansas,1.0,0.032379707766661464
2025-09-06,05,Arkansas,2.0,0.06475941553332293
2025-09-13,05,Arkansas,1.0,0.032379707766661464
2025-09-20,05,Arkansas,3.0,0.09713912329998439
2025-09-27,05,Arkansas,9.0,0.2914173698999532
2020-08-08,11,District of Columbia,,
2020-08-15,11,District of Columbia,,
2020-08-22,11,District of Columbia,,
2020-08-29,11,District of Columbia,,
2020-09-05,11,District of Columbia,,
2020-09-12,11,District of Columbia,,
2020-09-19,11,District of Columbia,,
2020-09-26,11,District of Columbia,,
2022-10-08,13,Georgia,109.0,0.9748787170381431
2022-10-15,13,Georgia,144.0,1.287913167463235
2022-10-22,13,Georgia,137.0,1.2253062773782166
2022-10-29,13,Georgia,216.0,1.9318697511948526
2022-11-05,13,Georgia,250.0,2.2359603601792273
2022-11-12,13,Georgia,263.0,2.3522302989085473
2022-11-19,13,Georgia,236.0,2.1107465800091907
2022-11-26,13,Georgia,258.0,2.3075110917049626
2022-12-03,13,Georgia,342.0,3.058793772725183
2022-12-10,13,Georgia,209.0,1.869262861109834
2022-12-17,13,Georgia,179.0,1.6009476178883268
2022-12-24,13,Georgia,158.0,1.4131269476332717
2022-12-31,13,Georgia,184.0,1.6456668250919113
2023-01-07,13,Georgia,189.0,1.690386032295496
2023-01-14,13,Georgia,108.0,0.9659348755974263
2023-01-21,13,Georgia,80.0,0.7155073152573528
2023-01-28,13,Georgia,71.0,0.6350127422909005
2023-02-04,13,Georgia,204.0,1.8245436539062496
2023-02-11,13,Georgia,83.0,0.7423388395795035
2023-02-18,13,Georgia,75.0,0.6707881080537682
2023-02-25,13,Georgia,60.0,0.5366304864430146
2023-03-04,13,Georgia,54.0,0.48296743779871315
2023-03-11,13,Georgia,51.0,0.4561359134765624
2023-03-18,13,Georgia,54.0,0.48296743779871315
2023-03-25,13,Georgia,62.0,0.5545181693244484
2023-04-01,13,Georgia,53.0,0.47402359635799624
2023-04-08,13,Georgia,49.0,0.4382482305951286
2023-04-15,13,Georgia,29.0,0.2593714017807904
2023-04-22,13,Georgia,44.0,0.39352902339154405
2023-04-29,13,Georgia,43.0,0.38458518195082714
2023-05-06,13,Georgia,33.0,0.29514676754365804
2023-05-13,13,Georgia,50.0,0.4471920720358455
2023-05-20,13,Georgia,30.0,0.2683152432215073
2023-05-27,13,Georgia,37.0,0.33092213330652565
2023-06-03,13,Georgia,46.0,0.41141670627297783
2023-06-10,13,Georgia,55.0,0.49191127923943
2023-06-17,13,Georgia,41.0,0.3666974990693933
2023-06-24,13,Georgia,38.0,0.33986597474724256
2023-07-01,13,Georgia,38.0,0.33986597474724256
2023-07-08,13,Georgia,23.0,0.20570835313648891
2023-07-15,13,Georgia,18.0,0.16098914593290437
2023-07-22,13,Georgia,17.0,0.15204530449218748
2023-07-29,13,Georgia,16.0,0.14310146305147056
2023-08-05,13,Georgia,19.0,0.16993298737362128
2023-08-12,13,Georgia,28.0,0.25042756034007346
2023-08-19,13,Georgia,19.0,0.16993298737362128
2023-08-26,13,Georgia,28.0,0.25042756034007346
2023-09-02,13,Georgia,34.0,0.30409060898437495
2023-09-09,13,Georgia,21.0,0.1878206702550551
2023-09-16,13,Georgia,34.0,0.30409060898437495
2023-09-23,13,Georgia,30.0,0.2683152432215073
2023-09-30,13,Georgia,29.0,0.2593714017807904
2024-10-05,22,Louisiana,5.0,0.10874908107026496
2024-10-12,22,Louisiana,0.0,0.0
2024-10-19,22,Louisiana,13.0,0.2827476107826889
2024-10-26,22,Louisiana,23.0,0.5002457729232188
2024-11-02,22,Louisiana,27.0,0.5872450377794307
2024-11-09,22,Louisiana,87.0,1.8922340106226103
2024-11-16,22,Louisiana,84.0,1.8269845619804512
2024-11-23,22,Louisiana,78.0,1.6964856646961333
2024-11-30,22,Louisiana,135.0,2.936225188897154
2024-12-07,22,Louisiana,163.0,3.5452200428906377
2024-12-14,22,Louisiana,252.0,5.480953685941354
2024-12-21,22,Louisiana,423.0,9.200172258544415
2024-12-28,22,Louisiana,590.0,12.832391566291264
2025-01-04,22,Louisiana,713.0,15.507618960619784
2025-01-11,22,Louisiana,446.0,9.700418031467635
2025-01-18,22,Louisiana,477.0,10.374662334103277
2025-01-25,22,Louisiana,521.0,11.331654247521609
2025-02-01,22,Louisiana,620.0,13.484886052712854
2025-02-08,22,Louisiana,494.0,10.744409209742178
2025-02-15,22,Louisiana,387.0,8.417178874838507
2025-02-22,22,Louisiana,330.0,7.177439350637487
2025-03-01,22,Louisiana,359.0,7.808184020845024
2025-03-08,22,Louisiana,398.0,8.656426853193091
2025-03-15,22,Louisiana,327.0,7.112189901995328
2025-03-22,22,Louisiana,230.0,5.002457729232188
2025-03-29,22,Louisiana,178.0,3.8714672861014323
2025-04-05,22,Louisiana,121.0,2.631727761900412
2025-04-12,22,Louisiana,80.0,1.7399852971242393
2025-04-19,22,Louisiana,70.0,1.5224871349837095
2025-04-26,22,Louisiana,63.0,1.3702384214853385
2025-05-03,22,Louisiana,44.0,0.9569919134183316
2025-05-10,22,Louisiana,33.0,0.7177439350637487
2025-05-17,22,Louisiana,41.0,0.8917424647761727
2025-05-24,22,Louisiana,34.0,0.7394937512778017
2025-05-31,22,Louisiana,37.0,0.8047431999199607
2025-06-07,22,Louisiana,36.0,0.7829933837059077
2025-06-14,22,Louisiana,37.0,0.8047431999199607
2025-06-21,22,Louisiana,39.0,0.8482428323480666
2025-06-28,22,Louisiana,29.0,0.6307446702075368
2025-07-05,22,Louisiana,21.0,0.4567461404951128
2025-07-12,22,Louisiana,19.0,0.41324650806700686
2025-07-19,22,Louisiana,21.0,0.4567461404951128
2025-07-26,22,Louisiana,17.0,0.36974687563890085
2025-08-02,22,Louisiana,25.0,0.5437454053513248
2025-08-09,22,Louisiana,21.0,0.4567461404951128
2025-08-16,22,Louisiana,22.0,0.4784959567091658
2025-08-23,22,Louisiana,27.0,0.5872450377794307
2025-08-30,22,Louisiana,27.0,0.5872450377794307
2025-09-06,22,Louisiana,20.0,0.43499632428105983
2025-09-13,22,Louisiana,19.0,0.41324650806700686
2025-09-20,22,Louisiana,25.0,0.5437454053513248
2025-09-27,22,Louisiana,31.0,0.6742443026356427
2020-10-03,29,Missouri,,
2020-10-10,29,Missouri,,
2020-10-17,29,Missouri,0.0,0.0
2020-10-24,29,Missouri,8.0,0.1280929237305911
2020-10-31,29,Missouri,2.0,0.03202323093264778
2020-11-07,29,Missouri,8.0,0.1280929237305911
2020-11-14,29,Missouri,11.0,0.1761277701295628
2020-11-21,29,Missouri,8.0,0.1280929237305911
2020-11-28,29,Missouri,16.0,0.2561858474611822
2020-12-05,29,Missouri,15.0,0.24017423199485835
2020-12-12,29,Missouri,7.0,0.11208130826426722
2020-12-19,29,Missouri,17.0,0.27219746292750613
2020-12-26,29,Missouri,10.0,0.1601161546632389
2021-01-02,29,Missouri,6.0,0.09606969279794333
2021-01-09,29,Missouri,13.0,0.20815100106221057
2021-01-16,29,Missouri,8.0,0.1280929237305911
2021-01-23,29,Missouri,9.0,0.14410453919691502
2021-01-30,29,Missouri,6.0,0.09606969279794333
2021-02-06,29,Missouri,7.0,0.11208130826426722
2021-02-13,29,Missouri,4.0,0.06404646186529556
2021-02-20,29,Missouri,13.0,0.20815100106221057
2021-02-27,29,Missouri,15.0,0.24017423199485835
2021-03-06,29,Missouri,5.0,0.08005807733161945
2021-03-13,29,Missouri,2.0,0.03202323093264778
2021-03-20,29,Missouri,2.0,0.03202323093264778
2021-03-27,29,Missouri,2.0,0.03202323093264778
2021-04-03,29,Missouri,3.0,0.04803484639897167
2021-04-10,29,Missouri,4.0,0.06404646186529556
2021-04-17,29,Missouri,0.0,0.0
2021-04-24,29,Missouri,3.0,0.04803484639897167
2021-05-01,29,Missouri,7.0,0.11208130826426722
2021-05-08,29,Missouri,3.0,0.04803484639897167
2021-05-15,29,Missouri,1.0,0.01601161546632389
2021-05-22,29,Missouri,2.0,0.03202323093264778
2021-05-29,29,Missouri,3.0,0.04803484639897167
2021-06-05,29,Missouri,0.0,0.0
2021-06-12,29,Missouri,0.0,0.0
2021-06-19,29,Missouri,0.0,0.0
2021-06-26,29,Missouri,2.0,0.03202323093264778
2021-07-03,29,Missouri,1.0,0.01601161546632389
2021-07-10,29,Missouri,3.0,0.04803484639897167
2021-07-17,29,Missouri,1.0,0.01601161546632389
2021-07-24,29,Missouri,4.0,0.06404646186529556
2021-07-31,29,Missouri,2.0,0.03202323093264778
2021-08-07,29,Missouri,2.0,0.03202323093264778
2021-08-14,29,Missouri,2.0,0.03202323093264778
2021-08-21,29,Missouri,4.0,0.06404646186529556
2021-08-28,29,Missouri,4.0,0.06404646186529556
2021-09-04,29,Missouri,2.0,0.03202323093264778
2021-09-11,29,Missouri,2.0,0.03202323093264778
2021-09-18,29,Missouri,1.0,0.01601161546632389
2021-09-25,29,Missouri,2.0,0.03202323093264778
2021-10-02,29,Missouri,6.0,0.09606969279794333
2025-10-04,35,New Mexico,0.0,0.0
2025-10-11,35,New Mexico,6.0,0.2816562891971669
2025-10-18,35,New Mexico,3.0,0.14082814459858345
2025-10-25,35,New Mexico,5.0,0.23471357433097242
2025-11-01,35,New Mexico,6.0,0.2816562891971669
2025-11-08,35,New Mexico,7.0,0.3285990040633614
2025-11-15,35,New Mexico,14.0,0.6571980081267228
2025-11-22,35,New Mexico,17.0,0.7980261527253063
2025-11-29,35,New Mexico,39.0,1.830765879781585
2025-12-06,35,New Mexico,35.0,1.6429950203168069
2025-12-13,35,New Mexico,69.0,3.2390473257674195
2025-12-20,35,New Mexico,162.0,7.604719808323507
2025-12-27,35,New Mexico,386.0,18.11988793835107
2026-01-03,35,New Mexico,409.0,19.199570380273546
2026-01-10,35,New Mexico,245.0,11.500965142217648
2026-01-17,35,New Mexico,145.0,6.806693655598201
2026-01-24,35,New Mexico,131.0,6.149495647471477
2026-01-31,35,New Mexico,103.0,4.835099631218032
2026-02-07,35,New Mexico,160.0,7.510834378591118
2026-02-14,35,New Mexico,73.0,3.4268181852321975
2026-02-21,35,New Mexico,92.0,4.318729767689892
2026-02-28,35,New Mexico,92.0,4.318729767689892
2026-03-07,35,New Mexico,65.0,3.0512764663026415
2026-03-14,35,New Mexico,60.0,2.816562891971669
2026-03-21,35,New Mexico,48.0,2.253250313577335
2026-03-28,35,New Mexico,12.0,0.5633125783943338
2026-04-04,35,New Mexico,10.0,0.46942714866194485
2026-04-11,35,New Mexico,9.0,0.42248443379575035
2026-04-18,35,New Mexico,6.0,0.2816562891971669
2020-08-08,32,Nevada,0.0,0.0
2020-08-15,32,Nevada,,
2020-08-22,32,Nevada,,
2020-08-29,32,Nevada,,
2020-09-05,32,Nevada,,
2020-09-12,32,Nevada,,
2020-09-19,32,Nevada,,
2020-09-26,32,Nevada,0.0,0.0
2023-10-07,32,Nevada,4.0,0.12241898694003643
2023-10-14,32,Nevada,6.0,0.18362848041005464
2023-10-21,32,Nevada,7.0,0.21423322714506374
2023-10-28,32,Nevada,8.0,0.24483797388007286
2023-11-04,32,Nevada,12.0,0.3672569608201093
2023-11-11,32,Nevada,22.0,0.6733044281702003
2023-11-18,32,Nevada,27.0,0.8263281618452458
2023-11-25,32,Nevada,39.0,1.193585122665355
2023-12-02,32,Nevada,45.0,1.3772136030754099
2023-12-09,32,Nevada,77.0,2.3565654985957014
2023-12-16,32,Nevada,118.0,3.6113601147310748
2023-12-23,32,Nevada,158.0,4.835549984131439
2023-12-30,32,Nevada,185.0,5.661878145976685
2024-01-06,32,Nevada,143.0,4.376478783106302
2024-01-13,32,Nevada,145.0,4.437688276576321
2024-01-20,32,Nevada,78.0,2.38717024533071
2024-01-27,32,Nevada,67.0,2.05051803124561
2024-02-03,32,Nevada,58.0,1.7750753106305281
2024-02-10,32,Nevada,35.0,1.0711661357253188
2024-02-17,32,Nevada,51.0,1.5608420834854644
2024-02-24,32,Nevada,43.0,1.3160041096053916
2024-03-02,32,Nevada,49.0,1.4996325900154461
2024-03-09,32,Nevada,43.0,1.3160041096053916
2024-03-16,32,Nevada,30.0,0.9181424020502732
2024-03-23,32,Nevada,39.0,1.193585122665355
2024-03-30,32,Nevada,26.0,0.7957234151102368
2024-04-06,32,Nevada,35.0,1.0711661357253188
2024-04-13,32,Nevada,23.0,0.7039091749052094
2024-04-20,32,Nevada,26.0,0.7957234151102368
2024-04-27,32,Nevada,21.0,0.6426996814351912
2024-05-04,32,Nevada,10.0,0.3060474673500911
2024-05-11,32,Nevada,1.0,0.030604746735009108
2024-05-18,32,Nevada,2.0,0.061209493470018216
2024-05-25,32,Nevada,0.0,0.0
2024-06-01,32,Nevada,1.0,0.030604746735009108
2024-06-08,32,Nevada,0.0,0.0
2024-06-15,32,Nevada,0.0,0.0
2024-06-22,32,Nevada,1.0,0.030604746735009108
2024-06-29,32,Nevada,1.0,0.030604746735009108
2024-07-06,32,Nevada,1.0,0.030604746735009108
2024-07-13,32,Nevada,0.0,0.0
2024-07-20,32,Nevada,0.0,0.0
2024-07-27,32,Nevada,0.0,0.0
2024-08-03,32,Nevada,0.0,0.0
2024-08-10,32,Nevada,0.0,0.0
2024-08-17,32,Nevada,0.0,0.0
2024-08-24,32,Nevada,0.0,0.0
2024-08-31,32,Nevada,0.0,0.0
2024-09-07,32,Nevada,0.0,0.0
2024-09-14,32,Nevada,0.0,0.0
2024-09-21,32,Nevada,0.0,0.0
2024-09-28,32,Nevada,1.0,0.030604746735009108
2024-10-05,44,Rhode Island,0.0,0.0
2024-10-12,44,Rhode Island,0.0,0.0
2024-10-19,44,Rhode Island,0.0,0.0
2024-10-26,44,Rhode Island,0.0,0.0
2024-11-02,44,Rhode Island,2.0,0.17980631264002417
2024-11-09,44,Rhode Island,3.0,0.2697094689600362
2024-11-16,44,Rhode Island,0.0,0.0
2024-11-23,44,Rhode Island,2.0,0.17980631264002417
2024-11-30,44,Rhode Island,6.0,0.5394189379200724
2024-12-07,44,Rhode Island,10.0,0.8990315632001208
2024-12-14,44,Rhode Island,28.0,2.5172883769603382
2024-12-21,44,Rhode Island,29.0,2.6071915332803504
2024-12-28,44,Rhode Island,65.0,5.843705160800785
2025-01-04,44,Rhode Island,93.0,8.360993537761123
2025-01-11,44,Rhode Island,69.0,6.2033177860808335
2025-01-18,44,Rhode Island,107.0,9.619637726241294
2025-01-25,44,Rhode Island,114.0,10.248959820481378
2025-02-01,44,Rhode Island,173.0,15.55324604336209
2025-02-08,44,Rhode Island,202.0,18.16043757664244
2025-02-15,44,Rhode Island,180.0,16.182568137602175
2025-02-22,44,Rhode Island,160.0,14.384505011201933
2025-03-01,44,Rhode Island,107.0,9.619637726241294
2025-03-08,44,Rhode Island,79.0,7.102349349280955
2025-03-15,44,Rhode Island,68.0,6.113414629760822
2025-03-22,44,Rhode Island,43.0,3.8658357217605195
2025-03-29,44,Rhode Island,26.0,2.337482064320314
2025-04-05,44,Rhode Island,25.0,2.247578908000302
2025-04-12,44,Rhode Island,22.0,1.9778694390402658
2025-04-19,44,Rhode Island,17.0,1.5283536574402055
2025-04-26,44,Rhode Island,4.0,0.35961262528004834
2025-05-03,44,Rhode Island,8.0,0.7192252505600967
2025-05-10,44,Rhode Island,3.0,0.2697094689600362
2025-05-17,44,Rhode Island,2.0,0.17980631264002417
2025-05-24,44,Rhode Island,2.0,0.17980631264002417
2025-05-31,44,Rhode Island,2.0,0.17980631264002417
2025-06-07,44,Rhode Island,3.0,0.2697094689600362
2025-06-14,44,Rhode Island,0.0,0.0
2025-06-21,44,Rhode Island,0.0,0.0
2025-06-28,44,Rhode Island,0.0,0.0
2025-07-05,44,Rhode Island,0.0,0.0
2025-07-12,44,Rhode Island,1.0,0.08990315632001208
2025-07-19,44,Rhode Island,0.0,0.0
2025-07-26,44,Rhode Island,0.0,0.0
2025-08-02,44,Rhode Island,1.0,0.08990315632001208
2025-08-09,44,Rhode Island,2.0,0.17980631264002417
2025-08-16,44,Rhode Island,1.0,0.08990315632001208
2025-08-23,44,Rhode Island,1.0,0.08990315632001208
2025-08-30,44,Rhode Island,0.0,0.0
2025-09-06,44,Rhode Island,0.0,0.0
2025-09-13,44,Rhode Island,0.0,0.0
2025-09-20,44,Rhode Island,3.0,0.2697094689600362
2025-09-27,44,Rhode Island,4.0,0.35961262528004834
2022-10-08,,,423.0,
2022-10-15,,,557.0,
2022-10-22,,,730.0,
2022-10-29,,,1403.0,
2022-11-05,,,2085.0,
2022-11-12,,,2448.0,
2022-11-19,,,2434.0,
2022-11-26,,,3176.0,
2022-12-03,,,4365.0,
2022-12-10,,,3141.0,
2022-12-17,,,2496.0,
2022-12-24,,,2335.0,
2022-12-31,,,2636.0,
2023-01-07,,,2411.0,
2023-01-14,,,1337.0,
2023-01-21,,,1006.0,
2023-01-28,,,723.0,
2023-02-04,,,760.0,
2023-02-11,,,591.0,
2023-02-18,,,536.0,
2023-02-25,,,453.0,
2023-03-04,,,396.0,
2023-03-11,,,377.0,
2023-03-18,,,417.0,
2023-03-25,,,344.0,
2023-04-01,,,357.0,
2023-04-08,,,370.0,
2023-04-15,,,286.0,
2023-04-22,,,317.0,
2023-04-29,,,265.0,
2023-05-06,,,250.0,
2023-05-13,,,289.0,
2023-05-20,,,259.0,
2023-05-27,,,269.0,
2023-06-03,,,294.0,
2023-06-10,,,317.0,
2023-06-17,,,288.0,
2023-06-24,,,285.0,
2023-07-01,,,288.0,
2023-07-08,,,237.0,
2023-07-15,,,244.0,
2023-07-22,,,198.0,
2023-07-29,,,248.0,
2023-08-05,,,229.0,
2023-08-12,,,249.0,
2023-08-19,,,279.0,
2023-08-26,,,298.0,
2023-09-02,,,324.0,
2023-09-09,,,289.0,
2023-09-16,,,306.0,
2023-09-23,,,301.0,
2023-09-30,,,330.0,
2020-08-08,,,0.0,
2020-08-15,,,0.0,
2020-08-22,,,0.0,
2020-08-29,,,0.0,
2020-09-05,,,0.0,
2020-09-12,,,0.0,
2020-09-19,,,0.0,
2020-09-26,,,0.0,
2020-10-03,,,,
2020-10-10,,,,
2020-10-17,,,0.0,
2020-10-24,,,15.0,
2020-10-31,,,12.0,
2020-11-07,,,21.0,
2020-11-14,,,33.0,
2020-11-21,,,17.0,
2020-11-28,,,29.0,
2020-12-05,,,25.0,
2020-12-12,,,18.0,
2020-12-19,,,35.0,
2020-12-26,,,15.0,
2021-01-02,,,14.0,
2021-01-09,,,19.0,
2021-01-16,,,28.0,
2021-01-23,,,12.0,
2021-01-30,,,11.0,
2021-02-06,,,9.0,
2021-02-13,,,10.0,
2021-02-20,,,27.0,
2021-02-27,,,22.0,
2021-03-06,,,9.0,
2021-03-13,,,15.0,
2021-03-20,,,2.0,
2021-03-27,,,14.0,
2021-04-03,,,12.0,
2021-04-10,,,12.0,
2021-04-17,,,22.0,
2021-04-24,,,14.0,
2021-05-01,,,13.0,
2021-05-08,,,15.0,
2021-05-15,,,1.0,
2021-05-22,,,10.0,
2021-05-29,,,4.0,
2021-06-05,,,0.0,
2021-06-12,,,1.0,
2021-06-19,,,0.0,
2021-06-26,,,5.0,
2021-07-03,,,3.0,
2021-07-10,,,3.0,
2021-07-17,,,5.0,
2021-07-24,,,4.0,
2021-07-31,,,2.0,
2021-08-07,,,4.0,
2021-08-14,,,3.0,
2021-08-21,,,7.0,
2021-08-28,,,6.0,
2021-09-04,,,4.0,
2021-09-11,,,4.0,
2021-09-18,,,2.0,
2021-09-25,,,15.0,
2021-10-02,,,10.0,
2024-10-05,,,5.0,
2024-10-12,,,2.0,
2024-10-19,,,6.0,
2024-10-26,,,28.0,
2024-11-02,,,29.0,
2024-11-09,,,34.0,
2024-11-16,,,48.0,
2024-11-23,,,64.0,
2024-11-30,,,102.0,
2024-12-07,,,164.0,
2024-12-14,,,271.0,
2024-12-21,,,409.0,
2024-12-28,,,969.0,
2025-01-04,,,1438.0,
2025-01-11,,,970.0,
2025-01-18,,,920.0,
2025-01-25,,,975.0,
2025-02-01,,,1192.0,
2025-02-08,,,1441.0,
2025-02-15,,,1285.0,
2025-02-22,,,1149.0,
2025-03-01,,,888.0,
2025-03-08,,,741.0,
2025-03-15,,,548.0,
2025-03-22,,,399.0,
2025-03-29,,,293.0,
2025-04-05,,,206.0,
2025-04-12,,,152.0,
2025-04-19,,,116.0,
2025-04-26,,,97.0,
2025-05-03,,,67.0,
2025-05-10,,,60.0,
2025-05-17,,,46.0,
2025-05-24,,,44.0,
2025-05-31,,,45.0,
2025-06-07,,,39.0,
2025-06-14,,,39.0,
2025-06-21,,,18.0,
2025-06-28,,,12.0,
2025-07-05,,,19.0,
2025-07-12,,,19.0,
2025-07-19,,,11.0,
2025-07-26,,,10.0,
2025-08-02,,,10.0,
2025-08-09,,,19.0,
2025-08-16,,,11.0,
2025-08-23,,,6.0,
2025-08-30,,,15.0,
2025-09-06,,,14.0,
2025-09-13,,,13.0,
2025-09-20,,,10.0,
2025-09-27,,,13.0,
2020-08-08,47,Tennessee,,
2020-08-15,47,Tennessee,,
2020-08-22,47,Tennessee,,
2020-08-29,47,Tennessee,0.0,0.0
2020-09-05,47,Tennessee,0.0,0.0
2020-09-12,47,Tennessee,,
2020-09-19,47,Tennessee,,
2020-09-26,47,Tennessee,0.0,0.0
2025-10-04,US,US,976.0,0.2869651479769304
2025-10-11,US,US,1016.0,0.2987260146972964
2025-10-18,US,US,1119.0,0.32901024650223887
2025-10-25,US,US,1198.0,0.3522379582749617
2025-11-01,US,US,1354.0,0.3981053384843891
2025-11-08,US,US,1781.0,0.5236525907242962
2025-11-15,US,US,2479.0,0.7288797149946828
2025-11-22,US,US,3577.0,1.0517155064687296
2025-11-29,US,US,5211.0,1.5321469119956808
2025-12-06,US,US,7432.0,2.1851690366440026
2025-12-13,US,US,11118.0,3.26893290492573
2025-12-20,US,US,21007.0,6.1765131798682145
2025-12-27,US,US,37452.0,11.011699510278685
2026-01-03,US,US,42456.0,12.482983936996472
2026-01-10,US,US,29816.0,8.766550053360817
2026-01-17,US,US,19685.0,5.787816534760117
2026-01-24,US,US,16743.0,4.922804787477198
2026-01-31,US,US,15681.0,4.610553776051481
2026-02-07,US,US,15903.0,4.675826586349513
2026-02-14,US,US,16177.0,4.75638852338402
2026-02-21,US,US,14681.0,4.316532108042331
2026-02-28,US,US,11108.0,3.265992688245638
2026-03-07,US,US,9560.0,2.810847146167474
2026-03-14,US,US,7753.0,2.27954999207494
2026-03-21,US,US,6041.0,1.7761848964432752
2026-03-28,US,US,3143.0,0.9241101025527585
2026-04-04,US,US,2655.0,0.7806275285642933
2026-04-11,US,US,1949.0,0.5730482309498334
2026-04-18,US,US,1651.0,0.48542977388310665
2022-10-08,49,Utah,0.0,0.0
2022-10-15,49,Utah,3.0,0.085625895325768
2022-10-22,49,Utah,6.0,0.171251790651536
2022-10-29,49,Utah,12.0,0.342503581303072
2022-11-05,49,Utah,6.0,0.171251790651536
2022-11-12,49,Utah,12.0,0.342503581303072
2022-11-19,49,Utah,8.0,0.22833572086871468
2022-11-26,49,Utah,29.0,0.8277169881490907
2022-12-03,49,Utah,34.0,0.9704268136920373
2022-12-10,49,Utah,60.0,1.71251790651536
2022-12-17,49,Utah,41.0,1.1702205694521626
2022-12-24,49,Utah,63.0,1.798143801841128
2022-12-31,49,Utah,83.0,2.368983104012915
2023-01-07,49,Utah,66.0,1.883769697166896
2023-01-14,49,Utah,22.0,0.6279232323889653
2023-01-21,49,Utah,22.0,0.6279232323889653
2023-01-28,49,Utah,7.0,0.19979375576012534
2023-02-04,49,Utah,7.0,0.19979375576012534
2023-02-11,49,Utah,7.0,0.19979375576012534
2023-02-18,49,Utah,12.0,0.342503581303072
2023-02-25,49,Utah,4.0,0.11416786043435734
2023-03-04,49,Utah,3.0,0.085625895325768
2023-03-11,49,Utah,7.0,0.19979375576012534
2023-03-18,49,Utah,3.0,0.085625895325768
2023-03-25,49,Utah,3.0,0.085625895325768
2023-04-01,49,Utah,3.0,0.085625895325768
2023-04-08,49,Utah,6.0,0.171251790651536
2023-04-15,49,Utah,3.0,0.085625895325768
2023-04-22,49,Utah,6.0,0.171251790651536
2023-04-29,49,Utah,0.0,0.0
2023-05-06,49,Utah,4.0,0.11416786043435734
2023-05-13,49,Utah,6.0,0.171251790651536
2023-05-20,49,Utah,4.0,0.11416786043435734
2023-05-27,49,Utah,5.0,0.14270982554294667
2023-06-03,49,Utah,1.0,0.028541965108589334
2023-06-10,49,Utah,1.0,0.028541965108589334
2023-06-17,49,Utah,4.0,0.11416786043435734
2023-06-24,49,Utah,3.0,0.085625895325768
2023-07-01,49,Utah,3.0,0.085625895325768
2023-07-08,49,Utah,1.0,0.028541965108589334
2023-07-15,49,Utah,3.0,0.085625895325768
2023-07-22,49,Utah,0.0,0.0
2023-07-29,49,Utah,1.0,0.028541965108589334
2023-08-05,49,Utah,1.0,0.028541965108589334
2023-08-12,49,Utah,1.0,0.028541965108589334
2023-08-19,49,Utah,0.0,0.0
2023-08-26,49,Utah,0.0,0.0
2023-09-02,49,Utah,1.0,0.028541965108589334
2023-09-09,49,Utah,2.0,0.05708393021717867
2023-09-16,49,Utah,3.0,0.085625895325768
2023-09-23,49,Utah,2.0,0.05708393021717867
2023-09-30,49,Utah,4.0,0.11416786043435734
2022-10-08,53,Washington,15.0,0.18848530694203952
2022-10-15,53,Washington,13.0,0.16335393268310092
2022-10-22,53,Washington,21.0,0.2638794297188553
2022-10-29,53,Washington,33.0,0.41466767527248694
2022-11-05,53,Washington,43.0,0.54032454656718
2022-11-12,53,Washington,89.0,1.1183461545227678
2022-11-19,53,Washington,239.0,3.003199223943163
2022-11-26,53,Washington,536.0,6.735208301395545
2022-12-03,53,Washington,732.0,9.198082978771529
2022-12-10,53,Washington,681.0,8.557232935168594
2022-12-17,53,Washington,740.0,9.298608475807283
2022-12-24,53,Washington,404.0,5.076537600305597
2022-12-31,53,Washington,384.0,4.825223857716211
2023-01-07,53,Washington,231.0,2.9026737269074085
2023-01-14,53,Washington,144.0,1.8094589466435793
2023-01-21,53,Washington,86.0,1.08064909313436
2023-01-28,53,Washington,66.0,0.8293353505449739
2023-02-04,53,Washington,42.0,0.5277588594377106
2023-02-11,53,Washington,47.0,0.5905872950850571
2023-02-18,53,Washington,31.0,0.3895363010135483
2023-02-25,53,Washington,38.0,0.4774961109198334
2023-03-04,53,Washington,58.0,0.7288098535092195
2023-03-11,53,Washington,47.0,0.5905872950850571
2023-03-18,53,Washington,28.0,0.3518392396251404
2023-03-25,53,Washington,28.0,0.3518392396251404
2023-04-01,53,Washington,32.0,0.4021019881430176
2023-04-08,53,Washington,26.0,0.32670786536620183
2023-04-15,53,Washington,27.0,0.3392735524956711
2023-04-22,53,Washington,18.0,0.22618236833044741
2023-04-29,53,Washington,14.0,0.1759196198125702
2023-05-06,53,Washington,13.0,0.16335393268310092
2023-05-13,53,Washington,10.0,0.125656871294693
2023-05-20,53,Washington,13.0,0.16335393268310092
2023-05-27,53,Washington,15.0,0.18848530694203952
2023-06-03,53,Washington,17.0,0.21361668120097813
2023-06-10,53,Washington,28.0,0.3518392396251404
2023-06-17,53,Washington,19.0,0.2387480554599167
2023-06-24,53,Washington,17.0,0.21361668120097813
2023-07-01,53,Washington,19.0,0.2387480554599167
2023-07-08,53,Washington,18.0,0.22618236833044741
2023-07-15,53,Washington,19.0,0.2387480554599167
2023-07-22,53,Washington,18.0,0.22618236833044741
2023-07-29,53,Washington,18.0,0.22618236833044741
2023-08-05,53,Washington,20.0,0.251313742589386
2023-08-12,53,Washington,17.0,0.21361668120097813
2023-08-19,53,Washington,25.0,0.3141421782367325
2023-08-26,53,Washington,20.0,0.251313742589386
2023-09-02,53,Washington,42.0,0.5277588594377106
2023-09-09,53,Washington,37.0,0.46493042379036414
2023-09-16,53,Washington,15.0,0.18848530694203952
2023-09-23,53,Washington,6.0,0.0753941227768158
2023-09-30,53,Washington,12.0,0.1507882455536316
2023-10-07,53,Washington,4.0,0.0502627485178772
2023-10-14,53,Washington,13.0,0.16335393268310092
2023-10-21,53,Washington,11.0,0.1382225584241623
2023-10-28,53,Washington,8.0,0.1005254970357544
2023-11-04,53,Washington,17.0,0.21361668120097813
2023-11-11,53,Washington,17.0,0.21361668120097813
2023-11-18,53,Washington,33.0,0.41466767527248694
2023-11-25,53,Washington,36.0,0.45236473666089483
2023-12-02,53,Washington,74.0,0.9298608475807283
2023-12-09,53,Washington,83.0,1.042952031745952
2023-12-16,53,Washington,109.0,1.3696598971121539
2023-12-23,53,Washington,155.0,1.9476815050677416
2023-12-30,53,Washington,211.0,2.6513599843180224
2024-01-06,53,Washington,209.0,2.626228610059084
2024-01-13,53,Washington,161.0,2.0230756278445576
2024-01-20,53,Washington,145.0,1.8220246337730486
2024-01-27,53,Washington,120.0,1.5078824555363162
2024-02-03,53,Washington,105.0,1.3193971485942766
2024-02-10,53,Washington,80.0,1.005254970357544
2024-02-17,53,Washington,73.0,0.9172951604512589
2024-02-24,53,Washington,97.0,1.2188716515585223
2024-03-02,53,Washington,75.0,0.9424265347101975
2024-03-09,53,Washington,56.0,0.7036784792502808
2024-03-16,53,Washington,85.0,1.0680834060048905
2024-03-23,53,Washington,81.0,1.0178206574870134
2024-03-30,53,Washington,56.0,0.7036784792502808
2024-04-06,53,Washington,43.0,0.54032454656718
2024-04-13,53,Washington,42.0,0.5277588594377106
2024-04-20,53,Washington,26.0,0.32670786536620183
2024-04-27,53,Washington,37.0,0.46493042379036414
2024-05-04,53,Washington,25.0,0.3141421782367325
2024-05-11,53,Washington,28.0,0.3518392396251404
2024-05-18,53,Washington,12.0,0.1507882455536316
2024-05-25,53,Washington,21.0,0.2638794297188553
2024-06-01,53,Washington,21.0,0.2638794297188553
2024-06-08,53,Washington,39.0,0.4900617980493027
2024-06-15,53,Washington,20.0,0.251313742589386
2024-06-22,53,Washington,28.0,0.3518392396251404
2024-06-29,53,Washington,32.0,0.4021019881430176
2024-07-06,53,Washington,19.0,0.2387480554599167
2024-07-13,53,Washington,15.0,0.18848530694203952
2024-07-20,53,Washington,6.0,0.0753941227768158
2024-07-27,53,Washington,6.0,0.0753941227768158
2024-08-03,53,Washington,3.0,0.0376970613884079
2024-08-10,53,Washington,4.0,0.0502627485178772
2024-08-17,53,Washington,8.0,0.1005254970357544
2024-08-24,53,Washington,5.0,0.0628284356473465
2024-08-31,53,Washington,7.0,0.0879598099062851
2024-09-07,53,Washington,6.0,0.0753941227768158
2024-09-14,53,Washington,5.0,0.0628284356473465
2024-09-21,53,Washington,6.0,0.0753941227768158
2024-09-28,53,Washington,6.0,0.0753941227768158
2023-10-07,02,Alaska,10.0,1.3511085169827586
2023-10-14,02,Alaska,14.0,1.891551923775862
2023-10-21,02,Alaska,21.0,2.8373278856637927
2023-10-28,02,Alaska,30.0,4.0533255509482755
2023-11-04,02,Alaska,33.0,4.458658106043103
2023-11-11,02,Alaska,39.0,5.269323216232758
2023-11-18,02,Alaska,17.0,2.2968844788706893
2023-11-25,02,Alaska,14.0,1.891551923775862
2023-12-02,02,Alaska,15.0,2.0266627754741378
2023-12-09,02,Alaska,14.0,1.891551923775862
2023-12-16,02,Alaska,4.0,0.5404434067931034
2023-12-23,02,Alaska,5.0,0.6755542584913793
2023-12-30,02,Alaska,4.0,0.5404434067931034
2024-01-06,02,Alaska,5.0,0.6755542584913793
2024-01-13,02,Alaska,6.0,0.8106651101896551
2024-01-20,02,Alaska,9.0,1.2159976652844826
2024-01-27,02,Alaska,7.0,0.945775961887931
2024-02-03,02,Alaska,8.0,1.0808868135862069
2024-02-10,02,Alaska,11.0,1.4862193686810343
2024-02-17,02,Alaska,2.0,0.2702217033965517
2024-02-24,02,Alaska,4.0,0.5404434067931034
2024-03-02,02,Alaska,11.0,1.4862193686810343
2024-03-09,02,Alaska,5.0,0.6755542584913793
2024-03-16,02,Alaska,9.0,1.2159976652844826
2024-03-23,02,Alaska,10.0,1.3511085169827586
2024-03-30,02,Alaska,8.0,1.0808868135862069
2024-04-06,02,Alaska,7.0,0.945775961887931
2024-04-13,02,Alaska,4.0,0.5404434067931034
2024-04-20,02,Alaska,2.0,0.2702217033965517
2024-04-27,02,Alaska,5.0,0.6755542584913793
2024-05-04,02,Alaska,3.0,0.4053325550948276
2024-05-11,02,Alaska,6.0,0.8106651101896551
2024-05-18,02,Alaska,1.0,0.13511085169827586
2024-05-25,02,Alaska,2.0,0.2702217033965517
2024-06-01,02,Alaska,3.0,0.4053325550948276
2024-06-08,02,Alaska,3.0,0.4053325550948276
2024-06-15,02,Alaska,3.0,0.4053325550948276
2024-06-22,02,Alaska,6.0,0.8106651101896551
2024-06-29,02,Alaska,3.0,0.4053325550948276
2024-07-06,02,Alaska,1.0,0.13511085169827586
2024-07-13,02,Alaska,1.0,0.13511085169827586
2024-07-20,02,Alaska,3.0,0.4053325550948276
2024-07-27,02,Alaska,1.0,0.13511085169827586
2024-08-03,02,Alaska,0.0,0.0
2024-08-10,02,Alaska,0.0,0.0
2024-08-17,02,Alaska,4.0,0.5404434067931034
2024-08-24,02,Alaska,0.0,0.0
2024-08-31,02,Alaska,0.0,0.0
2024-09-07,02,Alaska,1.0,0.13511085169827586
2024-09-14,02,Alaska,2.0,0.2702217033965517
2024-09-21,02,Alaska,3.0,0.4053325550948276
2024-09-28,02,Alaska,0.0,0.0
2024-10-05,01,Alabama,0.0,0.0
2024-10-12,01,Alabama,2.0,0.03877698175097073
2024-10-19,01,Alabama,6.0,0.1163309452529122
2024-10-26,01,Alabama,9.0,0.1744964178793683
2024-11-02,01,Alabama,13.0,0.25205038138130975
2024-11-09,01,Alabama,32.0,0.6204317080155317
2024-11-16,01,Alabama,44.0,0.8530935985213561
2024-11-23,01,Alabama,50.0,0.9694245437742683
2024-11-30,01,Alabama,65.0,1.2602519069065488
2024-12-07,01,Alabama,102.0,1.9776260692995073
2024-12-14,01,Alabama,193.0,3.7419787389686756
2024-12-21,01,Alabama,432.0,8.37582805820968
2024-12-28,01,Alabama,661.0,12.815792468695827
2025-01-04,01,Alabama,684.0,13.261727758831992
2025-01-11,01,Alabama,473.0,9.170756184104578
2025-01-18,01,Alabama,488.0,9.46158354723686
2025-01-25,01,Alabama,626.0,12.137195288053839
2025-02-01,01,Alabama,734.0,14.23115230260626
2025-02-08,01,Alabama,660.0,12.796403977820342
2025-02-15,01,Alabama,415.0,8.046223713326427
2025-02-22,01,Alabama,286.0,5.5451083903888145
2025-03-01,01,Alabama,329.0,6.378813498034686
2025-03-08,01,Alabama,314.0,6.087986134902405
2025-03-15,01,Alabama,272.0,5.27366951813202
2025-03-22,01,Alabama,192.0,3.7225902480931903
2025-03-29,01,Alabama,169.0,3.2766549579570268
2025-04-05,01,Alabama,85.0,1.6480217244162563
2025-04-12,01,Alabama,54.0,1.04697850727621
2025-04-19,01,Alabama,49.0,0.950036052898783
2025-04-26,01,Alabama,35.0,0.6785971806419878
2025-05-03,01,Alabama,27.0,0.523489253638105
2025-05-10,01,Alabama,33.0,0.639820198891017
2025-05-17,01,Alabama,37.0,0.7173741623929586
2025-05-24,01,Alabama,28.0,0.5428777445135903
2025-05-31,01,Alabama,11.0,0.21327339963033903
2025-06-07,01,Alabama,14.0,0.27143887225679514
2025-06-14,01,Alabama,18.0,0.3489928357587366
2025-06-21,01,Alabama,22.0,0.42654679926067807
2025-06-28,01,Alabama,27.0,0.523489253638105
2025-07-05,01,Alabama,15.0,0.2908273631322805
2025-07-12,01,Alabama,11.0,0.21327339963033903
2025-07-19,01,Alabama,13.0,0.25205038138130975
2025-07-26,01,Alabama,16.0,0.31021585400776586
2025-08-02,01,Alabama,19.0,0.36838132663422196
2025-08-09,01,Alabama,17.0,0.32960434488325124
2025-08-16,01,Alabama,27.0,0.523489253638105
2025-08-23,01,Alabama,24.0,0.4653237810116488
2025-08-30,01,Alabama,29.0,0.5622662353890756
2025-09-06,01,Alabama,23.0,0.44593529013616345
2025-09-13,01,Alabama,31.0,0.6010432171400464
2025-09-20,01,Alabama,15.0,0.2908273631322805
2025-09-27,01,Alabama,18.0,0.3489928357587366
2020-10-03,06,California,,
2020-10-10,06,California,,
2020-10-17,06,California,0.0,0.0
2020-10-24,06,California,9.0,0.02282452885163734
2020-10-31,06,California,30.0,0.07608176283879114
2020-11-07,06,California,27.0,0.06847358655491202
2020-11-14,06,California,41.0,0.10397840921301456
2020-11-21,06,California,39.0,0.09890629169042849
2020-11-28,06,California,76.0,0.1927404658582709
2020-12-05,06,California,47.0,0.11919476178077279
2020-12-12,06,California,54.0,0.13694717310982404
2020-12-19,06,California,53.0,0.134411114348531
2020-12-26,06,California,70.0,0.17752411329051265
2021-01-02,06,California,51.0,0.12933899682594494
2021-01-09,06,California,75.0,0.19020440709697783
2021-01-16,06,California,45.0,0.1141226442581867
2021-01-23,06,California,40.0,0.10144235045172152
2021-01-30,06,California,24.0,0.06086541027103291
2021-02-06,06,California,18.0,0.04564905770327468
2021-02-13,06,California,24.0,0.06086541027103291
2021-02-20,06,California,16.0,0.04057694018068861
2021-02-27,06,California,22.0,0.055793292748446834
2021-03-06,06,California,14.0,0.03550482265810253
2021-03-13,06,California,14.0,0.03550482265810253
2021-03-20,06,California,10.0,0.02536058761293038
2021-03-27,06,California,16.0,0.04057694018068861
2021-04-03,06,California,4.0,0.010144235045172152
2021-04-10,06,California,7.0,0.017752411329051265
2021-04-17,06,California,11.0,0.027896646374223417
2021-04-24,06,California,13.0,0.03296876389680949
2021-05-01,06,California,8.0,0.020288470090344304
2021-05-08,06,California,13.0,0.03296876389680949
2021-05-15,06,California,5.0,0.01268029380646519
2021-05-22,06,California,13.0,0.03296876389680949
2021-05-29,06,California,9.0,0.02282452885163734
2021-06-05,06,California,3.0,0.007608176283879114
2021-06-12,06,California,3.0,0.007608176283879114
2021-06-19,06,California,9.0,0.02282452885163734
2021-06-26,06,California,6.0,0.015216352567758228
2021-07-03,06,California,5.0,0.01268029380646519
2021-07-10,06,California,8.0,0.020288470090344304
2021-07-17,06,California,7.0,0.017752411329051265
2021-07-24,06,California,8.0,0.020288470090344304
2021-07-31,06,California,6.0,0.015216352567758228
2021-08-07,06,California,11.0,0.027896646374223417
2021-08-14,06,California,13.0,0.03296876389680949
2021-08-21,06,California,6.0,0.015216352567758228
2021-08-28,06,California,4.0,0.010144235045172152
2021-09-04,06,California,2.0,0.005072117522586076
2021-09-11,06,California,7.0,0.017752411329051265
2021-09-18,06,California,5.0,0.01268029380646519
2021-09-25,06,California,8.0,0.020288470090344304
2021-10-02,06,California,8.0,0.020288470090344304
2021-10-09,09,Connecticut,0.0,0.0
2021-10-16,09,Connecticut,0.0,0.0
2021-10-23,09,Connecticut,0.0,0.0
2021-10-30,09,Connecticut,0.0,0.0
2021-11-06,09,Connecticut,0.0,0.0
2021-11-13,09,Connecticut,0.0,0.0
2021-11-20,09,Connecticut,2.0,0.05442074693019369
2021-11-27,09,Connecticut,3.0,0.08163112039529054
2021-12-04,09,Connecticut,13.0,0.353734855046259
2021-12-11,09,Connecticut,14.0,0.3809452285113558
2021-12-18,09,Connecticut,18.0,0.4897867223717432
2021-12-25,09,Connecticut,23.0,0.6258385896972275
2022-01-01,09,Connecticut,23.0,0.6258385896972275
2022-01-08,09,Connecticut,9.0,0.2448933611858716
2022-01-15,09,Connecticut,2.0,0.05442074693019369
2022-01-22,09,Connecticut,11.0,0.2993141081160653
2022-01-29,09,Connecticut,2.0,0.05442074693019369
2022-02-05,09,Connecticut,4.0,0.10884149386038738
2022-02-12,09,Connecticut,0.0,0.0
2022-02-19,09,Connecticut,1.0,0.027210373465096846
2022-02-26,09,Connecticut,7.0,0.1904726142556779
2022-03-05,09,Connecticut,4.0,0.10884149386038738
2022-03-12,09,Connecticut,8.0,0.21768298772077477
2022-03-19,09,Connecticut,18.0,0.4897867223717432
2022-03-26,09,Connecticut,25.0,0.6802593366274211
2022-04-02,09,Connecticut,26.0,0.707469710092518
2022-04-09,09,Connecticut,47.0,1.2788875528595518
2022-04-16,09,Connecticut,45.0,1.224466805929358
2022-04-23,09,Connecticut,52.0,1.414939420185036
2022-04-30,09,Connecticut,57.0,1.5509912875105203
2022-05-07,09,Connecticut,76.0,2.0679883833473602
2022-05-14,09,Connecticut,70.0,1.9047261425567792
2022-05-21,09,Connecticut,75.0,2.0407780098822634
2022-05-28,09,Connecticut,36.0,0.9795734447434864
2022-06-04,09,Connecticut,20.0,0.5442074693019369
2022-06-11,09,Connecticut,36.0,0.9795734447434864
2022-06-18,09,Connecticut,14.0,0.3809452285113558
2022-06-25,09,Connecticut,6.0,0.16326224079058108
2022-07-02,09,Connecticut,8.0,0.21768298772077477
2022-07-09,09,Connecticut,5.0,0.13605186732548422
2022-07-16,09,Connecticut,3.0,0.08163112039529054
2022-07-23,09,Connecticut,6.0,0.16326224079058108
2022-07-30,09,Connecticut,3.0,0.08163112039529054
2022-08-06,09,Connecticut,3.0,0.08163112039529054
2022-08-13,09,Connecticut,1.0,0.027210373465096846
2022-08-20,09,Connecticut,2.0,0.05442074693019369
2022-08-27,09,Connecticut,8.0,0.21768298772077477
2022-09-03,09,Connecticut,4.0,0.10884149386038738
2022-09-10,09,Connecticut,3.0,0.08163112039529054
2022-09-17,09,Connecticut,5.0,0.13605186732548422
2022-09-24,09,Connecticut,3.0,0.08163112039529054
2022-10-01,09,Connecticut,2.0,0.05442074693019369
2024-10-05,13,Georgia,1.0,0.00894384144071691
2024-10-12,13,Georgia,0.0,0.0
2024-10-19,13,Georgia,5.0,0.04471920720358455
2024-10-26,13,Georgia,8.0,0.07155073152573528
2024-11-02,13,Georgia,14.0,0.12521378017003673
2024-11-09,13,Georgia,42.0,0.3756413405101102
2024-11-16,13,Georgia,44.0,0.39352902339154405
2024-11-23,13,Georgia,48.0,0.42930438915441166
2024-11-30,13,Georgia,56.0,0.5008551206801469
2024-12-07,13,Georgia,88.0,0.7870580467830881
2024-12-14,13,Georgia,215.0,1.9229259097541356
2024-12-21,13,Georgia,397.0,3.5507050519646133
2024-12-28,13,Georgia,800.0,7.155073152573528
2025-01-04,13,Georgia,1144.0,10.231754608180145
2025-01-11,13,Georgia,823.0,7.360781505710016
2025-01-18,13,Georgia,992.0,8.872290709191175
2025-01-25,13,Georgia,1195.0,10.687890521656707
2025-02-01,13,Georgia,1373.0,12.279894298104317
2025-02-08,13,Georgia,1301.0,11.6359377143727
2025-02-15,13,Georgia,734.0,6.564779617486212
2025-02-22,13,Georgia,461.0,4.123110904170495
2025-03-01,13,Georgia,437.0,3.9084587095932894
2025-03-08,13,Georgia,396.0,3.5417612105238963
2025-03-15,13,Georgia,365.0,3.264502125861672
2025-03-22,13,Georgia,235.0,2.1018027385684737
2025-03-29,13,Georgia,190.0,1.6993298737362128
2025-04-05,13,Georgia,162.0,1.4489023133961394
2025-04-12,13,Georgia,84.0,0.7512826810202204
2025-04-19,13,Georgia,64.0,0.5724058522058822
2025-04-26,13,Georgia,44.0,0.39352902339154405
2025-05-03,13,Georgia,44.0,0.39352902339154405
2025-05-10,13,Georgia,44.0,0.39352902339154405
2025-05-17,13,Georgia,34.0,0.30409060898437495
2025-05-24,13,Georgia,21.0,0.1878206702550551
2025-05-31,13,Georgia,26.0,0.23253987745863966
2025-06-07,13,Georgia,28.0,0.25042756034007346
2025-06-14,13,Georgia,31.0,0.2772590846622242
2025-06-21,13,Georgia,18.0,0.16098914593290437
2025-06-28,13,Georgia,24.0,0.21465219457720583
2025-07-05,13,Georgia,9.0,0.08049457296645218
2025-07-12,13,Georgia,17.0,0.15204530449218748
2025-07-19,13,Georgia,21.0,0.1878206702550551
2025-07-26,13,Georgia,14.0,0.12521378017003673
2025-08-02,13,Georgia,22.0,0.19676451169577203
2025-08-09,13,Georgia,11.0,0.09838225584788601
2025-08-16,13,Georgia,19.0,0.16993298737362128
2025-08-23,13,Georgia,19.0,0.16993298737362128
2025-08-30,13,Georgia,19.0,0.16993298737362128
2025-09-06,13,Georgia,13.0,0.11626993872931983
2025-09-13,13,Georgia,17.0,0.15204530449218748
2025-09-20,13,Georgia,20.0,0.1788768288143382
2025-09-27,13,Georgia,22.0,0.19676451169577203
2023-10-07,21,Kentucky,12.0,0.26153066926570034
2023-10-14,21,Kentucky,23.0,0.5012671160925923
2023-10-21,21,Kentucky,20.0,0.4358844487761672
2023-10-28,21,Kentucky,23.0,0.5012671160925923
2023-11-04,21,Kentucky,21.0,0.4576786712149756
2023-11-11,21,Kentucky,33.0,0.719209340480676
2023-11-18,21,Kentucky,18.0,0.3922960038985505
2023-11-25,21,Kentucky,37.0,0.8063862302359094
2023-12-02,21,Kentucky,59.0,1.2858591238896933
2023-12-09,21,Kentucky,48.0,1.0461226770628014
2023-12-16,21,Kentucky,86.0,1.874303129737519
2023-12-23,21,Kentucky,137.0,2.9858084741167454
2023-12-30,21,Kentucky,261.0,5.688292056528982
2024-01-06,21,Kentucky,296.0,6.451089841887275
2024-01-13,21,Kentucky,240.0,5.230613385314006
2024-01-20,21,Kentucky,197.0,4.2934618204452475
2024-01-27,21,Kentucky,251.0,5.470349832140899
2024-02-03,21,Kentucky,225.0,4.903700048731881
2024-02-10,21,Kentucky,284.0,6.189559172621575
2024-02-17,21,Kentucky,282.0,6.145970727743958
2024-02-24,21,Kentucky,279.0,6.080588060427533
2024-03-02,21,Kentucky,280.0,6.102382282866341
2024-03-09,21,Kentucky,190.0,4.140902263373588
2024-03-16,21,Kentucky,142.0,3.0947795863107874
2024-03-23,21,Kentucky,129.0,2.8114546946062786
2024-03-30,21,Kentucky,120.0,2.615306692657003
2024-04-06,21,Kentucky,102.0,2.223010688758453
2024-04-13,21,Kentucky,67.0,1.4602129034001603
2024-04-20,21,Kentucky,46.0,1.0025342321851847
2024-04-27,21,Kentucky,25.0,0.544855560970209
2024-05-04,21,Kentucky,10.0,0.2179422243880836
2024-05-11,21,Kentucky,3.0,0.06538266731642509
2024-05-18,21,Kentucky,5.0,0.1089711121940418
2024-05-25,21,Kentucky,3.0,0.06538266731642509
2024-06-01,21,Kentucky,5.0,0.1089711121940418
2024-06-08,21,Kentucky,7.0,0.15255955707165852
2024-06-15,21,Kentucky,3.0,0.06538266731642509
2024-06-22,21,Kentucky,1.0,0.021794222438808363
2024-06-29,21,Kentucky,1.0,0.021794222438808363
2024-07-06,21,Kentucky,2.0,0.043588444877616726
2024-07-13,21,Kentucky,0.0,0.0
2024-07-20,21,Kentucky,0.0,0.0
2024-07-27,21,Kentucky,0.0,0.0
2024-08-03,21,Kentucky,0.0,0.0
2024-08-10,21,Kentucky,0.0,0.0
2024-08-17,21,Kentucky,3.0,0.06538266731642509
2024-08-24,21,Kentucky,3.0,0.06538266731642509
2024-08-31,21,Kentucky,0.0,0.0
2024-09-07,21,Kentucky,0.0,0.0
2024-09-14,21,Kentucky,0.0,0.0
2024-09-21,21,Kentucky,2.0,0.043588444877616726
2024-09-28,21,Kentucky,1.0,0.021794222438808363
2020-08-08,31,Nebraska,,
2020-08-15,31,Nebraska,,
2020-08-22,31,Nebraska,,
2020-08-29,31,Nebraska,,
2020-09-05,31,Nebraska,,
2020-09-12,31,Nebraska,,
2020-09-19,31,Nebraska,,
2020-09-26,31,Nebraska,0.0,0.0
2020-08-08,41,Oregon,,
2020-08-15,41,Oregon,,
2020-08-22,41,Oregon,,
2020-08-29,41,Oregon,,
2020-09-05,41,Oregon,,
2020-09-12,41,Oregon,,
2020-09-19,41,Oregon,,
2020-09-26,41,Oregon,,
2021-10-09,,,0.0,
2021-10-16,,,13.0,
2021-10-23,,,1.0,
2021-10-30,,,1.0,
2021-11-06,,,1.0,
2021-11-13,,,1.0,
2021-11-20,,,6.0,
2021-11-27,,,7.0,
2021-12-04,,,33.0,
2021-12-11,,,39.0,
2021-12-18,,,46.0,
2021-12-25,,,57.0,
2022-01-01,,,89.0,
2022-01-08,,,65.0,
2022-01-15,,,47.0,
2022-01-22,,,63.0,
2022-01-29,,,34.0,
2022-02-05,,,41.0,
2022-02-12,,,44.0,
2022-02-19,,,57.0,
2022-02-26,,,44.0,
2022-03-05,,,21.0,
2022-03-12,,,47.0,
2022-03-19,,,66.0,
2022-03-26,,,74.0,
2022-04-02,,,131.0,
2022-04-09,,,221.0,
2022-04-16,,,265.0,
2022-04-23,,,298.0,
2022-04-30,,,305.0,
2022-05-07,,,292.0,
2022-05-14,,,294.0,
2022-05-21,,,277.0,
2022-05-28,,,140.0,
2022-06-04,,,83.0,
2022-06-11,,,143.0,
2022-06-18,,,36.0,
2022-06-25,,,23.0,
2022-07-02,,,19.0,
2022-07-09,,,23.0,
2022-07-16,,,11.0,
2022-07-23,,,11.0,
2022-07-30,,,7.0,
2022-08-06,,,8.0,
2022-08-13,,,6.0,
2022-08-20,,,4.0,
2022-08-27,,,11.0,
2022-09-03,,,9.0,
2022-09-10,,,4.0,
2022-09-17,,,11.0,
2022-09-24,,,8.0,
2022-10-01,,,8.0,
2023-10-07,,,99.0,
2023-10-14,,,102.0,
2023-10-21,,,126.0,
2023-10-28,,,126.0,
2023-11-04,,,104.0,
2023-11-11,,,207.0,
2023-11-18,,,231.0,
2023-11-25,,,277.0,
2023-12-02,,,444.0,
2023-12-09,,,545.0,
2023-12-16,,,805.0,
2023-12-23,,,1479.0,
2023-12-30,,,2261.0,
2024-01-06,,,1890.0,
2024-01-13,,,1410.0,
2024-01-20,,,1157.0,
2024-01-27,,,1019.0,
2024-02-03,,,912.0,
2024-02-10,,,880.0,
2024-02-17,,,1050.0,
2024-02-24,,,1023.0,
2024-03-02,,,1164.0,
2024-03-09,,,1082.0,
2024-03-16,,,748.0,
2024-03-23,,,665.0,
2024-03-30,,,557.0,
2024-04-06,,,611.0,
2024-04-13,,,406.0,
2024-04-20,,,296.0,
2024-04-27,,,222.0,
2024-05-04,,,179.0,
2024-05-11,,,133.0,
2024-05-18,,,134.0,
2024-05-25,,,120.0,
2024-06-01,,,129.0,
2024-06-08,,,87.0,
2024-06-15,,,120.0,
2024-06-22,,,76.0,
2024-06-29,,,72.0,
2024-07-06,,,65.0,
2024-07-13,,,84.0,
2024-07-20,,,68.0,
2024-07-27,,,80.0,
2024-08-03,,,68.0,
2024-08-10,,,69.0,
2024-08-17,,,69.0,
2024-08-24,,,71.0,
2024-08-31,,,83.0,
2024-09-07,,,59.0,
2024-09-14,,,82.0,
2024-09-21,,,92.0,
2024-09-28,,,52.0,
2024-10-05,,,68.0,
2024-10-12,,,45.0,
2024-10-19,,,23.0,
2024-10-26,,,73.0,
2024-11-02,,,125.0,
2024-11-09,,,186.0,
2024-11-16,,,157.0,
2024-11-23,,,204.0,
2024-11-30,,,196.0,
2024-12-07,,,344.0,
2024-12-14,,,602.0,
2024-12-21,,,1049.0,
2024-12-28,,,2019.0,
2025-01-04,,,3637.0,
2025-01-11,,,3191.0,
2025-01-18,,,3724.0,
2025-01-25,,,4959.0,
2025-02-01,,,6407.0,
2025-02-08,,,7706.0,
2025-02-15,,,7770.0,
2025-02-22,,,6326.0,
2025-03-01,,,5166.0,
2025-03-08,,,4005.0,
2025-03-15,,,2943.0,
2025-03-22,,,2285.0,
2025-03-29,,,1577.0,
2025-04-05,,,1107.0,
2025-04-12,,,735.0,
2025-04-19,,,578.0,
2025-04-26,,,604.0,
2025-05-03,,,361.0,
2025-05-10,,,335.0,
2025-05-17,,,206.0,
2025-05-24,,,235.0,
2025-05-31,,,258.0,
2025-06-07,,,227.0,
2025-06-14,,,195.0,
2025-06-21,,,176.0,
2025-06-28,,,166.0,
2025-07-05,,,129.0,
2025-07-12,,,146.0,
2025-07-19,,,118.0,
2025-07-26,,,149.0,
2025-08-02,,,109.0,
2025-08-09,,,109.0,
2025-08-16,,,121.0,
2025-08-23,,,115.0,
2025-08-30,,,111.0,
2025-09-06,,,105.0,
2025-09-13,,,139.0,
2025-09-20,,,141.0,
2025-09-27,,,141.0,
2021-10-09,,,32.0,
2021-10-16,,,22.0,
2021-10-23,,,31.0,
2021-10-30,,,32.0,
2021-11-06,,,32.0,
2021-11-13,,,24.0,
2021-11-20,,,43.0,
2021-11-27,,,71.0,
2021-12-04,,,141.0,
2021-12-11,,,184.0,
2021-12-18,,,255.0,
2021-12-25,,,392.0,
2022-01-01,,,620.0,
2022-01-08,,,397.0,
2022-01-15,,,314.0,
2022-01-22,,,173.0,
2022-01-29,,,142.0,
2022-02-05,,,138.0,
2022-02-12,,,154.0,
2022-02-19,,,212.0,
2022-02-26,,,198.0,
2022-03-05,,,296.0,
2022-03-12,,,381.0,
2022-03-19,,,472.0,
2022-03-26,,,572.0,
2022-04-02,,,536.0,
2022-04-09,,,573.0,
2022-04-16,,,548.0,
2022-04-23,,,510.0,
2022-04-30,,,502.0,
2022-05-07,,,508.0,
2022-05-14,,,470.0,
2022-05-21,,,388.0,
2022-05-28,,,257.0,
2022-06-04,,,197.0,
2022-06-11,,,99.0,
2022-06-18,,,112.0,
2022-06-25,,,71.0,
2022-07-02,,,50.0,
2022-07-09,,,36.0,
2022-07-16,,,34.0,
2022-07-23,,,32.0,
2022-07-30,,,35.0,
2022-08-06,,,36.0,
2022-08-13,,,25.0,
2022-08-20,,,36.0,
2022-08-27,,,46.0,
2022-09-03,,,46.0,
2022-09-10,,,57.0,
2022-09-17,,,39.0,
2022-09-24,,,71.0,
2022-10-01,,,70.0,
2024-10-05,,,1.0,
2024-10-12,,,1.0,
2024-10-19,,,4.0,
2024-10-26,,,16.0,
2024-11-02,,,30.0,
2024-11-09,,,45.0,
2024-11-16,,,51.0,
2024-11-23,,,69.0,
2024-11-30,,,76.0,
2024-12-07,,,116.0,
2024-12-14,,,220.0,
2024-12-21,,,490.0,
2024-12-28,,,1085.0,
2025-01-04,,,1581.0,
2025-01-11,,,1320.0,
2025-01-18,,,1133.0,
2025-01-25,,,1357.0,
2025-02-01,,,2194.0,
2025-02-08,,,2744.0,
2025-02-15,,,2771.0,
2025-02-22,,,2494.0,
2025-03-01,,,1721.0,
2025-03-08,,,1368.0,
2025-03-15,,,871.0,
2025-03-22,,,647.0,
2025-03-29,,,351.0,
2025-04-05,,,227.0,
2025-04-12,,,168.0,
2025-04-19,,,154.0,
2025-04-26,,,101.0,
2025-05-03,,,72.0,
2025-05-10,,,67.0,
2025-05-17,,,67.0,
2025-05-24,,,60.0,
2025-05-31,,,59.0,
2025-06-07,,,45.0,
2025-06-14,,,44.0,
2025-06-21,,,47.0,
2025-06-28,,,41.0,
2025-07-05,,,17.0,
2025-07-12,,,15.0,
2025-07-19,,,20.0,
2025-07-26,,,18.0,
2025-08-02,,,14.0,
2025-08-09,,,10.0,
2025-08-16,,,11.0,
2025-08-23,,,18.0,
2025-08-30,,,13.0,
2025-09-06,,,15.0,
2025-09-13,,,20.0,
2025-09-20,,,28.0,
2025-09-27,,,34.0,
2020-08-08,49,Utah,,
2020-08-15,49,Utah,,
2020-08-22,49,Utah,,
2020-08-29,49,Utah,,
2020-09-05,49,Utah,,
2020-09-12,49,Utah,,
2020-09-19,49,Utah,,
2020-09-26,49,Utah,,
2024-10-05,49,Utah,0.0,0.0
2024-10-12,49,Utah,0.0,0.0
2024-10-19,49,Utah,1.0,0.028541965108589334
2024-10-26,49,Utah,5.0,0.14270982554294667
2024-11-02,49,Utah,2.0,0.05708393021717867
2024-11-09,49,Utah,7.0,0.19979375576012534
2024-11-16,49,Utah,10.0,0.28541965108589334
2024-11-23,49,Utah,20.0,0.5708393021717867
2024-11-30,49,Utah,20.0,0.5708393021717867
2024-12-07,49,Utah,64.0,1.8266857669497174
2024-12-14,49,Utah,90.0,2.56877685977304
2024-12-21,49,Utah,163.0,4.652340312700061
2024-12-28,49,Utah,295.0,8.419879707033854
2025-01-04,49,Utah,388.0,11.074282462132661
2025-01-11,49,Utah,256.0,7.30674306779887
2025-01-18,49,Utah,199.0,5.6798510566092775
2025-01-25,49,Utah,185.0,5.280263545089027
2025-02-01,49,Utah,195.0,5.56568319617492
2025-02-08,49,Utah,218.0,6.222148393672475
2025-02-15,49,Utah,203.0,5.794018917043634
2025-02-22,49,Utah,183.0,5.223179614871848
2025-03-01,49,Utah,123.0,3.510661708356488
2025-03-08,49,Utah,127.0,3.624829568790845
2025-03-15,49,Utah,102.0,2.911280441076112
2025-03-22,49,Utah,76.0,2.1691893482527895
2025-03-29,49,Utah,54.0,1.541266115863824
2025-04-05,49,Utah,54.0,1.541266115863824
2025-04-12,49,Utah,33.0,0.941884848583448
2025-04-19,49,Utah,27.0,0.770633057931912
2025-04-26,49,Utah,19.0,0.5422973370631974
2025-05-03,49,Utah,17.0,0.48521340684601866
2025-05-10,49,Utah,14.0,0.3995875115202507
2025-05-17,49,Utah,12.0,0.342503581303072
2025-05-24,49,Utah,14.0,0.3995875115202507
2025-05-31,49,Utah,13.0,0.3710455464116613
2025-06-07,49,Utah,7.0,0.19979375576012534
2025-06-14,49,Utah,9.0,0.256877685977304
2025-06-21,49,Utah,1.0,0.028541965108589334
2025-06-28,49,Utah,3.0,0.085625895325768
2025-07-05,49,Utah,6.0,0.171251790651536
2025-07-12,49,Utah,7.0,0.19979375576012534
2025-07-19,49,Utah,4.0,0.11416786043435734
2025-07-26,49,Utah,4.0,0.11416786043435734
2025-08-02,49,Utah,1.0,0.028541965108589334
2025-08-09,49,Utah,8.0,0.22833572086871468
2025-08-16,49,Utah,3.0,0.085625895325768
2025-08-23,49,Utah,3.0,0.085625895325768
2025-08-30,49,Utah,4.0,0.11416786043435734
2025-09-06,49,Utah,2.0,0.05708393021717867
2025-09-13,49,Utah,4.0,0.11416786043435734
2025-09-20,49,Utah,1.0,0.028541965108589334
2025-09-27,49,Utah,2.0,0.05708393021717867
2020-08-08,51,Virginia,,
2020-08-15,51,Virginia,,
2020-08-22,51,Virginia,,
2020-08-29,51,Virginia,,
2020-09-05,51,Virginia,,
2020-09-12,51,Virginia,,
2020-09-19,51,Virginia,,
2020-09-26,51,Virginia,,
2022-10-08,54,West Virginia,5.0,0.28248922727331793
2022-10-15,54,West Virginia,11.0,0.6214763000012995
2022-10-22,54,West Virginia,15.0,0.8474676818199538
2022-10-29,54,West Virginia,56.0,3.1638793454611607
2022-11-05,54,West Virginia,89.0,5.028308245465059
2022-11-12,54,West Virginia,127.0,7.175226372742276
2022-11-19,54,West Virginia,136.0,7.683706981834248
2022-11-26,54,West Virginia,189.0,10.678092790931418
2022-12-03,54,West Virginia,318.0,17.966314854583022
2022-12-10,54,West Virginia,246.0,13.898469981847242
2022-12-17,54,West Virginia,199.0,11.243071245478054
2022-12-24,54,West Virginia,155.0,8.757166045472855
2022-12-31,54,West Virginia,172.0,9.717629418202137
2023-01-07,54,West Virginia,148.0,8.361681127290211
2023-01-14,54,West Virginia,48.0,2.711896581823852
2023-01-21,54,West Virginia,14.0,0.7909698363652902
2023-01-28,54,West Virginia,21.0,1.1864547545479354
2023-02-04,54,West Virginia,22.0,1.242952600002599
2023-02-11,54,West Virginia,16.0,0.9039655272746174
2023-02-18,54,West Virginia,9.0,0.5084806090919722
2023-02-25,54,West Virginia,14.0,0.7909698363652902
2023-03-04,54,West Virginia,9.0,0.5084806090919722
2023-03-11,54,West Virginia,4.0,0.22599138181865436
2023-03-18,54,West Virginia,8.0,0.4519827636373087
2023-03-25,54,West Virginia,16.0,0.9039655272746174
2023-04-01,54,West Virginia,9.0,0.5084806090919722
2023-04-08,54,West Virginia,7.0,0.3954849181826451
2023-04-15,54,West Virginia,7.0,0.3954849181826451
2023-04-22,54,West Virginia,4.0,0.22599138181865436
2023-04-29,54,West Virginia,5.0,0.28248922727331793
2023-05-06,54,West Virginia,4.0,0.22599138181865436
2023-05-13,54,West Virginia,5.0,0.28248922727331793
2023-05-20,54,West Virginia,9.0,0.5084806090919722
2023-05-27,54,West Virginia,10.0,0.5649784545466359
2023-06-03,54,West Virginia,5.0,0.28248922727331793
2023-06-10,54,West Virginia,8.0,0.4519827636373087
2023-06-17,54,West Virginia,6.0,0.3389870727279815
2023-06-24,54,West Virginia,2.0,0.11299569090932718
2023-07-01,54,West Virginia,3.0,0.16949353636399075
2023-07-08,54,West Virginia,0.0,0.0
2023-07-15,54,West Virginia,1.0,0.05649784545466359
2023-07-22,54,West Virginia,0.0,0.0
2023-07-29,54,West Virginia,3.0,0.16949353636399075
2023-08-05,54,West Virginia,1.0,0.05649784545466359
2023-08-12,54,West Virginia,0.0,0.0
2023-08-19,54,West Virginia,9.0,0.5084806090919722
2023-08-26,54,West Virginia,2.0,0.11299569090932718
2023-09-02,54,West Virginia,1.0,0.05649784545466359
2023-09-09,54,West Virginia,2.0,0.11299569090932718
2023-09-16,54,West Virginia,6.0,0.3389870727279815
2023-09-23,54,West Virginia,0.0,0.0
2023-09-30,54,West Virginia,6.0,0.3389870727279815
2020-10-03,05,Arkansas,,
2020-10-10,05,Arkansas,,
2020-10-17,05,Arkansas,0.0,0.0
2020-10-24,05,Arkansas,4.0,0.12951883106664586
2020-10-31,05,Arkansas,8.0,0.2590376621332917
2020-11-07,05,Arkansas,14.0,0.4533159087332605
2020-11-14,05,Arkansas,10.0,0.32379707766661464
2020-11-21,05,Arkansas,6.0,0.19427824659996878
2020-11-28,05,Arkansas,13.0,0.42093620096659906
2020-12-05,05,Arkansas,6.0,0.19427824659996878
2020-12-12,05,Arkansas,12.0,0.38855649319993757
2020-12-19,05,Arkansas,11.0,0.35617678543327613
2020-12-26,05,Arkansas,9.0,0.2914173698999532
2021-01-02,05,Arkansas,20.0,0.6475941553332293
2021-01-09,05,Arkansas,20.0,0.6475941553332293
2021-01-16,05,Arkansas,17.0,0.5504550320332449
2021-01-23,05,Arkansas,13.0,0.42093620096659906
2021-01-30,05,Arkansas,21.0,0.6799738630998907
2021-02-06,05,Arkansas,9.0,0.2914173698999532
2021-02-13,05,Arkansas,19.0,0.6152144475665678
2021-02-20,05,Arkansas,16.0,0.5180753242665834
2021-02-27,05,Arkansas,10.0,0.32379707766661464
2021-03-06,05,Arkansas,10.0,0.32379707766661464
2021-03-13,05,Arkansas,21.0,0.6799738630998907
2021-03-20,05,Arkansas,13.0,0.42093620096659906
2021-03-27,05,Arkansas,14.0,0.4533159087332605
2021-04-03,05,Arkansas,11.0,0.35617678543327613
2021-04-10,05,Arkansas,14.0,0.4533159087332605
2021-04-17,05,Arkansas,16.0,0.5180753242665834
2021-04-24,05,Arkansas,18.0,0.5828347397999064
2021-05-01,05,Arkansas,15.0,0.485695616499922
2021-05-08,05,Arkansas,6.0,0.19427824659996878
2021-05-15,05,Arkansas,6.0,0.19427824659996878
2021-05-22,05,Arkansas,3.0,0.09713912329998439
2021-05-29,05,Arkansas,1.0,0.032379707766661464
2021-06-05,05,Arkansas,7.0,0.22665795436663025
2021-06-12,05,Arkansas,1.0,0.032379707766661464
2021-06-19,05,Arkansas,4.0,0.12951883106664586
2021-06-26,05,Arkansas,4.0,0.12951883106664586
2021-07-03,05,Arkansas,2.0,0.06475941553332293
2021-07-10,05,Arkansas,1.0,0.032379707766661464
2021-07-17,05,Arkansas,1.0,0.032379707766661464
2021-07-24,05,Arkansas,1.0,0.032379707766661464
2021-07-31,05,Arkansas,0.0,0.0
2021-08-07,05,Arkansas,3.0,0.09713912329998439
2021-08-14,05,Arkansas,2.0,0.06475941553332293
2021-08-21,05,Arkansas,3.0,0.09713912329998439
2021-08-28,05,Arkansas,5.0,0.16189853883330732
2021-09-04,05,Arkansas,2.0,0.06475941553332293
2021-09-11,05,Arkansas,0.0,0.0
2021-09-18,05,Arkansas,2.0,0.06475941553332293
2021-09-25,05,Arkansas,3.0,0.09713912329998439
2021-10-02,05,Arkansas,0.0,0.0
2022-10-08,04,Arizona,13.0,0.1714500347120378
2022-10-15,04,Arizona,11.0,0.14507310629480122
2022-10-22,04,Arizona,24.0,0.31652314100683904
2022-10-29,04,Arizona,26.0,0.3429000694240756
2022-11-05,04,Arizona,79.0,1.0418886724808452
2022-11-12,04,Arizona,134.0,1.767254203954851
2022-11-19,04,Arizona,308.0,4.062046976254434
2022-11-26,04,Arizona,570.0,7.517424598912426
2022-12-03,04,Arizona,799.0,10.537582902686015
2022-12-10,04,Arizona,779.0,10.27381361851365
2022-12-17,04,Arizona,568.0,7.49104767049519
2022-12-24,04,Arizona,580.0,7.649309240998609
2022-12-31,04,Arizona,656.0,8.6516325208536
2023-01-07,04,Arizona,386.0,5.090747184526661
2023-01-14,04,Arizona,163.0,2.1497196660047817
2023-01-21,04,Arizona,118.0,1.5562387766169585
2023-01-28,04,Arizona,57.0,0.7517424598912427
2023-02-04,04,Arizona,62.0,0.817684780934334
2023-02-11,04,Arizona,56.0,0.7385539956826244
2023-02-18,04,Arizona,38.0,0.5011616399274951
2023-02-25,04,Arizona,43.0,0.5671039609705866
2023-03-04,04,Arizona,49.0,0.6462347462222963
2023-03-11,04,Arizona,43.0,0.5671039609705866
2023-03-18,04,Arizona,55.0,0.7253655314740061
2023-03-25,04,Arizona,36.0,0.47478471151025853
2023-04-01,04,Arizona,23.0,0.30333467679822074
2023-04-08,04,Arizona,40.0,0.5275385683447317
2023-04-15,04,Arizona,46.0,0.6066693535964415
2023-04-22,04,Arizona,37.0,0.48797317571887683
2023-04-29,04,Arizona,41.0,0.54072703255335
2023-05-06,04,Arizona,34.0,0.4484077830930219
2023-05-13,04,Arizona,55.0,0.7253655314740061
2023-05-20,04,Arizona,55.0,0.7253655314740061
2023-05-27,04,Arizona,65.0,0.857250173560189
2023-06-03,04,Arizona,65.0,0.857250173560189
2023-06-10,04,Arizona,61.0,0.8044963167257159
2023-06-17,04,Arizona,50.0,0.6594232104309146
2023-06-24,04,Arizona,48.0,0.6330462820136781
2023-07-01,04,Arizona,29.0,0.3824654620499305
2023-07-08,04,Arizona,34.0,0.4484077830930219
2023-07-15,04,Arizona,28.0,0.3692769978413122
2023-07-22,04,Arizona,13.0,0.1714500347120378
2023-07-29,04,Arizona,15.0,0.1978269631292744
2023-08-05,04,Arizona,11.0,0.14507310629480122
2023-08-12,04,Arizona,9.0,0.11869617787756463
2023-08-19,04,Arizona,6.0,0.07913078525170976
2023-08-26,04,Arizona,17.0,0.22420389154651096
2023-09-02,04,Arizona,13.0,0.1714500347120378
2023-09-09,04,Arizona,8.0,0.10550771366894633
2023-09-16,04,Arizona,10.0,0.13188464208618292
2023-09-23,04,Arizona,8.0,0.10550771366894633
2023-09-30,04,Arizona,21.0,0.27695774838098414
2022-10-08,09,Connecticut,2.0,0.05442074693019369
2022-10-15,09,Connecticut,6.0,0.16326224079058108
2022-10-22,09,Connecticut,11.0,0.2993141081160653
2022-10-29,09,Connecticut,36.0,0.9795734447434864
2022-11-05,09,Connecticut,38.0,1.0339941916736801
2022-11-12,09,Connecticut,52.0,1.414939420185036
2022-11-19,09,Connecticut,103.0,2.8026684669049753
2022-11-26,09,Connecticut,183.0,4.979498344112723
2022-12-03,09,Connecticut,426.0,11.591619096131256
2022-12-10,09,Connecticut,394.0,10.720887145248158
2022-12-17,09,Connecticut,395.0,10.748097518713253
2022-12-24,09,Connecticut,270.0,7.346800835576149
2022-12-31,09,Connecticut,241.0,6.55770000508834
2023-01-07,09,Connecticut,170.0,4.625763489066464
2023-01-14,09,Connecticut,79.0,2.1496195037426507
2023-01-21,09,Connecticut,36.0,0.9795734447434864
2023-01-28,09,Connecticut,33.0,0.8979423243481959
2023-02-04,09,Connecticut,15.0,0.4081556019764527
2023-02-11,09,Connecticut,15.0,0.4081556019764527
2023-02-18,09,Connecticut,14.0,0.3809452285113558
2023-02-25,09,Connecticut,17.0,0.4625763489066464
2023-03-04,09,Connecticut,10.0,0.27210373465096843
2023-03-11,09,Connecticut,19.0,0.5169970958368401
2023-03-18,09,Connecticut,10.0,0.27210373465096843
2023-03-25,09,Connecticut,13.0,0.353734855046259
2023-04-01,09,Connecticut,12.0,0.32652448158116215
2023-04-08,09,Connecticut,22.0,0.5986282162321306
2023-04-15,09,Connecticut,11.0,0.2993141081160653
2023-04-22,09,Connecticut,8.0,0.21768298772077477
2023-04-29,09,Connecticut,9.0,0.2448933611858716
2023-05-06,09,Connecticut,7.0,0.1904726142556779
2023-05-13,09,Connecticut,6.0,0.16326224079058108
2023-05-20,09,Connecticut,9.0,0.2448933611858716
2023-05-27,09,Connecticut,12.0,0.32652448158116215
2023-06-03,09,Connecticut,4.0,0.10884149386038738
2023-06-10,09,Connecticut,6.0,0.16326224079058108
2023-06-17,09,Connecticut,6.0,0.16326224079058108
2023-06-24,09,Connecticut,6.0,0.16326224079058108
2023-07-01,09,Connecticut,6.0,0.16326224079058108
2023-07-08,09,Connecticut,1.0,0.027210373465096846
2023-07-15,09,Connecticut,2.0,0.05442074693019369
2023-07-22,09,Connecticut,3.0,0.08163112039529054
2023-07-29,09,Connecticut,5.0,0.13605186732548422
2023-08-05,09,Connecticut,4.0,0.10884149386038738
2023-08-12,09,Connecticut,7.0,0.1904726142556779
2023-08-19,09,Connecticut,4.0,0.10884149386038738
2023-08-26,09,Connecticut,8.0,0.21768298772077477
2023-09-02,09,Connecticut,6.0,0.16326224079058108
2023-09-09,09,Connecticut,1.0,0.027210373465096846
2023-09-16,09,Connecticut,9.0,0.2448933611858716
2023-09-23,09,Connecticut,16.0,0.43536597544154954
2023-09-30,09,Connecticut,8.0,0.21768298772077477
2021-10-09,15,Hawaii,0.0,0.0
2021-10-16,15,Hawaii,0.0,0.0
2021-10-23,15,Hawaii,0.0,0.0
2021-10-30,15,Hawaii,0.0,0.0
2021-11-06,15,Hawaii,0.0,0.0
2021-11-13,15,Hawaii,0.0,0.0
2021-11-20,15,Hawaii,0.0,0.0
2021-11-27,15,Hawaii,1.0,0.06914931134200834
2021-12-04,15,Hawaii,0.0,0.0
2021-12-11,15,Hawaii,0.0,0.0
2021-12-18,15,Hawaii,0.0,0.0
2021-12-25,15,Hawaii,1.0,0.06914931134200834
2022-01-01,15,Hawaii,0.0,0.0
2022-01-08,15,Hawaii,0.0,0.0
2022-01-15,15,Hawaii,0.0,0.0
2022-01-22,15,Hawaii,0.0,0.0
2022-01-29,15,Hawaii,0.0,0.0
2022-02-05,15,Hawaii,0.0,0.0
2022-02-12,15,Hawaii,0.0,0.0
2022-02-19,15,Hawaii,0.0,0.0
2022-02-26,15,Hawaii,0.0,0.0
2022-03-05,15,Hawaii,0.0,0.0
2022-03-12,15,Hawaii,0.0,0.0
2022-03-19,15,Hawaii,1.0,0.06914931134200834
2022-03-26,15,Hawaii,0.0,0.0
2022-04-02,15,Hawaii,1.0,0.06914931134200834
2022-04-09,15,Hawaii,3.0,0.20744793402602504
2022-04-16,15,Hawaii,9.0,0.6223438020780752
2022-04-23,15,Hawaii,7.0,0.4840451793940584
2022-04-30,15,Hawaii,4.0,0.2765972453680334
2022-05-07,15,Hawaii,2.0,0.1382986226840167
2022-05-14,15,Hawaii,3.0,0.20744793402602504
2022-05-21,15,Hawaii,11.0,0.7606424247620918
2022-05-28,15,Hawaii,9.0,0.6223438020780752
2022-06-04,15,Hawaii,4.0,0.2765972453680334
2022-06-11,15,Hawaii,3.0,0.20744793402602504
2022-06-18,15,Hawaii,4.0,0.2765972453680334
2022-06-25,15,Hawaii,6.0,0.4148958680520501
2022-07-02,15,Hawaii,3.0,0.20744793402602504
2022-07-09,15,Hawaii,3.0,0.20744793402602504
2022-07-16,15,Hawaii,0.0,0.0
2022-07-23,15,Hawaii,1.0,0.06914931134200834
2022-07-30,15,Hawaii,2.0,0.1382986226840167
2022-08-06,15,Hawaii,3.0,0.20744793402602504
2022-08-13,15,Hawaii,1.0,0.06914931134200834
2022-08-20,15,Hawaii,1.0,0.06914931134200834
2022-08-27,15,Hawaii,1.0,0.06914931134200834
2022-09-03,15,Hawaii,2.0,0.1382986226840167
2022-09-10,15,Hawaii,1.0,0.06914931134200834
2022-09-17,15,Hawaii,2.0,0.1382986226840167
2022-09-24,15,Hawaii,3.0,0.20744793402602504
2022-10-01,15,Hawaii,4.0,0.2765972453680334
2025-10-04,20,Kansas,10.0,0.33663165024240843
2025-10-11,20,Kansas,13.0,0.43762114531513097
2025-10-18,20,Kansas,9.0,0.3029684852181676
2025-10-25,20,Kansas,16.0,0.5386106403878536
2025-11-01,20,Kansas,10.0,0.33663165024240843
2025-11-08,20,Kansas,6.0,0.20197899014544507
2025-11-15,20,Kansas,10.0,0.33663165024240843
2025-11-22,20,Kansas,8.0,0.2693053201939268
2025-11-29,20,Kansas,13.0,0.43762114531513097
2025-12-06,20,Kansas,22.0,0.7405896305332986
2025-12-13,20,Kansas,30.0,1.0098949507272255
2025-12-20,20,Kansas,101.0,3.399979667448325
2025-12-27,20,Kansas,267.0,8.988065061472305
2026-01-03,20,Kansas,352.0,11.849434088532778
2026-01-10,20,Kansas,268.0,9.021728226496547
2026-01-17,20,Kansas,189.0,6.36233818958152
2026-01-24,20,Kansas,213.0,7.1702541501633
2026-01-31,20,Kansas,214.0,7.203917315187541
2026-02-07,20,Kansas,214.0,7.203917315187541
2026-02-14,20,Kansas,211.0,7.102927820114818
2026-02-21,20,Kansas,188.0,6.3286750245572785
2026-02-28,20,Kansas,128.0,4.3088851231028285
2026-03-07,20,Kansas,100.0,3.3663165024240844
2026-03-14,20,Kansas,59.0,1.9861267364302098
2026-03-21,20,Kansas,42.0,1.4138529310181156
2026-03-28,20,Kansas,13.0,0.43762114531513097
2026-04-04,20,Kansas,14.0,0.47128431033937185
2026-04-11,20,Kansas,7.0,0.23564215516968592
2026-04-18,20,Kansas,7.0,0.23564215516968592
2020-10-03,27,Minnesota,,
2020-10-10,27,Minnesota,,
2020-10-17,27,Minnesota,,
2020-10-24,27,Minnesota,0.0,0.0
2020-10-31,27,Minnesota,0.0,0.0
2020-11-07,27,Minnesota,1.0,0.01726176307159955
2020-11-14,27,Minnesota,30.0,0.5178528921479865
2020-11-21,27,Minnesota,8.0,0.1380941045727964
2020-11-28,27,Minnesota,1.0,0.01726176307159955
2020-12-05,27,Minnesota,1.0,0.01726176307159955
2020-12-12,27,Minnesota,0.0,0.0
2020-12-19,27,Minnesota,0.0,0.0
2020-12-26,27,Minnesota,1.0,0.01726176307159955
2021-01-02,27,Minnesota,0.0,0.0
2021-01-09,27,Minnesota,1.0,0.01726176307159955
2021-01-16,27,Minnesota,1.0,0.01726176307159955
2021-01-23,27,Minnesota,0.0,0.0
2021-01-30,27,Minnesota,12.0,0.2071411568591946
2021-02-06,27,Minnesota,0.0,0.0
2021-02-13,27,Minnesota,0.0,0.0
2021-02-20,27,Minnesota,5.0,0.08630881535799774
2021-02-27,27,Minnesota,8.0,0.1380941045727964
2021-03-06,27,Minnesota,18.0,0.31071173528879187
2021-03-13,27,Minnesota,8.0,0.1380941045727964
2021-03-20,27,Minnesota,0.0,0.0
2021-03-27,27,Minnesota,0.0,0.0
2021-04-03,27,Minnesota,0.0,0.0
2021-04-10,27,Minnesota,0.0,0.0
2021-04-17,27,Minnesota,0.0,0.0
2021-04-24,27,Minnesota,1.0,0.01726176307159955
2021-05-01,27,Minnesota,2.0,0.0345235261431991
2021-05-08,27,Minnesota,1.0,0.01726176307159955
2021-05-15,27,Minnesota,0.0,0.0
2021-05-22,27,Minnesota,0.0,0.0
2021-05-29,27,Minnesota,0.0,0.0
2021-06-05,27,Minnesota,0.0,0.0
2021-06-12,27,Minnesota,0.0,0.0
2021-06-19,27,Minnesota,1.0,0.01726176307159955
2021-06-26,27,Minnesota,0.0,0.0
2021-07-03,27,Minnesota,0.0,0.0
2021-07-10,27,Minnesota,0.0,0.0
2021-07-17,27,Minnesota,0.0,0.0
2021-07-24,27,Minnesota,0.0,0.0
2021-07-31,27,Minnesota,0.0,0.0
2021-08-07,27,Minnesota,0.0,0.0
2021-08-14,27,Minnesota,0.0,0.0
2021-08-21,27,Minnesota,0.0,0.0
2021-08-28,27,Minnesota,2.0,0.0345235261431991
2021-09-04,27,Minnesota,0.0,0.0
2021-09-11,27,Minnesota,0.0,0.0
2021-09-18,27,Minnesota,3.0,0.05178528921479865
2021-09-25,27,Minnesota,0.0,0.0
2021-10-02,27,Minnesota,1.0,0.01726176307159955
2020-10-03,30,Montana,,
2020-10-10,30,Montana,,
2020-10-17,30,Montana,0.0,0.0
2020-10-24,30,Montana,0.0,0.0
2020-10-31,30,Montana,1.0,0.08793272794581233
2020-11-07,30,Montana,1.0,0.08793272794581233
2020-11-14,30,Montana,1.0,0.08793272794581233
2020-11-21,30,Montana,1.0,0.08793272794581233
2020-11-28,30,Montana,0.0,0.0
2020-12-05,30,Montana,0.0,0.0
2020-12-12,30,Montana,0.0,0.0
2020-12-19,30,Montana,1.0,0.08793272794581233
2020-12-26,30,Montana,1.0,0.08793272794581233
2021-01-02,30,Montana,0.0,0.0
2021-01-09,30,Montana,0.0,0.0
2021-01-16,30,Montana,0.0,0.0
2021-01-23,30,Montana,0.0,0.0
2021-01-30,30,Montana,0.0,0.0
2021-02-06,30,Montana,0.0,0.0
2021-02-13,30,Montana,0.0,0.0
2021-02-20,30,Montana,0.0,0.0
2021-02-27,30,Montana,1.0,0.08793272794581233
2021-03-06,30,Montana,0.0,0.0
2021-03-13,30,Montana,0.0,0.0
2021-03-20,30,Montana,0.0,0.0
2021-03-27,30,Montana,0.0,0.0
2021-04-03,30,Montana,0.0,0.0
2021-04-10,30,Montana,2.0,0.17586545589162467
2021-04-17,30,Montana,0.0,0.0
2021-04-24,30,Montana,0.0,0.0
2021-05-01,30,Montana,0.0,0.0
2021-05-08,30,Montana,0.0,0.0
2021-05-15,30,Montana,0.0,0.0
2021-05-22,30,Montana,0.0,0.0
2021-05-29,30,Montana,0.0,0.0
2021-06-05,30,Montana,0.0,0.0
2021-06-12,30,Montana,0.0,0.0
2021-06-19,30,Montana,1.0,0.08793272794581233
2021-06-26,30,Montana,0.0,0.0
2021-07-03,30,Montana,0.0,0.0
2021-07-10,30,Montana,0.0,0.0
2021-07-17,30,Montana,0.0,0.0
2021-07-24,30,Montana,0.0,0.0
2021-07-31,30,Montana,0.0,0.0
2021-08-07,30,Montana,0.0,0.0
2021-08-14,30,Montana,0.0,0.0
2021-08-21,30,Montana,0.0,0.0
2021-08-28,30,Montana,0.0,0.0
2021-09-04,30,Montana,0.0,0.0
2021-09-11,30,Montana,0.0,0.0
2021-09-18,30,Montana,7.0,0.6155290956206864
2021-09-25,30,Montana,1.0,0.08793272794581233
2021-10-02,30,Montana,0.0,0.0
2023-10-07,33,New Hampshire,2.0,0.14194141793798865
2023-10-14,33,New Hampshire,0.0,0.0
2023-10-21,33,New Hampshire,0.0,0.0
2023-10-28,33,New Hampshire,2.0,0.14194141793798865
2023-11-04,33,New Hampshire,2.0,0.14194141793798865
2023-11-11,33,New Hampshire,2.0,0.14194141793798865
2023-11-18,33,New Hampshire,2.0,0.14194141793798865
2023-11-25,33,New Hampshire,1.0,0.07097070896899432
2023-12-02,33,New Hampshire,7.0,0.4967949627829602
2023-12-09,33,New Hampshire,15.0,1.0645606345349148
2023-12-16,33,New Hampshire,28.0,1.9871798511318408
2023-12-23,33,New Hampshire,41.0,2.909799067728767
2023-12-30,33,New Hampshire,51.0,3.61950615741871
2024-01-06,33,New Hampshire,46.0,3.2646526125737387
2024-01-13,33,New Hampshire,47.0,3.335623321542733
2024-01-20,33,New Hampshire,30.0,2.1291212690698296
2024-01-27,33,New Hampshire,24.0,1.7032970152558635
2024-02-03,33,New Hampshire,37.0,2.6259162318527896
2024-02-10,33,New Hampshire,43.0,3.051740485666756
2024-02-17,33,New Hampshire,41.0,2.909799067728767
2024-02-24,33,New Hampshire,33.0,2.3420333959768125
2024-03-02,33,New Hampshire,39.0,2.7678576497907783
2024-03-09,33,New Hampshire,33.0,2.3420333959768125
2024-03-16,33,New Hampshire,38.0,2.696886940821784
2024-03-23,33,New Hampshire,25.0,1.774267724224858
2024-03-30,33,New Hampshire,17.0,1.2065020524729033
2024-04-06,33,New Hampshire,16.0,1.1355313435039092
2024-04-13,33,New Hampshire,14.0,0.9935899255659204
2024-04-20,33,New Hampshire,12.0,0.8516485076279318
2024-04-27,33,New Hampshire,4.0,0.2838828358759773
2024-05-04,33,New Hampshire,3.0,0.21291212690698294
2024-05-11,33,New Hampshire,0.0,0.0
2024-05-18,33,New Hampshire,0.0,0.0
2024-05-25,33,New Hampshire,0.0,0.0
2024-06-01,33,New Hampshire,0.0,0.0
2024-06-08,33,New Hampshire,0.0,0.0
2024-06-15,33,New Hampshire,0.0,0.0
2024-06-22,33,New Hampshire,0.0,0.0
2024-06-29,33,New Hampshire,0.0,0.0
2024-07-06,33,New Hampshire,0.0,0.0
2024-07-13,33,New Hampshire,0.0,0.0
2024-07-20,33,New Hampshire,0.0,0.0
2024-07-27,33,New Hampshire,0.0,0.0
2024-08-03,33,New Hampshire,0.0,0.0
2024-08-10,33,New Hampshire,0.0,0.0
2024-08-17,33,New Hampshire,0.0,0.0
2024-08-24,33,New Hampshire,0.0,0.0
2024-08-31,33,New Hampshire,0.0,0.0
2024-09-07,33,New Hampshire,0.0,0.0
2024-09-14,33,New Hampshire,0.0,0.0
2024-09-21,33,New Hampshire,0.0,0.0
2024-09-28,33,New Hampshire,0.0,0.0
2020-10-03,39,Ohio,,
2020-10-10,39,Ohio,,
2020-10-17,39,Ohio,,
2020-10-24,39,Ohio,2.0,0.01683033607488288
2020-10-31,39,Ohio,1.0,0.00841516803744144
2020-11-07,39,Ohio,3.0,0.025245504112324315
2020-11-14,39,Ohio,4.0,0.03366067214976576
2020-11-21,39,Ohio,2.0,0.01683033607488288
2020-11-28,39,Ohio,4.0,0.03366067214976576
2020-12-05,39,Ohio,7.0,0.05890617626209007
2020-12-12,39,Ohio,6.0,0.05049100822464863
2020-12-19,39,Ohio,5.0,0.0420758401872072
2020-12-26,39,Ohio,14.0,0.11781235252418014
2021-01-02,39,Ohio,21.0,0.17671852878627023
2021-01-09,39,Ohio,11.0,0.09256684841185582
2021-01-16,39,Ohio,7.0,0.05890617626209007
2021-01-23,39,Ohio,6.0,0.05049100822464863
2021-01-30,39,Ohio,8.0,0.06732134429953152
2021-02-06,39,Ohio,6.0,0.05049100822464863
2021-02-13,39,Ohio,9.0,0.07573651233697296
2021-02-20,39,Ohio,12.0,0.10098201644929726
2021-02-27,39,Ohio,11.0,0.09256684841185582
2021-03-06,39,Ohio,12.0,0.10098201644929726
2021-03-13,39,Ohio,7.0,0.05890617626209007
2021-03-20,39,Ohio,5.0,0.0420758401872072
2021-03-27,39,Ohio,6.0,0.05049100822464863
2021-04-03,39,Ohio,7.0,0.05890617626209007
2021-04-10,39,Ohio,1.0,0.00841516803744144
2021-04-17,39,Ohio,9.0,0.07573651233697296
2021-04-24,39,Ohio,3.0,0.025245504112324315
2021-05-01,39,Ohio,3.0,0.025245504112324315
2021-05-08,39,Ohio,1.0,0.00841516803744144
2021-05-15,39,Ohio,2.0,0.01683033607488288
2021-05-22,39,Ohio,1.0,0.00841516803744144
2021-05-29,39,Ohio,3.0,0.025245504112324315
2021-06-05,39,Ohio,0.0,0.0
2021-06-12,39,Ohio,3.0,0.025245504112324315
2021-06-19,39,Ohio,3.0,0.025245504112324315
2021-06-26,39,Ohio,0.0,0.0
2021-07-03,39,Ohio,2.0,0.01683033607488288
2021-07-10,39,Ohio,0.0,0.0
2021-07-17,39,Ohio,0.0,0.0
2021-07-24,39,Ohio,0.0,0.0
2021-07-31,39,Ohio,5.0,0.0420758401872072
2021-08-07,39,Ohio,29.0,0.24403987308580172
2021-08-14,39,Ohio,5.0,0.0420758401872072
2021-08-21,39,Ohio,2.0,0.01683033607488288
2021-08-28,39,Ohio,1.0,0.00841516803744144
2021-09-04,39,Ohio,0.0,0.0
2021-09-11,39,Ohio,3.0,0.025245504112324315
2021-09-18,39,Ohio,6.0,0.05049100822464863
2021-09-25,39,Ohio,2.0,0.01683033607488288
2021-10-02,39,Ohio,8.0,0.06732134429953152
2023-10-07,42,Pennsylvania,41.0,0.3134855920110414
2023-10-14,42,Pennsylvania,40.0,0.3058396019619916
2023-10-21,42,Pennsylvania,38.0,0.29054762186389205
2023-10-28,42,Pennsylvania,49.0,0.37465351240343975
2023-11-04,42,Pennsylvania,30.0,0.22937970147149372
2023-11-11,42,Pennsylvania,81.0,0.6193251939730331
2023-11-18,42,Pennsylvania,89.0,0.6804931143654314
2023-11-25,42,Pennsylvania,118.0,0.9022268257878753
2023-12-02,42,Pennsylvania,211.0,1.6133039003495058
2023-12-09,42,Pennsylvania,267.0,2.0414793430962943
2023-12-16,42,Pennsylvania,390.0,2.9819361191294185
2023-12-23,42,Pennsylvania,702.0,5.367485014432953
2023-12-30,42,Pennsylvania,932.0,7.126062725714405
2024-01-06,42,Pennsylvania,758.0,5.795660457179741
2024-01-13,42,Pennsylvania,577.0,4.41173625830173
2024-01-20,42,Pennsylvania,454.0,3.471279482268605
2024-01-27,42,Pennsylvania,401.0,3.066042009668966
2024-02-03,42,Pennsylvania,443.0,3.3871735917290575
2024-02-10,42,Pennsylvania,425.0,3.249545770846161
2024-02-17,42,Pennsylvania,493.0,3.7694730941815466
2024-02-24,42,Pennsylvania,493.0,3.7694730941815466
2024-03-02,42,Pennsylvania,540.0,4.128834626486887
2024-03-09,42,Pennsylvania,511.0,3.907100915064443
2024-03-16,42,Pennsylvania,367.0,2.8060783480012734
2024-03-23,42,Pennsylvania,339.0,2.591990626627879
2024-03-30,42,Pennsylvania,266.0,2.0338333530472443
2024-04-06,42,Pennsylvania,256.0,1.9573734525567463
2024-04-13,42,Pennsylvania,195.0,1.4909680595647092
2024-04-20,42,Pennsylvania,144.0,1.10102256706317
2024-04-27,42,Pennsylvania,112.0,0.8563508854935765
2024-05-04,42,Pennsylvania,95.0,0.7263690546597301
2024-05-11,42,Pennsylvania,84.0,0.6422631641201825
2024-05-18,42,Pennsylvania,92.0,0.7034310845125807
2024-05-25,42,Pennsylvania,85.0,0.6499091541692322
2024-06-01,42,Pennsylvania,79.0,0.6040332138749335
2024-06-08,42,Pennsylvania,59.0,0.45111341289393764
2024-06-15,42,Pennsylvania,80.0,0.6116792039239832
2024-06-22,42,Pennsylvania,51.0,0.3899454925015393
2024-06-29,42,Pennsylvania,47.0,0.3593615323053402
2024-07-06,42,Pennsylvania,46.0,0.35171554225629037
2024-07-13,42,Pennsylvania,58.0,0.4434674228448879
2024-07-20,42,Pennsylvania,50.0,0.38229950245248956
2024-07-27,42,Pennsylvania,59.0,0.45111341289393764
2024-08-03,42,Pennsylvania,55.0,0.4205294526977385
2024-08-10,42,Pennsylvania,44.0,0.3364235621581908
2024-08-17,42,Pennsylvania,53.0,0.40523747259963894
2024-08-24,42,Pennsylvania,55.0,0.4205294526977385
2024-08-31,42,Pennsylvania,63.0,0.4816973730901368
2024-09-07,42,Pennsylvania,43.0,0.328777572109141
2024-09-14,42,Pennsylvania,54.0,0.4128834626486887
2024-09-21,42,Pennsylvania,83.0,0.6346171740711326
2024-09-28,42,Pennsylvania,45.0,0.34406955220724056
2021-10-09,44,Rhode Island,0.0,0.0
2021-10-16,44,Rhode Island,1.0,0.08990315632001208
2021-10-23,44,Rhode Island,0.0,0.0
2021-10-30,44,Rhode Island,1.0,0.08990315632001208
2021-11-06,44,Rhode Island,1.0,0.08990315632001208
2021-11-13,44,Rhode Island,0.0,0.0
2021-11-20,44,Rhode Island,0.0,0.0
2021-11-27,44,Rhode Island,0.0,0.0
2021-12-04,44,Rhode Island,3.0,0.2697094689600362
2021-12-11,44,Rhode Island,1.0,0.08990315632001208
2021-12-18,44,Rhode Island,3.0,0.2697094689600362
2021-12-25,44,Rhode Island,4.0,0.35961262528004834
2022-01-01,44,Rhode Island,3.0,0.2697094689600362
2022-01-08,44,Rhode Island,2.0,0.17980631264002417
2022-01-15,44,Rhode Island,1.0,0.08990315632001208
2022-01-22,44,Rhode Island,1.0,0.08990315632001208
2022-01-29,44,Rhode Island,2.0,0.17980631264002417
2022-02-05,44,Rhode Island,0.0,0.0
2022-02-12,44,Rhode Island,0.0,0.0
2022-02-19,44,Rhode Island,1.0,0.08990315632001208
2022-02-26,44,Rhode Island,0.0,0.0
2022-03-05,44,Rhode Island,2.0,0.17980631264002417
2022-03-12,44,Rhode Island,0.0,0.0
2022-03-19,44,Rhode Island,1.0,0.08990315632001208
2022-03-26,44,Rhode Island,1.0,0.08990315632001208
2022-04-02,44,Rhode Island,3.0,0.2697094689600362
2022-04-09,44,Rhode Island,5.0,0.4495157816000604
2022-04-16,44,Rhode Island,9.0,0.8091284068801088
2022-04-23,44,Rhode Island,10.0,0.8990315632001208
2022-04-30,44,Rhode Island,5.0,0.4495157816000604
2022-05-07,44,Rhode Island,6.0,0.5394189379200724
2022-05-14,44,Rhode Island,8.0,0.7192252505600967
2022-05-21,44,Rhode Island,6.0,0.5394189379200724
2022-05-28,44,Rhode Island,7.0,0.6293220942400846
2022-06-04,44,Rhode Island,6.0,0.5394189379200724
2022-06-11,44,Rhode Island,1.0,0.08990315632001208
2022-06-18,44,Rhode Island,2.0,0.17980631264002417
2022-06-25,44,Rhode Island,1.0,0.08990315632001208
2022-07-02,44,Rhode Island,0.0,0.0
2022-07-09,44,Rhode Island,9.0,0.8091284068801088
2022-07-16,44,Rhode Island,1.0,0.08990315632001208
2022-07-23,44,Rhode Island,0.0,0.0
2022-07-30,44,Rhode Island,0.0,0.0
2022-08-06,44,Rhode Island,0.0,0.0
2022-08-13,44,Rhode Island,0.0,0.0
2022-08-20,44,Rhode Island,0.0,0.0
2022-08-27,44,Rhode Island,0.0,0.0
2022-09-03,44,Rhode Island,0.0,0.0
2022-09-10,44,Rhode Island,0.0,0.0
2022-09-17,44,Rhode Island,0.0,0.0
2022-09-24,44,Rhode Island,0.0,0.0
2022-10-01,44,Rhode Island,1.0,0.08990315632001208
2024-10-05,,,27.0,
2024-10-12,,,9.0,
2024-10-19,,,11.0,
2024-10-26,,,24.0,
2024-11-02,,,58.0,
2024-11-09,,,222.0,
2024-11-16,,,328.0,
2024-11-23,,,310.0,
2024-11-30,,,580.0,
2024-12-07,,,841.0,
2024-12-14,,,1076.0,
2024-12-21,,,1624.0,
2024-12-28,,,2959.0,
2025-01-04,,,4930.0,
2025-01-11,,,4576.0,
2025-01-18,,,4522.0,
2025-01-25,,,5027.0,
2025-02-01,,,5270.0,
2025-02-08,,,5081.0,
2025-02-15,,,4365.0,
2025-02-22,,,3480.0,
2025-03-01,,,2883.0,
2025-03-08,,,2191.0,
2025-03-15,,,1919.0,
2025-03-22,,,1482.0,
2025-03-29,,,1106.0,
2025-04-05,,,950.0,
2025-04-12,,,830.0,
2025-04-19,,,607.0,
2025-04-26,,,468.0,
2025-05-03,,,365.0,
2025-05-10,,,355.0,
2025-05-17,,,308.0,
2025-05-24,,,249.0,
2025-05-31,,,326.0,
2025-06-07,,,238.0,
2025-06-14,,,243.0,
2025-06-21,,,256.0,
2025-06-28,,,161.0,
2025-07-05,,,171.0,
2025-07-12,,,146.0,
2025-07-19,,,131.0,
2025-07-26,,,139.0,
2025-08-02,,,121.0,
2025-08-09,,,120.0,
2025-08-16,,,70.0,
2025-08-23,,,118.0,
2025-08-30,,,110.0,
2025-09-06,,,172.0,
2025-09-13,,,147.0,
2025-09-20,,,97.0,
2025-09-27,,,98.0,
2024-10-05,,,69.0,
2024-10-12,,,98.0,
2024-10-19,,,215.0,
2024-10-26,,,221.0,
2024-11-02,,,233.0,
2024-11-09,,,622.0,
2024-11-16,,,661.0,
2024-11-23,,,700.0,
2024-11-30,,,906.0,
2024-12-07,,,1216.0,
2024-12-14,,,1910.0,
2024-12-21,,,3214.0,
2024-12-28,,,5950.0,
2025-01-04,,,8187.0,
2025-01-11,,,6402.0,
2025-01-18,,,7157.0,
2025-01-25,,,8912.0,
2025-02-01,,,11537.0,
2025-02-08,,,11597.0,
2025-02-15,,,8338.0,
2025-02-22,,,6141.0,
2025-03-01,,,5274.0,
2025-03-08,,,4555.0,
2025-03-15,,,3831.0,
2025-03-22,,,2755.0,
2025-03-29,,,2065.0,
2025-04-05,,,1486.0,
2025-04-12,,,923.0,
2025-04-19,,,687.0,
2025-04-26,,,557.0,
2025-05-03,,,449.0,
2025-05-10,,,427.0,
2025-05-17,,,404.0,
2025-05-24,,,369.0,
2025-05-31,,,381.0,
2025-06-07,,,360.0,
2025-06-14,,,383.0,
2025-06-21,,,354.0,
2025-06-28,,,326.0,
2025-07-05,,,265.0,
2025-07-12,,,277.0,
2025-07-19,,,274.0,
2025-07-26,,,273.0,
2025-08-02,,,237.0,
2025-08-09,,,223.0,
2025-08-16,,,242.0,
2025-08-23,,,231.0,
2025-08-30,,,308.0,
2025-09-06,,,292.0,
2025-09-13,,,285.0,
2025-09-20,,,276.0,
2025-09-27,,,327.0,
2025-10-04,47,Tennessee,26.0,0.3597246722700702
2025-10-11,47,Tennessee,26.0,0.3597246722700702
2025-10-18,47,Tennessee,40.0,0.553422572723185
2025-10-25,47,Tennessee,22.0,0.3043824149977517
2025-11-01,47,Tennessee,34.0,0.4704091868147072
2025-11-08,47,Tennessee,56.0,0.7747916018124589
2025-11-15,47,Tennessee,39.0,0.5395870084051053
2025-11-22,47,Tennessee,57.0,0.7886271661305385
2025-11-29,47,Tennessee,62.0,0.8578049877209367
2025-12-06,47,Tennessee,106.0,1.4665698177164401
2025-12-13,47,Tennessee,166.0,2.2967036768012177
2025-12-20,47,Tennessee,346.0,4.787105254055549
2025-12-27,47,Tennessee,861.0,11.912420877866555
2026-01-03,47,Tennessee,863.0,11.940092006502715
2026-01-10,47,Tennessee,519.0,7.180657881083325
2026-01-17,47,Tennessee,315.0,4.3582027601950815
2026-01-24,47,Tennessee,312.0,4.3166960672408425
2026-01-31,47,Tennessee,373.0,5.1606654906437
2026-02-07,47,Tennessee,318.0,4.39970945314932
2026-02-14,47,Tennessee,323.0,4.468887274739719
2026-02-21,47,Tennessee,321.0,4.441216146103559
2026-02-28,47,Tennessee,248.0,3.431219950883747
2026-03-07,47,Tennessee,199.0,2.753277299297845
2026-03-14,47,Tennessee,176.0,2.4350593199820136
2026-03-21,47,Tennessee,145.0,2.0061568261215452
2026-03-28,47,Tennessee,81.0,1.1206807097644496
2026-04-04,47,Tennessee,63.0,0.8716405520390162
2026-04-11,47,Tennessee,50.0,0.6917782159039811
2026-04-18,47,Tennessee,46.0,0.6364359586316627
2022-10-08,US,US,1306.0,0.3839922984199499
2022-10-15,US,US,1670.0,0.4910161855752805
2022-10-22,US,US,2269.0,0.6671351647127614
2022-10-29,US,US,4177.0,1.2281285072742196
2022-11-05,US,US,6397.0,1.8808566102545325
2022-11-12,US,US,8569.0,2.5194716731704063
2022-11-19,US,US,10926.0,3.212480744667973
2022-11-26,US,US,18142.0,5.3341411010219995
2022-12-03,US,US,26807.0,7.881838854321284
2022-12-10,US,US,23993.0,7.054461880543536
2022-12-17,US,US,21563.0,6.339989227281301
2022-12-24,US,US,19596.0,5.761648606307303
2022-12-31,US,US,19447.0,5.71783937777394
2023-01-07,US,US,14055.0,4.132474543868604
2023-01-14,US,US,7174.0,2.109311446297642
2023-01-21,US,US,4485.0,1.3186871810210377
2023-01-28,US,US,3088.0,0.9079389108122552
2023-02-04,US,US,2590.0,0.7615161201436985
2023-02-11,US,US,2175.0,0.6394971279199012
2023-02-18,US,US,1904.0,0.5598172558894216
2023-02-25,US,US,1645.0,0.48366564387505173
2023-03-04,US,US,1500.0,0.441032502013725
2023-03-11,US,US,1369.0,0.40251566350452633
2023-03-18,US,US,1410.0,0.4145705518929015
2023-03-25,US,US,1329.0,0.39075479678416036
2023-04-01,US,US,1292.0,0.3798759950678218
2023-04-08,US,US,1197.0,0.35194393660695256
2023-04-15,US,US,1077.0,0.31666133644585454
2023-04-22,US,US,980.0,0.288141234648967
2023-04-29,US,US,902.0,0.2652075445442533
2023-05-06,US,US,991.0,0.2913754729970677
2023-05-13,US,US,978.0,0.2875531913129487
2023-05-20,US,US,1116.0,0.3281281814982114
2023-05-27,US,US,973.0,0.28608308297290297
2023-06-03,US,US,939.0,0.27608634626059186
2023-06-10,US,US,935.0,0.27491025958855525
2023-06-17,US,US,873.0,0.25668091617198796
2023-06-24,US,US,813.0,0.23903961609143895
2023-07-01,US,US,836.0,0.2458021144556494
2023-07-08,US,US,699.0,0.20552114593839585
2023-07-15,US,US,736.0,0.21639994765473441
2023-07-22,US,US,644.0,0.1893499541978926
2023-07-29,US,US,767.0,0.22551461936301806
2023-08-05,US,US,687.0,0.20199288592228606
2023-08-12,US,US,703.0,0.20669723261043246
2023-08-19,US,US,737.0,0.21669396932274354
2023-08-26,US,US,791.0,0.23257113939523766
2023-09-02,US,US,873.0,0.25668091617198796
2023-09-09,US,US,803.0,0.23609939941134744
2023-09-16,US,US,818.0,0.2405097244314847
2023-09-23,US,US,878.0,0.2581510245120337
2023-09-30,US,US,1023.0,0.3007841663733605
2021-10-09,01,Alabama,13.0,0.25205038138130975
2021-10-16,01,Alabama,5.0,0.09694245437742684
2021-10-23,01,Alabama,6.0,0.1163309452529122
2021-10-30,01,Alabama,12.0,0.2326618905058244
2021-11-06,01,Alabama,9.0,0.1744964178793683
2021-11-13,01,Alabama,15.0,0.2908273631322805
2021-11-20,01,Alabama,16.0,0.31021585400776586
2021-11-27,01,Alabama,10.0,0.19388490875485367
2021-12-04,01,Alabama,23.0,0.44593529013616345
2021-12-11,01,Alabama,17.0,0.32960434488325124
2021-12-18,01,Alabama,23.0,0.44593529013616345
2021-12-25,01,Alabama,17.0,0.32960434488325124
2022-01-01,01,Alabama,69.0,1.3378058704084903
2022-01-08,01,Alabama,32.0,0.6204317080155317
2022-01-15,01,Alabama,15.0,0.2908273631322805
2022-01-22,01,Alabama,18.0,0.3489928357587366
2022-01-29,01,Alabama,41.0,0.7949281258949
2022-02-05,01,Alabama,5.0,0.09694245437742684
2022-02-12,01,Alabama,9.0,0.1744964178793683
2022-02-19,01,Alabama,21.0,0.4071583083851927
2022-02-26,01,Alabama,10.0,0.19388490875485367
2022-03-05,01,Alabama,26.0,0.5041007627626195
2022-03-12,01,Alabama,35.0,0.6785971806419878
2022-03-19,01,Alabama,23.0,0.44593529013616345
2022-03-26,01,Alabama,17.0,0.32960434488325124
2022-04-02,01,Alabama,25.0,0.48471227188713417
2022-04-09,01,Alabama,21.0,0.4071583083851927
2022-04-16,01,Alabama,11.0,0.21327339963033903
2022-04-23,01,Alabama,25.0,0.48471227188713417
2022-04-30,01,Alabama,8.0,0.15510792700388293
2022-05-07,01,Alabama,19.0,0.36838132663422196
2022-05-14,01,Alabama,12.0,0.2326618905058244
2022-05-21,01,Alabama,15.0,0.2908273631322805
2022-05-28,01,Alabama,13.0,0.25205038138130975
2022-06-04,01,Alabama,13.0,0.25205038138130975
2022-06-11,01,Alabama,15.0,0.2908273631322805
2022-06-18,01,Alabama,15.0,0.2908273631322805
2022-06-25,01,Alabama,7.0,0.13571943612839757
2022-07-02,01,Alabama,8.0,0.15510792700388293
2022-07-09,01,Alabama,15.0,0.2908273631322805
2022-07-16,01,Alabama,33.0,0.639820198891017
2022-07-23,01,Alabama,5.0,0.09694245437742684
2022-07-30,01,Alabama,9.0,0.1744964178793683
2022-08-06,01,Alabama,9.0,0.1744964178793683
2022-08-13,01,Alabama,7.0,0.13571943612839757
2022-08-20,01,Alabama,5.0,0.09694245437742684
2022-08-27,01,Alabama,10.0,0.19388490875485367
2022-09-03,01,Alabama,13.0,0.25205038138130975
2022-09-10,01,Alabama,12.0,0.2326618905058244
2022-09-17,01,Alabama,22.0,0.42654679926067807
2022-09-24,01,Alabama,19.0,0.36838132663422196
2022-10-01,01,Alabama,28.0,0.5428777445135903
2022-10-08,01,Alabama,42.0,0.8143166167703854
2022-10-15,01,Alabama,87.0,1.686798706167227
2022-10-22,01,Alabama,140.0,2.7143887225679513
2022-10-29,01,Alabama,269.0,5.215504045505564
2022-11-05,01,Alabama,399.0,7.736007859318661
2022-11-12,01,Alabama,348.0,6.747194824668908
2022-11-19,01,Alabama,258.0,5.002230645875224
2022-11-26,01,Alabama,268.0,5.196115554630079
2022-12-03,01,Alabama,417.0,8.085000695077397
2022-12-10,01,Alabama,254.0,4.924676682373283
2022-12-17,01,Alabama,174.0,3.373597412334454
2022-12-24,01,Alabama,151.0,2.9276621221982904
2022-12-31,01,Alabama,147.0,2.850108158696349
2023-01-07,01,Alabama,123.0,2.3847843776847
2023-01-14,01,Alabama,99.0,1.9194605966730514
2023-01-21,01,Alabama,57.0,1.1051439799026659
2023-01-28,01,Alabama,42.0,0.8143166167703854
2023-02-04,01,Alabama,35.0,0.6785971806419878
2023-02-11,01,Alabama,29.0,0.5622662353890756
2023-02-18,01,Alabama,30.0,0.581654726264561
2023-02-25,01,Alabama,29.0,0.5622662353890756
2023-03-04,01,Alabama,15.0,0.2908273631322805
2023-03-11,01,Alabama,17.0,0.32960434488325124
2023-03-18,01,Alabama,22.0,0.42654679926067807
2023-03-25,01,Alabama,19.0,0.36838132663422196
2023-04-01,01,Alabama,27.0,0.523489253638105
2023-04-08,01,Alabama,17.0,0.32960434488325124
2023-04-15,01,Alabama,16.0,0.31021585400776586
2023-04-22,01,Alabama,20.0,0.38776981750970735
2023-04-29,01,Alabama,11.0,0.21327339963033903
2023-05-06,01,Alabama,4.0,0.07755396350194146
2023-05-13,01,Alabama,14.0,0.27143887225679514
2023-05-20,01,Alabama,10.0,0.19388490875485367
2023-05-27,01,Alabama,11.0,0.21327339963033903
2023-06-03,01,Alabama,25.0,0.48471227188713417
2023-06-10,01,Alabama,14.0,0.27143887225679514
2023-06-17,01,Alabama,5.0,0.09694245437742684
2023-06-24,01,Alabama,11.0,0.21327339963033903
2023-07-01,01,Alabama,11.0,0.21327339963033903
2023-07-08,01,Alabama,3.0,0.0581654726264561
2023-07-15,01,Alabama,14.0,0.27143887225679514
2023-07-22,01,Alabama,15.0,0.2908273631322805
2023-07-29,01,Alabama,30.0,0.581654726264561
2023-08-05,01,Alabama,13.0,0.25205038138130975
2023-08-12,01,Alabama,9.0,0.1744964178793683
2023-08-19,01,Alabama,7.0,0.13571943612839757
2023-08-26,01,Alabama,12.0,0.2326618905058244
2023-09-02,01,Alabama,12.0,0.2326618905058244
2023-09-09,01,Alabama,5.0,0.09694245437742684
2023-09-16,01,Alabama,20.0,0.38776981750970735
2023-09-23,01,Alabama,8.0,0.15510792700388293
2023-09-30,01,Alabama,20.0,0.38776981750970735
2024-10-05,06,California,30.0,0.07608176283879114
2024-10-12,06,California,30.0,0.07608176283879114
2024-10-19,06,California,75.0,0.19020440709697783
2024-10-26,06,California,137.0,0.3474400502971462
2024-11-02,06,California,112.0,0.28403858126482023
2024-11-09,06,California,177.0,0.4488824007488677
2024-11-16,06,California,323.0,0.8191469798976513
2024-11-23,06,California,526.0,1.333966908440138
2024-11-30,06,California,708.0,1.7955296029954708
2024-12-07,06,California,1127.0,2.858138223977254
2024-12-14,06,California,1521.0,3.8573453759267107
2024-12-21,06,California,2564.0,6.5024546639553495
2024-12-28,06,California,3866.0,9.804403171158885
2025-01-04,06,California,4025.0,10.207636514204477
2025-01-11,06,California,3266.0,8.282767914383061
2025-01-18,06,California,3668.0,9.302263536422863
2025-01-25,06,California,4091.0,10.375016392449819
2025-02-01,06,California,4599.0,11.663334243186682
2025-02-08,06,California,3676.0,9.322552006513208
2025-02-15,06,California,2800.0,7.100964531620506
2025-02-22,06,California,2052.0,5.203992578173314
2025-03-01,06,California,1466.0,3.7178621440555935
2025-03-08,06,California,1069.0,2.7110468158222574
2025-03-15,06,California,997.0,2.5284505850091588
2025-03-22,06,California,711.0,1.80313777927935
2025-03-29,06,California,596.0,1.5114910217306505
2025-04-05,06,California,454.0,1.1513706776270392
2025-04-12,06,California,422.0,1.070216797265662
2025-04-19,06,California,354.0,0.8977648014977354
2025-04-26,06,California,255.0,0.6466949841297247
2025-05-03,06,California,243.0,0.6162622789942083
2025-05-10,06,California,182.0,0.4615626945553329
2025-05-17,06,California,173.0,0.43873816570369556
2025-05-24,06,California,186.0,0.4717069296005051
2025-05-31,06,California,193.0,0.48945934092955634
2025-06-07,06,California,149.0,0.37787275543266263
2025-06-14,06,California,158.0,0.4006972842843
2025-06-21,06,California,124.0,0.3144712864003367
2025-06-28,06,California,98.0,0.24853375860671773
2025-07-05,06,California,86.0,0.21810105347120126
2025-07-12,06,California,105.0,0.266286169935769
2025-07-19,06,California,73.0,0.18513228957439176
2025-07-26,06,California,67.0,0.16991593700663354
2025-08-02,06,California,71.0,0.1800601720518057
2025-08-09,06,California,66.0,0.1673798782453405
2025-08-16,06,California,74.0,0.1876683483356848
2025-08-23,06,California,72.0,0.18259623081309873
2025-08-30,06,California,90.0,0.2282452885163734
2025-09-06,06,California,91.0,0.23078134727766644
2025-09-13,06,California,90.0,0.2282452885163734
2025-09-20,06,California,83.0,0.21049287718732215
2025-09-27,06,California,105.0,0.266286169935769
2021-10-09,11,District of Columbia,0.0,0.0
2021-10-16,11,District of Columbia,0.0,0.0
2021-10-23,11,District of Columbia,0.0,0.0
2021-10-30,11,District of Columbia,0.0,0.0
2021-11-06,11,District of Columbia,0.0,0.0
2021-11-13,11,District of Columbia,0.0,0.0
2021-11-20,11,District of Columbia,0.0,0.0
2021-11-27,11,District of Columbia,1.0,0.1423994304022784
2021-12-04,11,District of Columbia,1.0,0.1423994304022784
2021-12-11,11,District of Columbia,2.0,0.2847988608045568
2021-12-18,11,District of Columbia,0.0,0.0
2021-12-25,11,District of Columbia,0.0,0.0
2022-01-01,11,District of Columbia,0.0,0.0
2022-01-08,11,District of Columbia,0.0,0.0
2022-01-15,11,District of Columbia,0.0,0.0
2022-01-22,11,District of Columbia,0.0,0.0
2022-01-29,11,District of Columbia,0.0,0.0
2022-02-05,11,District of Columbia,3.0,0.42719829120683517
2022-02-12,11,District of Columbia,0.0,0.0
2022-02-19,11,District of Columbia,1.0,0.1423994304022784
2022-02-26,11,District of Columbia,0.0,0.0
2022-03-05,11,District of Columbia,1.0,0.1423994304022784
2022-03-12,11,District of Columbia,4.0,0.5695977216091136
2022-03-19,11,District of Columbia,2.0,0.2847988608045568
2022-03-26,11,District of Columbia,4.0,0.5695977216091136
2022-04-02,11,District of Columbia,4.0,0.5695977216091136
2022-04-09,11,District of Columbia,2.0,0.2847988608045568
2022-04-16,11,District of Columbia,2.0,0.2847988608045568
2022-04-23,11,District of Columbia,1.0,0.1423994304022784
2022-04-30,11,District of Columbia,3.0,0.42719829120683517
2022-05-07,11,District of Columbia,2.0,0.2847988608045568
2022-05-14,11,District of Columbia,5.0,0.7119971520113919
2022-05-21,11,District of Columbia,4.0,0.5695977216091136
2022-05-28,11,District of Columbia,4.0,0.5695977216091136
2022-06-04,11,District of Columbia,5.0,0.7119971520113919
2022-06-11,11,District of Columbia,2.0,0.2847988608045568
2022-06-18,11,District of Columbia,2.0,0.2847988608045568
2022-06-25,11,District of Columbia,3.0,0.42719829120683517
2022-07-02,11,District of Columbia,1.0,0.1423994304022784
2022-07-09,11,District of Columbia,2.0,0.2847988608045568
2022-07-16,11,District of Columbia,1.0,0.1423994304022784
2022-07-23,11,District of Columbia,0.0,0.0
2022-07-30,11,District of Columbia,0.0,0.0
2022-08-06,11,District of Columbia,2.0,0.2847988608045568
2022-08-13,11,District of Columbia,0.0,0.0
2022-08-20,11,District of Columbia,0.0,0.0
2022-08-27,11,District of Columbia,1.0,0.1423994304022784
2022-09-03,11,District of Columbia,0.0,0.0
2022-09-10,11,District of Columbia,0.0,0.0
2022-09-17,11,District of Columbia,0.0,0.0
2022-09-24,11,District of Columbia,1.0,0.1423994304022784
2022-10-01,11,District of Columbia,0.0,0.0
2020-08-08,10,Delaware,,
2020-08-15,10,Delaware,,
2020-08-22,10,Delaware,,
2020-08-29,10,Delaware,,
2020-09-05,10,Delaware,,
2020-09-12,10,Delaware,,
2020-09-19,10,Delaware,,
2020-09-26,10,Delaware,,
2020-08-08,17,Illinois,,
2020-08-15,17,Illinois,,
2020-08-22,17,Illinois,,
2020-08-29,17,Illinois,,
2020-09-05,17,Illinois,,
2020-09-12,17,Illinois,,
2020-09-19,17,Illinois,,
2020-09-26,17,Illinois,,
2022-10-08,18,Indiana,46.0,0.6643294785374642
2022-10-15,18,Indiana,54.0,0.7798650400222406
2022-10-22,18,Indiana,69.0,0.9964942178061963
2022-10-29,18,Indiana,103.0,1.4875203541164959
2022-11-05,18,Indiana,141.0,2.036314271169184
2022-11-12,18,Indiana,136.0,1.9641045452411985
2022-11-19,18,Indiana,235.0,3.393857118615306
2022-11-26,18,Indiana,457.0,6.599968949817851
2022-12-03,18,Indiana,831.0,12.001256449231146
2022-12-10,18,Indiana,843.0,12.17455979145831
2022-12-17,18,Indiana,731.0,10.557061930671441
2022-12-24,18,Indiana,615.0,8.881796289142185
2022-12-31,18,Indiana,566.0,8.17414097504793
2023-01-07,18,Indiana,361.0,5.213542212000534
2023-01-14,18,Indiana,173.0,2.4984565171082895
2023-01-21,18,Indiana,100.0,1.4441945185597047
2023-01-28,18,Indiana,71.0,1.0253781081773905
2023-02-04,18,Indiana,41.0,0.592119752609479
2023-02-11,18,Indiana,41.0,0.592119752609479
2023-02-18,18,Indiana,33.0,0.47658419112470257
2023-02-25,18,Indiana,42.0,0.6065616977950761
2023-03-04,18,Indiana,45.0,0.6498875333518671
2023-03-11,18,Indiana,32.0,0.4621422459391055
2023-03-18,18,Indiana,35.0,0.5054680814958967
2023-03-25,18,Indiana,21.0,0.30328084889753804
2023-04-01,18,Indiana,39.0,0.5632358622382849
2023-04-08,18,Indiana,18.0,0.2599550133407469
2023-04-15,18,Indiana,17.0,0.2455130681551498
2023-04-22,18,Indiana,10.0,0.1444194518559705
2023-04-29,18,Indiana,18.0,0.2599550133407469
2023-05-06,18,Indiana,21.0,0.30328084889753804
2023-05-13,18,Indiana,18.0,0.2599550133407469
2023-05-20,18,Indiana,19.0,0.27439695852634394
2023-05-27,18,Indiana,16.0,0.23107112296955276
2023-06-03,18,Indiana,15.0,0.2166291777839557
2023-06-10,18,Indiana,13.0,0.1877452874127616
2023-06-17,18,Indiana,13.0,0.1877452874127616
2023-06-24,18,Indiana,5.0,0.07220972592798525
2023-07-01,18,Indiana,9.0,0.12997750667037344
2023-07-08,18,Indiana,2.0,0.028883890371194095
2023-07-15,18,Indiana,2.0,0.028883890371194095
2023-07-22,18,Indiana,4.0,0.05776778074238819
2023-07-29,18,Indiana,4.0,0.05776778074238819
2023-08-05,18,Indiana,7.0,0.10109361629917933
2023-08-12,18,Indiana,9.0,0.12997750667037344
2023-08-19,18,Indiana,3.0,0.04332583555679114
2023-08-26,18,Indiana,11.0,0.15886139704156754
2023-09-02,18,Indiana,6.0,0.08665167111358228
2023-09-09,18,Indiana,5.0,0.07220972592798525
2023-09-16,18,Indiana,9.0,0.12997750667037344
2023-09-23,18,Indiana,9.0,0.12997750667037344
2023-09-30,18,Indiana,12.0,0.17330334222716456
2022-10-08,23,Maine,1.0,0.07117376933435444
2022-10-15,23,Maine,0.0,0.0
2022-10-22,23,Maine,0.0,0.0
2022-10-29,23,Maine,3.0,0.21352130800306332
2022-11-05,23,Maine,3.0,0.21352130800306332
2022-11-12,23,Maine,8.0,0.5693901546748356
2022-11-19,23,Maine,14.0,0.9964327706809621
2022-11-26,23,Maine,33.0,2.3487343880336966
2022-12-03,23,Maine,100.0,7.117376933435444
2022-12-10,23,Maine,117.0,8.327331012119469
2022-12-17,23,Maine,180.0,12.8112784801838
2022-12-24,23,Maine,207.0,14.732970252211368
2022-12-31,23,Maine,192.0,13.665363712196053
2023-01-07,23,Maine,124.0,8.82554739745995
2023-01-14,23,Maine,57.0,4.056904852058203
2023-01-21,23,Maine,28.0,1.9928655413619243
2023-01-28,23,Maine,14.0,0.9964327706809621
2023-02-04,23,Maine,10.0,0.7117376933435444
2023-02-11,23,Maine,6.0,0.42704261600612664
2023-02-18,23,Maine,4.0,0.2846950773374178
2023-02-25,23,Maine,0.0,0.0
2023-03-04,23,Maine,4.0,0.2846950773374178
2023-03-11,23,Maine,0.0,0.0
2023-03-18,23,Maine,5.0,0.3558688466717722
2023-03-25,23,Maine,1.0,0.07117376933435444
2023-04-01,23,Maine,4.0,0.2846950773374178
2023-04-08,23,Maine,3.0,0.21352130800306332
2023-04-15,23,Maine,0.0,0.0
2023-04-22,23,Maine,5.0,0.3558688466717722
2023-04-29,23,Maine,0.0,0.0
2023-05-06,23,Maine,2.0,0.1423475386687089
2023-05-13,23,Maine,4.0,0.2846950773374178
2023-05-20,23,Maine,5.0,0.3558688466717722
2023-05-27,23,Maine,2.0,0.1423475386687089
2023-06-03,23,Maine,3.0,0.21352130800306332
2023-06-10,23,Maine,1.0,0.07117376933435444
2023-06-17,23,Maine,0.0,0.0
2023-06-24,23,Maine,1.0,0.07117376933435444
2023-07-01,23,Maine,2.0,0.1423475386687089
2023-07-08,23,Maine,3.0,0.21352130800306332
2023-07-15,23,Maine,0.0,0.0
2023-07-22,23,Maine,1.0,0.07117376933435444
2023-07-29,23,Maine,3.0,0.21352130800306332
2023-08-05,23,Maine,2.0,0.1423475386687089
2023-08-12,23,Maine,0.0,0.0
2023-08-19,23,Maine,2.0,0.1423475386687089
2023-08-26,23,Maine,0.0,0.0
2023-09-02,23,Maine,0.0,0.0
2023-09-09,23,Maine,0.0,0.0
2023-09-16,23,Maine,0.0,0.0
2023-09-23,23,Maine,1.0,0.07117376933435444
2023-09-30,23,Maine,0.0,0.0
2020-08-08,28,Mississippi,,
2020-08-15,28,Mississippi,,
2020-08-22,28,Mississippi,,
2020-08-29,28,Mississippi,,
2020-09-05,28,Mississippi,,
2020-09-12,28,Mississippi,,
2020-09-19,28,Mississippi,,
2020-09-26,28,Mississippi,,
2022-10-08,31,Nebraska,20.0,0.9972749462094825
2022-10-15,31,Nebraska,11.0,0.5485012204152154
2022-10-22,31,Nebraska,12.0,0.5983649677256896
2022-10-29,31,Nebraska,12.0,0.5983649677256896
2022-11-05,31,Nebraska,31.0,1.545776166624698
2022-11-12,31,Nebraska,24.0,1.1967299354513792
2022-11-19,31,Nebraska,31.0,1.545776166624698
2022-11-26,31,Nebraska,60.0,2.991824838628448
2022-12-03,31,Nebraska,104.0,5.185829720289309
2022-12-10,31,Nebraska,122.0,6.083377171877844
2022-12-17,31,Nebraska,166.0,8.277382053538705
2022-12-24,31,Nebraska,140.0,6.980924623466378
2022-12-31,31,Nebraska,144.0,7.180379612708275
2023-01-07,31,Nebraska,99.0,4.936510983736939
2023-01-14,31,Nebraska,63.0,3.1414160805598703
2023-01-21,31,Nebraska,55.0,2.742506102076077
2023-01-28,31,Nebraska,22.0,1.0970024408304309
2023-02-04,31,Nebraska,6.0,0.2991824838628448
2023-02-11,31,Nebraska,2.0,0.09972749462094826
2023-02-18,31,Nebraska,6.0,0.2991824838628448
2023-02-25,31,Nebraska,9.0,0.44877372579426716
2023-03-04,31,Nebraska,6.0,0.2991824838628448
2023-03-11,31,Nebraska,14.0,0.6980924623466378
2023-03-18,31,Nebraska,11.0,0.5485012204152154
2023-03-25,31,Nebraska,9.0,0.44877372579426716
2023-04-01,31,Nebraska,10.0,0.49863747310474127
2023-04-08,31,Nebraska,3.0,0.1495912419314224
2023-04-15,31,Nebraska,6.0,0.2991824838628448
2023-04-22,31,Nebraska,7.0,0.3490462311733189
2023-04-29,31,Nebraska,4.0,0.19945498924189653
2023-05-06,31,Nebraska,2.0,0.09972749462094826
2023-05-13,31,Nebraska,4.0,0.19945498924189653
2023-05-20,31,Nebraska,2.0,0.09972749462094826
2023-05-27,31,Nebraska,7.0,0.3490462311733189
2023-06-03,31,Nebraska,3.0,0.1495912419314224
2023-06-10,31,Nebraska,1.0,0.04986374731047413
2023-06-17,31,Nebraska,1.0,0.04986374731047413
2023-06-24,31,Nebraska,1.0,0.04986374731047413
2023-07-01,31,Nebraska,1.0,0.04986374731047413
2023-07-08,31,Nebraska,1.0,0.04986374731047413
2023-07-15,31,Nebraska,0.0,0.0
2023-07-22,31,Nebraska,1.0,0.04986374731047413
2023-07-29,31,Nebraska,1.0,0.04986374731047413
2023-08-05,31,Nebraska,1.0,0.04986374731047413
2023-08-12,31,Nebraska,1.0,0.04986374731047413
2023-08-19,31,Nebraska,1.0,0.04986374731047413
2023-08-26,31,Nebraska,3.0,0.1495912419314224
2023-09-02,31,Nebraska,2.0,0.09972749462094826
2023-09-09,31,Nebraska,1.0,0.04986374731047413
2023-09-16,31,Nebraska,0.0,0.0
2023-09-23,31,Nebraska,6.0,0.2991824838628448
2023-09-30,31,Nebraska,1.0,0.04986374731047413
2023-10-07,31,Nebraska,5.0,0.24931873655237063
2023-10-14,31,Nebraska,9.0,0.44877372579426716
2023-10-21,31,Nebraska,8.0,0.39890997848379306
2023-10-28,31,Nebraska,7.0,0.3490462311733189
2023-11-04,31,Nebraska,5.0,0.24931873655237063
2023-11-11,31,Nebraska,5.0,0.24931873655237063
2023-11-18,31,Nebraska,4.0,0.19945498924189653
2023-11-25,31,Nebraska,8.0,0.39890997848379306
2023-12-02,31,Nebraska,8.0,0.39890997848379306
2023-12-09,31,Nebraska,11.0,0.5485012204152154
2023-12-16,31,Nebraska,13.0,0.6482287150361636
2023-12-23,31,Nebraska,62.0,3.091552333249396
2023-12-30,31,Nebraska,51.0,2.5430511128341804
2024-01-06,31,Nebraska,50.0,2.4931873655237067
2024-01-13,31,Nebraska,55.0,2.742506102076077
2024-01-20,31,Nebraska,35.0,1.7452311558665945
2024-01-27,31,Nebraska,47.0,2.343596123592284
2024-02-03,31,Nebraska,47.0,2.343596123592284
2024-02-10,31,Nebraska,54.0,2.692642354765603
2024-02-17,31,Nebraska,54.0,2.692642354765603
2024-02-24,31,Nebraska,84.0,4.188554774079827
2024-03-02,31,Nebraska,95.0,4.7370559944950426
2024-03-09,31,Nebraska,86.0,4.288282268700775
2024-03-16,31,Nebraska,69.0,3.440598564422715
2024-03-23,31,Nebraska,60.0,2.991824838628448
2024-03-30,31,Nebraska,51.0,2.5430511128341804
2024-04-06,31,Nebraska,54.0,2.692642354765603
2024-04-13,31,Nebraska,45.0,2.243868628971336
2024-04-20,31,Nebraska,27.0,1.3463211773828014
2024-04-27,31,Nebraska,17.0,0.8476837042780602
2024-05-04,31,Nebraska,5.0,0.24931873655237063
2024-05-11,31,Nebraska,1.0,0.04986374731047413
2024-05-18,31,Nebraska,2.0,0.09972749462094826
2024-05-25,31,Nebraska,0.0,0.0
2024-06-01,31,Nebraska,0.0,0.0
2024-06-08,31,Nebraska,1.0,0.04986374731047413
2024-06-15,31,Nebraska,0.0,0.0
2024-06-22,31,Nebraska,0.0,0.0
2024-06-29,31,Nebraska,0.0,0.0
2024-07-06,31,Nebraska,0.0,0.0
2024-07-13,31,Nebraska,0.0,0.0
2024-07-20,31,Nebraska,0.0,0.0
2024-07-27,31,Nebraska,0.0,0.0
2024-08-03,31,Nebraska,0.0,0.0
2024-08-10,31,Nebraska,0.0,0.0
2024-08-17,31,Nebraska,0.0,0.0
2024-08-24,31,Nebraska,1.0,0.04986374731047413
2024-08-31,31,Nebraska,1.0,0.04986374731047413
2024-09-07,31,Nebraska,0.0,0.0
2024-09-14,31,Nebraska,0.0,0.0
2024-09-21,31,Nebraska,1.0,0.04986374731047413
2024-09-28,31,Nebraska,1.0,0.04986374731047413
2023-10-07,40,Oklahoma,15.0,0.3662652155727179
2023-10-14,40,Oklahoma,39.0,0.9522895604890667
2023-10-21,40,Oklahoma,22.0,0.5371889828399863
2023-10-28,40,Oklahoma,10.0,0.24417681038181197
2023-11-04,40,Oklahoma,18.0,0.4395182586872615
2023-11-11,40,Oklahoma,34.0,0.8302011552981606
2023-11-18,40,Oklahoma,37.0,0.9034541984127042
2023-11-25,40,Oklahoma,34.0,0.8302011552981606
2023-12-02,40,Oklahoma,71.0,1.7336553537108648
2023-12-09,40,Oklahoma,59.0,1.4406431812526905
2023-12-16,40,Oklahoma,85.0,2.0755028882454014
2023-12-23,40,Oklahoma,153.0,3.735905198841723
2023-12-30,40,Oklahoma,135.0,3.2963869401544614
2024-01-06,40,Oklahoma,172.0,4.199841138567166
2024-01-13,40,Oklahoma,209.0,5.10329533697987
2024-01-20,40,Oklahoma,252.0,6.153255621621661
2024-01-27,40,Oklahoma,346.0,8.448517639210694
2024-02-03,40,Oklahoma,419.0,10.23100835499792
2024-02-10,40,Oklahoma,463.0,11.305386320677894
2024-02-17,40,Oklahoma,387.0,9.449642561776123
2024-02-24,40,Oklahoma,169.0,4.126588095452622
2024-03-02,40,Oklahoma,177.0,4.321929543758071
2024-03-09,40,Oklahoma,180.0,4.3951825868726155
2024-03-16,40,Oklahoma,139.0,3.3940576643071863
2024-03-23,40,Oklahoma,93.0,2.270844336550851
2024-03-30,40,Oklahoma,91.0,2.222008974474489
2024-04-06,40,Oklahoma,63.0,1.5383139054054153
2024-04-13,40,Oklahoma,35.0,0.8546188363363418
2024-04-20,40,Oklahoma,30.0,0.7325304311454358
2024-04-27,40,Oklahoma,36.0,0.879036517374523
2024-05-04,40,Oklahoma,16.0,0.3906828966108991
2024-05-11,40,Oklahoma,9.0,0.21975912934363076
2024-05-18,40,Oklahoma,5.0,0.12208840519090598
2024-05-25,40,Oklahoma,6.0,0.14650608622908717
2024-06-01,40,Oklahoma,2.0,0.04883536207636239
2024-06-08,40,Oklahoma,1.0,0.024417681038181194
2024-06-15,40,Oklahoma,1.0,0.024417681038181194
2024-06-22,40,Oklahoma,1.0,0.024417681038181194
2024-06-29,40,Oklahoma,0.0,0.0
2024-07-06,40,Oklahoma,2.0,0.04883536207636239
2024-07-13,40,Oklahoma,0.0,0.0
2024-07-20,40,Oklahoma,6.0,0.14650608622908717
2024-07-27,40,Oklahoma,0.0,0.0
2024-08-03,40,Oklahoma,1.0,0.024417681038181194
2024-08-10,40,Oklahoma,1.0,0.024417681038181194
2024-08-17,40,Oklahoma,0.0,0.0
2024-08-24,40,Oklahoma,0.0,0.0
2024-08-31,40,Oklahoma,1.0,0.024417681038181194
2024-09-07,40,Oklahoma,0.0,0.0
2024-09-14,40,Oklahoma,1.0,0.024417681038181194
2024-09-21,40,Oklahoma,5.0,0.12208840519090598
2024-09-28,40,Oklahoma,5.0,0.12208840519090598
2021-10-09,42,Pennsylvania,18.0,0.13762782088289624
2021-10-16,42,Pennsylvania,21.0,0.16056579103004562
2021-10-23,42,Pennsylvania,22.0,0.1682117810790954
2021-10-30,42,Pennsylvania,18.0,0.13762782088289624
2021-11-06,42,Pennsylvania,13.0,0.09939787063764728
2021-11-13,42,Pennsylvania,15.0,0.11468985073574686
2021-11-20,42,Pennsylvania,24.0,0.18350376117719497
2021-11-27,42,Pennsylvania,22.0,0.1682117810790954
2021-12-04,42,Pennsylvania,54.0,0.4128834626486887
2021-12-11,42,Pennsylvania,77.0,0.5887412337768338
2021-12-18,42,Pennsylvania,79.0,0.6040332138749335
2021-12-25,42,Pennsylvania,86.0,0.657555144218282
2022-01-01,42,Pennsylvania,112.0,0.8563508854935765
2022-01-08,42,Pennsylvania,87.0,0.6652011342673319
2022-01-15,42,Pennsylvania,59.0,0.45111341289393764
2022-01-22,42,Pennsylvania,39.0,0.29819361191294186
2022-01-29,42,Pennsylvania,30.0,0.22937970147149372
2022-02-05,42,Pennsylvania,34.0,0.2599636616676929
2022-02-12,42,Pennsylvania,50.0,0.38229950245248956
2022-02-19,42,Pennsylvania,88.0,0.6728471243163816
2022-02-26,42,Pennsylvania,77.0,0.5887412337768338
2022-03-05,42,Pennsylvania,68.0,0.5199273233353858
2022-03-12,42,Pennsylvania,79.0,0.6040332138749335
2022-03-19,42,Pennsylvania,101.0,0.7722449949540289
2022-03-26,42,Pennsylvania,108.0,0.8257669252973774
2022-04-02,42,Pennsylvania,140.0,1.0704386068669707
2022-04-09,42,Pennsylvania,183.0,1.3992161789761117
2022-04-16,42,Pennsylvania,189.0,1.4450921192704105
2022-04-23,42,Pennsylvania,200.0,1.5291980098099582
2022-04-30,42,Pennsylvania,160.0,1.2233584078479665
2022-05-07,42,Pennsylvania,149.0,1.139252517308419
2022-05-14,42,Pennsylvania,179.0,1.3686322187799125
2022-05-21,42,Pennsylvania,158.0,1.208066427749867
2022-05-28,42,Pennsylvania,83.0,0.6346171740711326
2022-06-04,42,Pennsylvania,64.0,0.4893433631391866
2022-06-11,42,Pennsylvania,49.0,0.37465351240343975
2022-06-18,42,Pennsylvania,40.0,0.3058396019619916
2022-06-25,42,Pennsylvania,35.0,0.26760965171674267
2022-07-02,42,Pennsylvania,35.0,0.26760965171674267
2022-07-09,42,Pennsylvania,32.0,0.2446716815695933
2022-07-16,42,Pennsylvania,20.0,0.1529198009809958
2022-07-23,42,Pennsylvania,28.0,0.21408772137339413
2022-07-30,42,Pennsylvania,24.0,0.18350376117719497
2022-08-06,42,Pennsylvania,23.0,0.17585777112814518
2022-08-13,42,Pennsylvania,27.0,0.20644173132434435
2022-08-20,42,Pennsylvania,38.0,0.29054762186389205
2022-08-27,42,Pennsylvania,23.0,0.17585777112814518
2022-09-03,42,Pennsylvania,29.0,0.22173371142244394
2022-09-10,42,Pennsylvania,37.0,0.28290163181484224
2022-09-17,42,Pennsylvania,32.0,0.2446716815695933
2022-09-24,42,Pennsylvania,34.0,0.2599636616676929
2022-10-01,42,Pennsylvania,45.0,0.34406955220724056
2020-08-08,72,Puerto Rico,,
2020-08-15,72,Puerto Rico,,
2020-08-22,72,Puerto Rico,,
2020-08-29,72,Puerto Rico,,
2020-09-05,72,Puerto Rico,,
2020-09-12,72,Puerto Rico,,
2020-09-19,72,Puerto Rico,,
2020-09-26,72,Puerto Rico,,
2025-10-04,,,13.0,
2025-10-11,,,13.0,
2025-10-18,,,20.0,
2025-10-25,,,23.0,
2025-11-01,,,28.0,
2025-11-08,,,45.0,
2025-11-15,,,42.0,
2025-11-22,,,87.0,
2025-11-29,,,102.0,
2025-12-06,,,160.0,
2025-12-13,,,147.0,
2025-12-20,,,320.0,
2025-12-27,,,539.0,
2026-01-03,,,758.0,
2026-01-10,,,634.0,
2026-01-17,,,567.0,
2026-01-24,,,604.0,
2026-01-31,,,859.0,
2026-02-07,,,1030.0,
2026-02-14,,,802.0,
2026-02-21,,,666.0,
2026-02-28,,,496.0,
2026-03-07,,,388.0,
2026-03-14,,,278.0,
2026-03-21,,,180.0,
2026-03-28,,,122.0,
2026-04-04,,,99.0,
2026-04-11,,,65.0,
2026-04-18,,,54.0,
2023-10-07,,,163.0,
2023-10-14,,,142.0,
2023-10-21,,,177.0,
2023-10-28,,,255.0,
2023-11-04,,,226.0,
2023-11-11,,,282.0,
2023-11-18,,,266.0,
2023-11-25,,,368.0,
2023-12-02,,,556.0,
2023-12-09,,,709.0,
2023-12-16,,,1104.0,
2023-12-23,,,1485.0,
2023-12-30,,,2125.0,
2024-01-06,,,1958.0,
2024-01-13,,,1655.0,
2024-01-20,,,1342.0,
2024-01-27,,,1280.0,
2024-02-03,,,1129.0,
2024-02-10,,,1156.0,
2024-02-17,,,1202.0,
2024-02-24,,,1131.0,
2024-03-02,,,1150.0,
2024-03-09,,,917.0,
2024-03-16,,,692.0,
2024-03-23,,,585.0,
2024-03-30,,,626.0,
2024-04-06,,,615.0,
2024-04-13,,,538.0,
2024-04-20,,,362.0,
2024-04-27,,,297.0,
2024-05-04,,,245.0,
2024-05-11,,,127.0,
2024-05-18,,,77.0,
2024-05-25,,,61.0,
2024-06-01,,,48.0,
2024-06-08,,,39.0,
2024-06-15,,,41.0,
2024-06-22,,,33.0,
2024-06-29,,,33.0,
2024-07-06,,,32.0,
2024-07-13,,,30.0,
2024-07-20,,,40.0,
2024-07-27,,,21.0,
2024-08-03,,,18.0,
2024-08-10,,,23.0,
2024-08-17,,,14.0,
2024-08-24,,,17.0,
2024-08-31,,,9.0,
2024-09-07,,,13.0,
2024-09-14,,,23.0,
2024-09-21,,,36.0,
2024-09-28,,,16.0,
2020-08-08,,,,
2020-08-15,,,,
2020-08-22,,,,
2020-08-29,,,,
2020-09-05,,,,
2020-09-12,,,,
2020-09-19,,,,
2020-09-26,,,,
2025-10-04,,,31.0,
2025-10-11,,,46.0,
2025-10-18,,,34.0,
2025-10-25,,,44.0,
2025-11-01,,,39.0,
2025-11-08,,,45.0,
2025-11-15,,,56.0,
2025-11-22,,,54.0,
2025-11-29,,,102.0,
2025-12-06,,,145.0,
2025-12-13,,,206.0,
2025-12-20,,,524.0,
2025-12-27,,,1504.0,
2026-01-03,,,1879.0,
2026-01-10,,,1235.0,
2026-01-17,,,1098.0,
2026-01-24,,,1052.0,
2026-01-31,,,1003.0,
2026-02-07,,,997.0,
2026-02-14,,,1042.0,
2026-02-21,,,969.0,
2026-02-28,,,632.0,
2026-03-07,,,479.0,
2026-03-14,,,443.0,
2026-03-21,,,271.0,
2026-03-28,,,114.0,
2026-04-04,,,93.0,
2026-04-11,,,66.0,
2026-04-18,,,52.0,
2021-10-09,45,South Carolina,2.0,0.03650413747020122
2021-10-16,45,South Carolina,3.0,0.054756206205301826
2021-10-23,45,South Carolina,2.0,0.03650413747020122
2021-10-30,45,South Carolina,5.0,0.09126034367550304
2021-11-06,45,South Carolina,10.0,0.18252068735100607
2021-11-13,45,South Carolina,9.0,0.16426861861590547
2021-11-20,45,South Carolina,4.0,0.07300827494040243
2021-11-27,45,South Carolina,2.0,0.03650413747020122
2021-12-04,45,South Carolina,10.0,0.18252068735100607
2021-12-11,45,South Carolina,10.0,0.18252068735100607
2021-12-18,45,South Carolina,12.0,0.2190248248212073
2021-12-25,45,South Carolina,25.0,0.4563017183775152
2022-01-01,45,South Carolina,43.0,0.7848389556093261
2022-01-08,45,South Carolina,16.0,0.29203309976160974
2022-01-15,45,South Carolina,9.0,0.16426861861590547
2022-01-22,45,South Carolina,4.0,0.07300827494040243
2022-01-29,45,South Carolina,5.0,0.09126034367550304
2022-02-05,45,South Carolina,9.0,0.16426861861590547
2022-02-12,45,South Carolina,11.0,0.2007727560861067
2022-02-19,45,South Carolina,17.0,0.31028516849671034
2022-02-26,45,South Carolina,13.0,0.2372768935563079
2022-03-05,45,South Carolina,16.0,0.29203309976160974
2022-03-12,45,South Carolina,14.0,0.25552896229140853
2022-03-19,45,South Carolina,14.0,0.25552896229140853
2022-03-26,45,South Carolina,7.0,0.12776448114570427
2022-04-02,45,South Carolina,15.0,0.27378103102650914
2022-04-09,45,South Carolina,18.0,0.32853723723181094
2022-04-16,45,South Carolina,31.0,0.5658141307881188
2022-04-23,45,South Carolina,32.0,0.5840661995232195
2022-04-30,45,South Carolina,29.0,0.5293099933179176
2022-05-07,45,South Carolina,20.0,0.36504137470201214
2022-05-14,45,South Carolina,27.0,0.4928058558477164
2022-05-21,45,South Carolina,37.0,0.6753265431987225
2022-05-28,45,South Carolina,30.0,0.5475620620530183
2022-06-04,45,South Carolina,27.0,0.4928058558477164
2022-06-11,45,South Carolina,25.0,0.4563017183775152
2022-06-18,45,South Carolina,17.0,0.31028516849671034
2022-06-25,45,South Carolina,29.0,0.5293099933179176
2022-07-02,45,South Carolina,11.0,0.2007727560861067
2022-07-09,45,South Carolina,8.0,0.14601654988080487
2022-07-16,45,South Carolina,4.0,0.07300827494040243
2022-07-23,45,South Carolina,26.0,0.4745537871126158
2022-07-30,45,South Carolina,15.0,0.27378103102650914
2022-08-06,45,South Carolina,6.0,0.10951241241060365
2022-08-13,45,South Carolina,6.0,0.10951241241060365
2022-08-20,45,South Carolina,3.0,0.054756206205301826
2022-08-27,45,South Carolina,3.0,0.054756206205301826
2022-09-03,45,South Carolina,9.0,0.16426861861590547
2022-09-10,45,South Carolina,7.0,0.12776448114570427
2022-09-17,45,South Carolina,9.0,0.16426861861590547
2022-09-24,45,South Carolina,17.0,0.31028516849671034
2022-10-01,45,South Carolina,18.0,0.32853723723181094
2021-10-09,46,South Dakota,1.0,0.10814680712773976
2021-10-16,46,South Dakota,0.0,0.0
2021-10-23,46,South Dakota,2.0,0.21629361425547952
2021-10-30,46,South Dakota,0.0,0.0
2021-11-06,46,South Dakota,0.0,0.0
2021-11-13,46,South Dakota,0.0,0.0
2021-11-20,46,South Dakota,2.0,0.21629361425547952
2021-11-27,46,South Dakota,2.0,0.21629361425547952
2021-12-04,46,South Dakota,5.0,0.5407340356386988
2021-12-11,46,South Dakota,6.0,0.6488808427664385
2021-12-18,46,South Dakota,4.0,0.43258722851095904
2021-12-25,46,South Dakota,20.0,2.1629361425547953
2022-01-01,46,South Dakota,31.0,3.3525510209599325
2022-01-08,46,South Dakota,22.0,2.379229756810275
2022-01-15,46,South Dakota,26.0,2.811816985321234
2022-01-22,46,South Dakota,17.0,1.838495721171576
2022-01-29,46,South Dakota,8.0,0.8651744570219181
2022-02-05,46,South Dakota,9.0,0.9733212641496579
2022-02-12,46,South Dakota,18.0,1.9466425282993158
2022-02-19,46,South Dakota,13.0,1.405908492660617
2022-02-26,46,South Dakota,12.0,1.297761685532877
2022-03-05,46,South Dakota,30.0,3.244404213832193
2022-03-12,46,South Dakota,13.0,1.405908492660617
2022-03-19,46,South Dakota,12.0,1.297761685532877
2022-03-26,46,South Dakota,5.0,0.5407340356386988
2022-04-02,46,South Dakota,5.0,0.5407340356386988
2022-04-09,46,South Dakota,11.0,1.1896148784051375
2022-04-16,46,South Dakota,4.0,0.43258722851095904
2022-04-23,46,South Dakota,3.0,0.32444042138321927
2022-04-30,46,South Dakota,8.0,0.8651744570219181
2022-05-07,46,South Dakota,3.0,0.32444042138321927
2022-05-14,46,South Dakota,19.0,2.0547893354270554
2022-05-21,46,South Dakota,5.0,0.5407340356386988
2022-05-28,46,South Dakota,3.0,0.32444042138321927
2022-06-04,46,South Dakota,1.0,0.10814680712773976
2022-06-11,46,South Dakota,1.0,0.10814680712773976
2022-06-18,46,South Dakota,1.0,0.10814680712773976
2022-06-25,46,South Dakota,2.0,0.21629361425547952
2022-07-02,46,South Dakota,1.0,0.10814680712773976
2022-07-09,46,South Dakota,0.0,0.0
2022-07-16,46,South Dakota,0.0,0.0
2022-07-23,46,South Dakota,6.0,0.6488808427664385
2022-07-30,46,South Dakota,8.0,0.8651744570219181
2022-08-06,46,South Dakota,5.0,0.5407340356386988
2022-08-13,46,South Dakota,7.0,0.7570276498941784
2022-08-20,46,South Dakota,7.0,0.7570276498941784
2022-08-27,46,South Dakota,7.0,0.7570276498941784
2022-09-03,46,South Dakota,7.0,0.7570276498941784
2022-09-10,46,South Dakota,7.0,0.7570276498941784
2022-09-17,46,South Dakota,7.0,0.7570276498941784
2022-09-24,46,South Dakota,7.0,0.7570276498941784
2022-10-01,46,South Dakota,10.0,1.0814680712773976
2025-10-04,55,Wisconsin,7.0,0.11743045391064381
2025-10-11,55,Wisconsin,3.0,0.05032733739027592
2025-10-18,55,Wisconsin,7.0,0.11743045391064381
2025-10-25,55,Wisconsin,8.0,0.13420623304073578
2025-11-01,55,Wisconsin,6.0,0.10065467478055184
2025-11-08,55,Wisconsin,6.0,0.10065467478055184
2025-11-15,55,Wisconsin,7.0,0.11743045391064381
2025-11-22,55,Wisconsin,19.0,0.3187398034717475
2025-11-29,55,Wisconsin,51.0,0.8555647356346906
2025-12-06,55,Wisconsin,84.0,1.4091654469277257
2025-12-13,55,Wisconsin,161.0,2.7009004399448076
2025-12-20,55,Wisconsin,322.0,5.401800879889615
2025-12-27,55,Wisconsin,757.0,12.699264801479623
2026-01-03,55,Wisconsin,1060.0,17.78232587789749
2026-01-10,55,Wisconsin,722.0,12.112112531926405
2026-01-17,55,Wisconsin,452.0,7.582652166801572
2026-01-24,55,Wisconsin,361.0,6.0560562659632025
2026-01-31,55,Wisconsin,267.0,4.479133027734557
2026-02-07,55,Wisconsin,284.0,4.764321272946121
2026-02-14,55,Wisconsin,258.0,4.328151015563729
2026-02-21,55,Wisconsin,253.0,4.244272119913269
2026-02-28,55,Wisconsin,205.0,3.4390347216688544
2026-03-07,55,Wisconsin,166.0,2.7847793355952675
2026-03-14,55,Wisconsin,148.0,2.482815311253612
2026-03-21,55,Wisconsin,136.0,2.2815059616925084
2026-03-28,55,Wisconsin,70.0,1.1743045391064382
2026-04-04,55,Wisconsin,47.0,0.7884616191143228
2026-04-11,55,Wisconsin,38.0,0.637479606943495
2026-04-18,55,Wisconsin,32.0,0.5368249321629431
2020-08-08,02,Alaska,,
2020-08-15,02,Alaska,,
2020-08-22,02,Alaska,,
2020-08-29,02,Alaska,,
2020-09-05,02,Alaska,,
2020-09-12,02,Alaska,,
2020-09-19,02,Alaska,,
2020-09-26,02,Alaska,,
2022-10-08,05,Arkansas,22.0,0.7123535708665523
2022-10-15,05,Arkansas,37.0,1.1980491873664743
2022-10-22,05,Arkansas,47.0,1.5218462650330888
2022-10-29,05,Arkansas,77.0,2.493237498032933
2022-11-05,05,Arkansas,134.0,4.338880840732636
2022-11-12,05,Arkansas,203.0,6.573080676632277
2022-11-19,05,Arkansas,214.0,6.929257462065554
2022-11-26,05,Arkansas,407.0,13.178541061031217
2022-12-03,05,Arkansas,466.0,15.088943819264243
2022-12-10,05,Arkansas,346.0,11.203378887264867
2022-12-17,05,Arkansas,251.0,8.127306649432027
2022-12-24,05,Arkansas,201.0,6.5083212610989545
2022-12-31,05,Arkansas,204.0,6.605460384398938
2023-01-07,05,Arkansas,158.0,5.115993827132511
2023-01-14,05,Arkansas,105.0,3.399869315499454
2023-01-21,05,Arkansas,65.0,2.104681004832995
2023-01-28,05,Arkansas,44.0,1.4247071417331045
2023-02-04,05,Arkansas,20.0,0.6475941553332293
2023-02-11,05,Arkansas,33.0,1.0685303562998283
2023-02-18,05,Arkansas,25.0,0.8094926941665366
2023-02-25,05,Arkansas,30.0,0.971391232999844
2023-03-04,05,Arkansas,33.0,1.0685303562998283
2023-03-11,05,Arkansas,23.0,0.7447332786332137
2023-03-18,05,Arkansas,15.0,0.485695616499922
2023-03-25,05,Arkansas,18.0,0.5828347397999064
2023-04-01,05,Arkansas,27.0,0.8742521096998596
2023-04-08,05,Arkansas,15.0,0.485695616499922
2023-04-15,05,Arkansas,17.0,0.5504550320332449
2023-04-22,05,Arkansas,8.0,0.2590376621332917
2023-04-29,05,Arkansas,11.0,0.35617678543327613
2023-05-06,05,Arkansas,9.0,0.2914173698999532
2023-05-13,05,Arkansas,12.0,0.38855649319993757
2023-05-20,05,Arkansas,9.0,0.2914173698999532
2023-05-27,05,Arkansas,14.0,0.4533159087332605
2023-06-03,05,Arkansas,6.0,0.19427824659996878
2023-06-10,05,Arkansas,1.0,0.032379707766661464
2023-06-17,05,Arkansas,5.0,0.16189853883330732
2023-06-24,05,Arkansas,12.0,0.38855649319993757
2023-07-01,05,Arkansas,6.0,0.19427824659996878
2023-07-08,05,Arkansas,4.0,0.12951883106664586
2023-07-15,05,Arkansas,8.0,0.2590376621332917
2023-07-22,05,Arkansas,6.0,0.19427824659996878
2023-07-29,05,Arkansas,5.0,0.16189853883330732
2023-08-05,05,Arkansas,11.0,0.35617678543327613
2023-08-12,05,Arkansas,10.0,0.32379707766661464
2023-08-19,05,Arkansas,7.0,0.22665795436663025
2023-08-26,05,Arkansas,9.0,0.2914173698999532
2023-09-02,05,Arkansas,6.0,0.19427824659996878
2023-09-09,05,Arkansas,8.0,0.2590376621332917
2023-09-16,05,Arkansas,7.0,0.22665795436663025
2023-09-23,05,Arkansas,6.0,0.19427824659996878
2023-09-30,05,Arkansas,10.0,0.32379707766661464
2020-10-03,11,District of Columbia,,
2020-10-10,11,District of Columbia,,
2020-10-17,11,District of Columbia,,
2020-10-24,11,District of Columbia,0.0,0.0
2020-10-31,11,District of Columbia,0.0,0.0
2020-11-07,11,District of Columbia,0.0,0.0
2020-11-14,11,District of Columbia,0.0,0.0
2020-11-21,11,District of Columbia,0.0,0.0
2020-11-28,11,District of Columbia,0.0,0.0
2020-12-05,11,District of Columbia,0.0,0.0
2020-12-12,11,District of Columbia,0.0,0.0
2020-12-19,11,District of Columbia,0.0,0.0
2020-12-26,11,District of Columbia,0.0,0.0
2021-01-02,11,District of Columbia,0.0,0.0
2021-01-09,11,District of Columbia,0.0,0.0
2021-01-16,11,District of Columbia,0.0,0.0
2021-01-23,11,District of Columbia,0.0,0.0
2021-01-30,11,District of Columbia,0.0,0.0
2021-02-06,11,District of Columbia,0.0,0.0
2021-02-13,11,District of Columbia,0.0,0.0
2021-02-20,11,District of Columbia,0.0,0.0
2021-02-27,11,District of Columbia,0.0,0.0
2021-03-06,11,District of Columbia,0.0,0.0
2021-03-13,11,District of Columbia,0.0,0.0
2021-03-20,11,District of Columbia,0.0,0.0
2021-03-27,11,District of Columbia,0.0,0.0
2021-04-03,11,District of Columbia,0.0,0.0
2021-04-10,11,District of Columbia,0.0,0.0
2021-04-17,11,District of Columbia,0.0,0.0
2021-04-24,11,District of Columbia,0.0,0.0
2021-05-01,11,District of Columbia,0.0,0.0
2021-05-08,11,District of Columbia,0.0,0.0
2021-05-15,11,District of Columbia,0.0,0.0
2021-05-22,11,District of Columbia,0.0,0.0
2021-05-29,11,District of Columbia,0.0,0.0
2021-06-05,11,District of Columbia,0.0,0.0
2021-06-12,11,District of Columbia,0.0,0.0
2021-06-19,11,District of Columbia,0.0,0.0
2021-06-26,11,District of Columbia,0.0,0.0
2021-07-03,11,District of Columbia,0.0,0.0
2021-07-10,11,District of Columbia,1.0,0.1423994304022784
2021-07-17,11,District of Columbia,0.0,0.0
2021-07-24,11,District of Columbia,0.0,0.0
2021-07-31,11,District of Columbia,0.0,0.0
2021-08-07,11,District of Columbia,0.0,0.0
2021-08-14,11,District of Columbia,0.0,0.0
2021-08-21,11,District of Columbia,0.0,0.0
2021-08-28,11,District of Columbia,0.0,0.0
2021-09-04,11,District of Columbia,0.0,0.0
2021-09-11,11,District of Columbia,0.0,0.0
2021-09-18,11,District of Columbia,0.0,0.0
2021-09-25,11,District of Columbia,0.0,0.0
2021-10-02,11,District of Columbia,0.0,0.0
2022-10-08,15,Hawaii,5.0,0.34574655671004173
2022-10-15,15,Hawaii,6.0,0.4148958680520501
2022-10-22,15,Hawaii,3.0,0.20744793402602504
2022-10-29,15,Hawaii,7.0,0.4840451793940584
2022-11-05,15,Hawaii,7.0,0.4840451793940584
2022-11-12,15,Hawaii,21.0,1.4521355381821752
2022-11-19,15,Hawaii,15.0,1.0372396701301252
2022-11-26,15,Hawaii,12.0,0.8297917361041002
2022-12-03,15,Hawaii,9.0,0.6223438020780752
2022-12-10,15,Hawaii,13.0,0.8989410474461085
2022-12-17,15,Hawaii,14.0,0.9680903587881168
2022-12-24,15,Hawaii,29.0,2.005330028918242
2022-12-31,15,Hawaii,34.0,2.3510765856282836
2023-01-07,15,Hawaii,10.0,0.6914931134200835
2023-01-14,15,Hawaii,9.0,0.6223438020780752
2023-01-21,15,Hawaii,0.0,0.0
2023-01-28,15,Hawaii,9.0,0.6223438020780752
2023-02-04,15,Hawaii,8.0,0.5531944907360667
2023-02-11,15,Hawaii,10.0,0.6914931134200835
2023-02-18,15,Hawaii,4.0,0.2765972453680334
2023-02-25,15,Hawaii,5.0,0.34574655671004173
2023-03-04,15,Hawaii,1.0,0.06914931134200834
2023-03-11,15,Hawaii,3.0,0.20744793402602504
2023-03-18,15,Hawaii,4.0,0.2765972453680334
2023-03-25,15,Hawaii,1.0,0.06914931134200834
2023-04-01,15,Hawaii,7.0,0.4840451793940584
2023-04-08,15,Hawaii,3.0,0.20744793402602504
2023-04-15,15,Hawaii,1.0,0.06914931134200834
2023-04-22,15,Hawaii,2.0,0.1382986226840167
2023-04-29,15,Hawaii,1.0,0.06914931134200834
2023-05-06,15,Hawaii,0.0,0.0
2023-05-13,15,Hawaii,1.0,0.06914931134200834
2023-05-20,15,Hawaii,3.0,0.20744793402602504
2023-05-27,15,Hawaii,0.0,0.0
2023-06-03,15,Hawaii,4.0,0.2765972453680334
2023-06-10,15,Hawaii,6.0,0.4148958680520501
2023-06-17,15,Hawaii,8.0,0.5531944907360667
2023-06-24,15,Hawaii,9.0,0.6223438020780752
2023-07-01,15,Hawaii,10.0,0.6914931134200835
2023-07-08,15,Hawaii,8.0,0.5531944907360667
2023-07-15,15,Hawaii,6.0,0.4148958680520501
2023-07-22,15,Hawaii,4.0,0.2765972453680334
2023-07-29,15,Hawaii,4.0,0.2765972453680334
2023-08-05,15,Hawaii,6.0,0.4148958680520501
2023-08-12,15,Hawaii,4.0,0.2765972453680334
2023-08-19,15,Hawaii,6.0,0.4148958680520501
2023-08-26,15,Hawaii,6.0,0.4148958680520501
2023-09-02,15,Hawaii,7.0,0.4840451793940584
2023-09-09,15,Hawaii,5.0,0.34574655671004173
2023-09-16,15,Hawaii,8.0,0.5531944907360667
2023-09-23,15,Hawaii,5.0,0.34574655671004173
2023-09-30,15,Hawaii,10.0,0.6914931134200835
2020-10-03,20,Kansas,,
2020-10-10,20,Kansas,,
2020-10-17,20,Kansas,0.0,0.0
2020-10-24,20,Kansas,6.0,0.20197899014544507
2020-10-31,20,Kansas,8.0,0.2693053201939268
2020-11-07,20,Kansas,2.0,0.0673263300484817
2020-11-14,20,Kansas,3.0,0.10098949507272253
2020-11-21,20,Kansas,4.0,0.1346526600969634
2020-11-28,20,Kansas,4.0,0.1346526600969634
2020-12-05,20,Kansas,7.0,0.23564215516968592
2020-12-12,20,Kansas,4.0,0.1346526600969634
2020-12-19,20,Kansas,10.0,0.33663165024240843
2020-12-26,20,Kansas,1.0,0.03366316502424085
2021-01-02,20,Kansas,1.0,0.03366316502424085
2021-01-09,20,Kansas,2.0,0.0673263300484817
2021-01-16,20,Kansas,9.0,0.3029684852181676
2021-01-23,20,Kansas,1.0,0.03366316502424085
2021-01-30,20,Kansas,1.0,0.03366316502424085
2021-02-06,20,Kansas,0.0,0.0
2021-02-13,20,Kansas,4.0,0.1346526600969634
2021-02-20,20,Kansas,5.0,0.16831582512120422
2021-02-27,20,Kansas,0.0,0.0
2021-03-06,20,Kansas,0.0,0.0
2021-03-13,20,Kansas,6.0,0.20197899014544507
2021-03-20,20,Kansas,0.0,0.0
2021-03-27,20,Kansas,1.0,0.03366316502424085
2021-04-03,20,Kansas,2.0,0.0673263300484817
2021-04-10,20,Kansas,6.0,0.20197899014544507
2021-04-17,20,Kansas,3.0,0.10098949507272253
2021-04-24,20,Kansas,4.0,0.1346526600969634
2021-05-01,20,Kansas,4.0,0.1346526600969634
2021-05-08,20,Kansas,10.0,0.33663165024240843
2021-05-15,20,Kansas,0.0,0.0
2021-05-22,20,Kansas,2.0,0.0673263300484817
2021-05-29,20,Kansas,0.0,0.0
2021-06-05,20,Kansas,0.0,0.0
2021-06-12,20,Kansas,0.0,0.0
2021-06-19,20,Kansas,0.0,0.0
2021-06-26,20,Kansas,3.0,0.10098949507272253
2021-07-03,20,Kansas,2.0,0.0673263300484817
2021-07-10,20,Kansas,0.0,0.0
2021-07-17,20,Kansas,4.0,0.1346526600969634
2021-07-24,20,Kansas,0.0,0.0
2021-07-31,20,Kansas,0.0,0.0
2021-08-07,20,Kansas,2.0,0.0673263300484817
2021-08-14,20,Kansas,1.0,0.03366316502424085
2021-08-21,20,Kansas,0.0,0.0
2021-08-28,20,Kansas,1.0,0.03366316502424085
2021-09-04,20,Kansas,2.0,0.0673263300484817
2021-09-11,20,Kansas,0.0,0.0
2021-09-18,20,Kansas,0.0,0.0
2021-09-25,20,Kansas,2.0,0.0673263300484817
2021-10-02,20,Kansas,4.0,0.1346526600969634
2024-10-05,25,Massachusetts,,
2024-10-12,25,Massachusetts,0.0,0.0
2024-10-19,25,Massachusetts,0.0,0.0
2024-10-26,25,Massachusetts,0.0,0.0
2024-11-02,25,Massachusetts,3.0,0.04203935135522958
2024-11-09,25,Massachusetts,39.0,0.5465115676179845
2024-11-16,25,Massachusetts,16.0,0.22420987389455774
2024-11-23,25,Massachusetts,50.0,0.700655855920493
2024-11-30,25,Massachusetts,72.0,1.00894443252551
2024-12-07,25,Massachusetts,95.0,1.3312461262489366
2024-12-14,25,Massachusetts,133.0,1.8637445767485112
2024-12-21,25,Massachusetts,142.0,1.9898626308142
2024-12-28,25,Massachusetts,287.0,4.021764612983629
2025-01-04,25,Massachusetts,576.0,8.07155546020408
2025-01-11,25,Massachusetts,594.0,8.323791568335457
2025-01-18,25,Massachusetts,757.0,10.607929658636262
2025-01-25,25,Massachusetts,991.0,13.88699906434417
2025-02-01,25,Massachusetts,1347.0,18.87566875849808
2025-02-08,25,Massachusetts,1637.0,22.93947272283694
2025-02-15,25,Massachusetts,1522.0,21.327964254219804
2025-02-22,25,Massachusetts,1381.0,19.352114740524016
2025-03-01,25,Massachusetts,1246.0,17.460343929538684
2025-03-08,25,Massachusetts,749.0,10.495824721688985
2025-03-15,25,Massachusetts,446.0,6.249850234810797
2025-03-22,25,Massachusetts,320.0,4.484197477891155
2025-03-29,25,Massachusetts,223.0,3.1249251174053985
2025-04-05,25,Massachusetts,143.0,2.00387574793261
2025-04-12,25,Massachusetts,119.0,1.6675609370907731
2025-04-19,25,Massachusetts,86.0,1.2051280721832478
2025-04-26,25,Massachusetts,84.0,1.1771018379464282
2025-05-03,25,Massachusetts,73.0,1.0229575496439196
2025-05-10,25,Massachusetts,39.0,0.5465115676179845
2025-05-17,25,Massachusetts,30.0,0.42039351355229576
2025-05-24,25,Massachusetts,29.0,0.4063803964338859
2025-05-31,25,Massachusetts,26.0,0.36434104507865633
2025-06-07,25,Massachusetts,19.0,0.26624922524978734
2025-06-14,25,Massachusetts,23.0,0.32230169372342676
2025-06-21,25,Massachusetts,8.0,0.11210493694727887
2025-06-28,25,Massachusetts,17.0,0.2382229910129676
2025-07-05,25,Massachusetts,17.0,0.2382229910129676
2025-07-12,25,Massachusetts,14.0,0.19618363965773802
2025-07-19,25,Massachusetts,10.0,0.1401311711840986
2025-07-26,25,Massachusetts,4.0,0.056052468473639434
2025-08-02,25,Massachusetts,8.0,0.11210493694727887
2025-08-09,25,Massachusetts,6.0,0.08407870271045916
2025-08-16,25,Massachusetts,8.0,0.11210493694727887
2025-08-23,25,Massachusetts,6.0,0.08407870271045916
2025-08-30,25,Massachusetts,8.0,0.11210493694727887
2025-09-06,25,Massachusetts,14.0,0.19618363965773802
2025-09-13,25,Massachusetts,13.0,0.18217052253932817
2025-09-20,25,Massachusetts,10.0,0.1401311711840986
2025-09-27,25,Massachusetts,13.0,0.18217052253932817
2020-08-08,24,Maryland,,
2020-08-15,24,Maryland,,
2020-08-22,24,Maryland,,
2020-08-29,24,Maryland,,
2020-09-05,24,Maryland,,
2020-09-12,24,Maryland,,
2020-09-19,24,Maryland,,
2020-09-26,24,Maryland,,
2025-10-04,23,Maine,1.0,0.07117376933435444
2025-10-11,23,Maine,1.0,0.07117376933435444
2025-10-18,23,Maine,3.0,0.21352130800306332
2025-10-25,23,Maine,3.0,0.21352130800306332
2025-11-01,23,Maine,2.0,0.1423475386687089
2025-11-08,23,Maine,3.0,0.21352130800306332
2025-11-15,23,Maine,4.0,0.2846950773374178
2025-11-22,23,Maine,8.0,0.5693901546748356
2025-11-29,23,Maine,13.0,0.9252590013466078
2025-12-06,23,Maine,20.0,1.4234753866870888
2025-12-13,23,Maine,31.0,2.2063868493649874
2025-12-20,23,Maine,82.0,5.836249085417064
2025-12-27,23,Maine,147.0,10.462544092150102
2026-01-03,23,Maine,255.0,18.149311180260383
2026-01-10,23,Maine,172.0,12.241888325508963
2026-01-17,23,Maine,118.0,8.398504781453823
2026-01-24,23,Maine,81.0,5.76507531608271
2026-01-31,23,Maine,69.0,4.910990084070456
2026-02-07,23,Maine,68.0,4.839816314736102
2026-02-14,23,Maine,47.0,3.3451671587146588
2026-02-21,23,Maine,59.0,4.199252390726912
2026-02-28,23,Maine,43.0,3.060472081377241
2026-03-07,23,Maine,35.0,2.4910819267024054
2026-03-14,23,Maine,30.0,2.135213080030633
2026-03-21,23,Maine,26.0,1.8505180026932155
2026-03-28,23,Maine,10.0,0.7117376933435444
2026-04-04,23,Maine,8.0,0.5693901546748356
2026-04-11,23,Maine,6.0,0.42704261600612664
2026-04-18,23,Maine,3.0,0.21352130800306332
2020-10-03,37,North Carolina,,
2020-10-10,37,North Carolina,,
2020-10-17,37,North Carolina,0.0,0.0
2020-10-24,37,North Carolina,7.0,0.06337121845833396
2020-10-31,37,North Carolina,12.0,0.10863637450000109
2020-11-07,37,North Carolina,8.0,0.07242424966666738
2020-11-14,37,North Carolina,8.0,0.07242424966666738
2020-11-21,37,North Carolina,18.0,0.16295456175000164
2020-11-28,37,North Carolina,19.0,0.17200759295833506
2020-12-05,37,North Carolina,9.0,0.08147728087500082
2020-12-12,37,North Carolina,11.0,0.09958334329166767
2020-12-19,37,North Carolina,8.0,0.07242424966666738
2020-12-26,37,North Carolina,10.0,0.09053031208333424
2021-01-02,37,North Carolina,15.0,0.13579546812500135
2021-01-09,37,North Carolina,12.0,0.10863637450000109
2021-01-16,37,North Carolina,24.0,0.21727274900000218
2021-01-23,37,North Carolina,4.0,0.03621212483333369
2021-01-30,37,North Carolina,10.0,0.09053031208333424
2021-02-06,37,North Carolina,4.0,0.03621212483333369
2021-02-13,37,North Carolina,3.0,0.027159093625000272
2021-02-20,37,North Carolina,8.0,0.07242424966666738
2021-02-27,37,North Carolina,8.0,0.07242424966666738
2021-03-06,37,North Carolina,4.0,0.03621212483333369
2021-03-13,37,North Carolina,5.0,0.04526515604166712
2021-03-20,37,North Carolina,6.0,0.054318187250000545
2021-03-27,37,North Carolina,3.0,0.027159093625000272
2021-04-03,37,North Carolina,1.0,0.009053031208333423
2021-04-10,37,North Carolina,3.0,0.027159093625000272
2021-04-17,37,North Carolina,10.0,0.09053031208333424
2021-04-24,37,North Carolina,57.0,0.5160227788750051
2021-05-01,37,North Carolina,102.0,0.9234091832500092
2021-05-08,37,North Carolina,34.0,0.30780306108333644
2021-05-15,37,North Carolina,15.0,0.13579546812500135
2021-05-22,37,North Carolina,12.0,0.10863637450000109
2021-05-29,37,North Carolina,6.0,0.054318187250000545
2021-06-05,37,North Carolina,1.0,0.009053031208333423
2021-06-12,37,North Carolina,9.0,0.08147728087500082
2021-06-19,37,North Carolina,6.0,0.054318187250000545
2021-06-26,37,North Carolina,6.0,0.054318187250000545
2021-07-03,37,North Carolina,5.0,0.04526515604166712
2021-07-10,37,North Carolina,4.0,0.03621212483333369
2021-07-17,37,North Carolina,6.0,0.054318187250000545
2021-07-24,37,North Carolina,8.0,0.07242424966666738
2021-07-31,37,North Carolina,10.0,0.09053031208333424
2021-08-07,37,North Carolina,3.0,0.027159093625000272
2021-08-14,37,North Carolina,15.0,0.13579546812500135
2021-08-21,37,North Carolina,8.0,0.07242424966666738
2021-08-28,37,North Carolina,4.0,0.03621212483333369
2021-09-04,37,North Carolina,8.0,0.07242424966666738
2021-09-11,37,North Carolina,13.0,0.11768940570833451
2021-09-18,37,North Carolina,13.0,0.11768940570833451
2021-09-25,37,North Carolina,5.0,0.04526515604166712
2021-10-02,37,North Carolina,15.0,0.13579546812500135
2023-10-07,38,North Dakota,0.0,0.0
2023-10-14,38,North Dakota,1.0,0.1255385604242199
2023-10-21,38,North Dakota,1.0,0.1255385604242199
2023-10-28,38,North Dakota,1.0,0.1255385604242199
2023-11-04,38,North Dakota,0.0,0.0
2023-11-11,38,North Dakota,2.0,0.2510771208484398
2023-11-18,38,North Dakota,7.0,0.8787699229695394
2023-11-25,38,North Dakota,4.0,0.5021542416968796
2023-12-02,38,North Dakota,17.0,2.1341555272117385
2023-12-09,38,North Dakota,11.0,1.380924164666419
2023-12-16,38,North Dakota,16.0,2.0086169667875184
2023-12-23,38,North Dakota,26.0,3.2640025710297174
2023-12-30,38,North Dakota,51.0,6.402466581635215
2024-01-06,38,North Dakota,52.0,6.528005142059435
2024-01-13,38,North Dakota,32.0,4.017233933575037
2024-01-20,38,North Dakota,41.0,5.147080977393016
2024-01-27,38,North Dakota,48.0,6.025850900362555
2024-02-03,38,North Dakota,40.0,5.0215424169687966
2024-02-10,38,North Dakota,31.0,3.891695373150817
2024-02-17,38,North Dakota,29.0,3.640618252302377
2024-02-24,38,North Dakota,25.0,3.1384640106054977
2024-03-02,38,North Dakota,22.0,2.761848329332838
2024-03-09,38,North Dakota,21.0,2.636309768908618
2024-03-16,38,North Dakota,29.0,3.640618252302377
2024-03-23,38,North Dakota,20.0,2.5107712084843983
2024-03-30,38,North Dakota,31.0,3.891695373150817
2024-04-06,38,North Dakota,19.0,2.385232648060178
2024-04-13,38,North Dakota,18.0,2.259694087635958
2024-04-20,38,North Dakota,15.0,1.8830784063632986
2024-04-27,38,North Dakota,7.0,0.8787699229695394
2024-05-04,38,North Dakota,4.0,0.5021542416968796
2024-05-11,38,North Dakota,0.0,0.0
2024-05-18,38,North Dakota,1.0,0.1255385604242199
2024-05-25,38,North Dakota,0.0,0.0
2024-06-01,38,North Dakota,0.0,0.0
2024-06-08,38,North Dakota,0.0,0.0
2024-06-15,38,North Dakota,0.0,0.0
2024-06-22,38,North Dakota,1.0,0.1255385604242199
2024-06-29,38,North Dakota,0.0,0.0
2024-07-06,38,North Dakota,0.0,0.0
2024-07-13,38,North Dakota,0.0,0.0
2024-07-20,38,North Dakota,0.0,0.0
2024-07-27,38,North Dakota,1.0,0.1255385604242199
2024-08-03,38,North Dakota,0.0,0.0
2024-08-10,38,North Dakota,0.0,0.0
2024-08-17,38,North Dakota,0.0,0.0
2024-08-24,38,North Dakota,0.0,0.0
2024-08-31,38,North Dakota,0.0,0.0
2024-09-07,38,North Dakota,0.0,0.0
2024-09-14,38,North Dakota,0.0,0.0
2024-09-21,38,North Dakota,0.0,0.0
2024-09-28,38,North Dakota,1.0,0.1255385604242199
2024-10-05,36,New York,7.0,0.03523386832438997
2024-10-12,36,New York,0.0,0.0
2024-10-19,36,New York,5.0,0.025167048803135694
2024-10-26,36,New York,8.0,0.04026727808501711
2024-11-02,36,New York,15.0,0.07550114640940708
2024-11-09,36,New York,55.0,0.27683753683449264
2024-11-16,36,New York,63.0,0.31710481491950976
2024-11-23,36,New York,103.0,0.5184412053445953
2024-11-30,36,New York,145.0,0.7298444152909351
2024-12-07,36,New York,275.0,1.3841876841724632
2024-12-14,36,New York,432.0,2.174433016590924
2024-12-21,36,New York,736.0,3.704589583821574
2024-12-28,36,New York,1528.0,7.691050114238268
2025-01-04,36,New York,2594.0,13.056664919066797
2025-01-11,36,New York,2249.0,11.320138551650436
2025-01-18,36,New York,2617.0,13.172433343561222
2025-01-25,36,New York,2931.0,14.752924008398143
2025-02-01,36,New York,3128.0,15.74450573124169
2025-02-08,36,New York,2942.0,14.808291515765042
2025-02-15,36,New York,2492.0,12.54325712348283
2025-02-22,36,New York,2035.0,10.242988862876228
2025-03-01,36,New York,1630.0,8.204457909822237
2025-03-08,36,New York,1278.0,6.432697674081483
2025-03-15,36,New York,1107.0,5.571984605014243
2025-03-22,36,New York,894.0,4.499868326000662
2025-03-29,36,New York,611.0,3.0754133637431815
2025-04-05,36,New York,508.0,2.5569721583985863
2025-04-12,36,New York,395.0,1.9881968554477198
2025-04-19,36,New York,283.0,1.4244549622574803
2025-04-26,36,New York,209.0,1.0519826399710719
2025-05-03,36,New York,157.0,0.7902453324184607
2025-05-10,36,New York,105.0,0.5285080248658496
2025-05-17,36,New York,63.0,0.31710481491950976
2025-05-24,36,New York,50.0,0.25167048803135694
2025-05-31,36,New York,41.0,0.2063698001857127
2025-06-07,36,New York,27.0,0.13590206353693274
2025-06-14,36,New York,29.0,0.14596888305818703
2025-06-21,36,New York,27.0,0.13590206353693274
2025-06-28,36,New York,22.0,0.11073501473379706
2025-07-05,36,New York,22.0,0.11073501473379706
2025-07-12,36,New York,24.0,0.12080183425505132
2025-07-19,36,New York,19.0,0.09563478545191563
2025-07-26,36,New York,19.0,0.09563478545191563
2025-08-02,36,New York,13.0,0.0654343268881528
2025-08-09,36,New York,12.0,0.06040091712752566
2025-08-16,36,New York,14.0,0.07046773664877994
2025-08-23,36,New York,21.0,0.10570160497316991
2025-08-30,36,New York,17.0,0.08556796593066136
2025-09-06,36,New York,19.0,0.09563478545191563
2025-09-13,36,New York,15.0,0.07550114640940708
2025-09-20,36,New York,9.0,0.04530068784564425
2025-09-27,36,New York,27.0,0.13590206353693274
2022-10-08,39,Ohio,17.0,0.14305785663650447
2022-10-15,39,Ohio,32.0,0.26928537719812606
2022-10-22,39,Ohio,33.0,0.2777005452355675
2022-10-29,39,Ohio,105.0,0.8835926439313511
2022-11-05,39,Ohio,196.0,1.649372935338522
2022-11-12,39,Ohio,257.0,2.1626981856224496
2022-11-19,39,Ohio,311.0,2.6171172596442873
2022-11-26,39,Ohio,560.0,4.712494100967206
2022-12-03,39,Ohio,954.0,8.028070307719133
2022-12-10,39,Ohio,957.0,8.053315811831457
2022-12-17,39,Ohio,972.0,8.179543332393079
2022-12-24,39,Ohio,799.0,6.72371926191571
2022-12-31,39,Ohio,706.0,5.941108634433656
2023-01-07,39,Ohio,489.0,4.115017170308864
2023-01-14,39,Ohio,194.0,1.632542599263639
2023-01-21,39,Ohio,122.0,1.0266505005678555
2023-01-28,39,Ohio,72.0,0.6058920986957836
2023-02-04,39,Ohio,58.0,0.48807974617160343
2023-02-11,39,Ohio,49.0,0.4123432338346305
2023-02-18,39,Ohio,47.0,0.39551289775974763
2023-02-25,39,Ohio,24.0,0.20196403289859452
2023-03-04,39,Ohio,23.0,0.19354886486115308
2023-03-11,39,Ohio,26.0,0.2187943689734774
2023-03-18,39,Ohio,34.0,0.28611571327300894
2023-03-25,39,Ohio,29.0,0.24403987308580172
2023-04-01,39,Ohio,33.0,0.2777005452355675
2023-04-08,39,Ohio,12.0,0.10098201644929726
2023-04-15,39,Ohio,25.0,0.21037920093603596
2023-04-22,39,Ohio,18.0,0.1514730246739459
2023-04-29,39,Ohio,19.0,0.15988819271138735
2023-05-06,39,Ohio,17.0,0.14305785663650447
2023-05-13,39,Ohio,17.0,0.14305785663650447
2023-05-20,39,Ohio,218.0,1.8345066321622336
2023-05-27,39,Ohio,14.0,0.11781235252418014
2023-06-03,39,Ohio,10.0,0.0841516803744144
2023-06-10,39,Ohio,11.0,0.09256684841185582
2023-06-17,39,Ohio,11.0,0.09256684841185582
2023-06-24,39,Ohio,14.0,0.11781235252418014
2023-07-01,39,Ohio,37.0,0.31136121738533323
2023-07-08,39,Ohio,37.0,0.31136121738533323
2023-07-15,39,Ohio,40.0,0.3366067214976576
2023-07-22,39,Ohio,33.0,0.2777005452355675
2023-07-29,39,Ohio,117.0,0.9845746603806483
2023-08-05,39,Ohio,9.0,0.07573651233697296
2023-08-12,39,Ohio,10.0,0.0841516803744144
2023-08-19,39,Ohio,8.0,0.06732134429953152
2023-08-26,39,Ohio,16.0,0.13464268859906303
2023-09-02,39,Ohio,13.0,0.1093971844867387
2023-09-09,39,Ohio,15.0,0.1262275205616216
2023-09-16,39,Ohio,9.0,0.07573651233697296
2023-09-23,39,Ohio,9.0,0.07573651233697296
2023-09-30,39,Ohio,16.0,0.13464268859906303
2022-10-08,72,Puerto Rico,33.0,1.0301892270302921
2022-10-15,72,Puerto Rico,43.0,1.3423677806758354
2022-10-22,72,Puerto Rico,49.0,1.5296749128631613
2022-10-29,72,Puerto Rico,52.0,1.623328478956824
2022-11-05,72,Puerto Rico,90.0,2.8096069828098877
2022-11-12,72,Puerto Rico,88.0,2.7471712720807795
2022-11-19,72,Puerto Rico,65.0,2.02916059869603
2022-11-26,72,Puerto Rico,73.0,2.2789034416124645
2022-12-03,72,Puerto Rico,77.0,2.403774863070682
2022-12-10,72,Puerto Rico,73.0,2.2789034416124645
2022-12-17,72,Puerto Rico,61.0,1.904289177237813
2022-12-24,72,Puerto Rico,114.0,3.558835511559191
2022-12-31,72,Puerto Rico,60.0,1.8730713218732586
2023-01-07,72,Puerto Rico,52.0,1.623328478956824
2023-01-14,72,Puerto Rico,84.0,2.622299850622562
2023-01-21,72,Puerto Rico,47.0,1.4672392021340526
2023-01-28,72,Puerto Rico,57.0,1.7794177557795956
2023-02-04,72,Puerto Rico,54.0,1.6857641896859328
2023-02-11,72,Puerto Rico,77.0,2.403774863070682
2023-02-18,72,Puerto Rico,44.0,1.3735856360403897
2023-02-25,72,Puerto Rico,32.0,0.9989713716657379
2023-03-04,72,Puerto Rico,22.0,0.6867928180201949
2023-03-11,72,Puerto Rico,16.0,0.49948568583286895
2023-03-18,72,Puerto Rico,11.0,0.34339640901009744
2023-03-25,72,Puerto Rico,25.0,0.7804463841138578
2023-04-01,72,Puerto Rico,42.0,1.311149925311281
2023-04-08,72,Puerto Rico,33.0,1.0301892270302921
2023-04-15,72,Puerto Rico,34.0,1.0614070823948465
2023-04-22,72,Puerto Rico,33.0,1.0301892270302921
2023-04-29,72,Puerto Rico,36.0,1.1238427931239552
2023-05-06,72,Puerto Rico,47.0,1.4672392021340526
2023-05-13,72,Puerto Rico,43.0,1.3423677806758354
2023-05-20,72,Puerto Rico,59.0,1.8418534665087043
2023-05-27,72,Puerto Rico,60.0,1.8730713218732586
2023-06-03,72,Puerto Rico,73.0,2.2789034416124645
2023-06-10,72,Puerto Rico,61.0,1.904289177237813
2023-06-17,72,Puerto Rico,50.0,1.5608927682277156
2023-06-24,72,Puerto Rico,58.0,1.81063561114415
2023-07-01,72,Puerto Rico,52.0,1.623328478956824
2023-07-08,72,Puerto Rico,39.0,1.217496359217618
2023-07-15,72,Puerto Rico,42.0,1.311149925311281
2023-07-22,72,Puerto Rico,33.0,1.0301892270302921
2023-07-29,72,Puerto Rico,42.0,1.311149925311281
2023-08-05,72,Puerto Rico,29.0,0.905317805572075
2023-08-12,72,Puerto Rico,39.0,1.217496359217618
2023-08-19,72,Puerto Rico,30.0,0.9365356609366293
2023-08-26,72,Puerto Rico,52.0,1.623328478956824
2023-09-02,72,Puerto Rico,59.0,1.8418534665087043
2023-09-09,72,Puerto Rico,54.0,1.6857641896859328
2023-09-16,72,Puerto Rico,59.0,1.8418534665087043
2023-09-23,72,Puerto Rico,84.0,2.622299850622562
2023-09-30,72,Puerto Rico,99.0,3.0905676810908767
2025-10-04,,,70.0,
2025-10-11,,,65.0,
2025-10-18,,,82.0,
2025-10-25,,,83.0,
2025-11-01,,,101.0,
2025-11-08,,,135.0,
2025-11-15,,,204.0,
2025-11-22,,,343.0,
2025-11-29,,,544.0,
2025-12-06,,,778.0,
2025-12-13,,,1388.0,
2025-12-20,,,3042.0,
2025-12-27,,,6430.0,
2026-01-03,,,7994.0,
2026-01-10,,,5570.0,
2026-01-17,,,3393.0,
2026-01-24,,,2785.0,
2026-01-31,,,2304.0,
2026-02-07,,,2164.0,
2026-02-14,,,2101.0,
2026-02-21,,,2389.0,
2026-02-28,,,1801.0,
2026-03-07,,,1698.0,
2026-03-14,,,1397.0,
2026-03-21,,,1040.0,
2026-03-28,,,374.0,
2026-04-04,,,313.0,
2026-04-11,,,247.0,
2026-04-18,,,252.0,
2022-10-08,,,39.0,
2022-10-15,,,32.0,
2022-10-22,,,60.0,
2022-10-29,,,95.0,
2022-11-05,,,147.0,
2022-11-12,,,193.0,
2022-11-19,,,354.0,
2022-11-26,,,805.0,
2022-12-03,,,1462.0,
2022-12-10,,,1436.0,
2022-12-17,,,1459.0,
2022-12-24,,,1209.0,
2022-12-31,,,1285.0,
2023-01-07,,,847.0,
2023-01-14,,,402.0,
2023-01-21,,,238.0,
2023-01-28,,,162.0,
2023-02-04,,,81.0,
2023-02-11,,,67.0,
2023-02-18,,,60.0,
2023-02-25,,,64.0,
2023-03-04,,,55.0,
2023-03-11,,,67.0,
2023-03-18,,,49.0,
2023-03-25,,,54.0,
2023-04-01,,,52.0,
2023-04-08,,,39.0,
2023-04-15,,,36.0,
2023-04-22,,,28.0,
2023-04-29,,,44.0,
2023-05-06,,,36.0,
2023-05-13,,,32.0,
2023-05-20,,,31.0,
2023-05-27,,,22.0,
2023-06-03,,,15.0,
2023-06-10,,,36.0,
2023-06-17,,,15.0,
2023-06-24,,,16.0,
2023-07-01,,,13.0,
2023-07-08,,,7.0,
2023-07-15,,,16.0,
2023-07-22,,,23.0,
2023-07-29,,,13.0,
2023-08-05,,,7.0,
2023-08-12,,,12.0,
2023-08-19,,,15.0,
2023-08-26,,,14.0,
2023-09-02,,,15.0,
2023-09-09,,,20.0,
2023-09-16,,,11.0,
2023-09-23,,,26.0,
2023-09-30,,,22.0,
2021-10-09,,,6.0,
2021-10-16,,,2.0,
2021-10-23,,,3.0,
2021-10-30,,,7.0,
2021-11-06,,,5.0,
2021-11-13,,,7.0,
2021-11-20,,,9.0,
2021-11-27,,,10.0,
2021-12-04,,,37.0,
2021-12-11,,,40.0,
2021-12-18,,,46.0,
2021-12-25,,,89.0,
2022-01-01,,,189.0,
2022-01-08,,,137.0,
2022-01-15,,,104.0,
2022-01-22,,,78.0,
2022-01-29,,,48.0,
2022-02-05,,,52.0,
2022-02-12,,,70.0,
2022-02-19,,,49.0,
2022-02-26,,,61.0,
2022-03-05,,,88.0,
2022-03-12,,,90.0,
2022-03-19,,,108.0,
2022-03-26,,,128.0,
2022-04-02,,,187.0,
2022-04-09,,,162.0,
2022-04-16,,,188.0,
2022-04-23,,,220.0,
2022-04-30,,,198.0,
2022-05-07,,,298.0,
2022-05-14,,,216.0,
2022-05-21,,,150.0,
2022-05-28,,,111.0,
2022-06-04,,,115.0,
2022-06-11,,,62.0,
2022-06-18,,,32.0,
2022-06-25,,,14.0,
2022-07-02,,,24.0,
2022-07-09,,,15.0,
2022-07-16,,,15.0,
2022-07-23,,,17.0,
2022-07-30,,,19.0,
2022-08-06,,,18.0,
2022-08-13,,,20.0,
2022-08-20,,,19.0,
2022-08-27,,,8.0,
2022-09-03,,,10.0,
2022-09-10,,,10.0,
2022-09-17,,,11.0,
2022-09-24,,,13.0,
2022-10-01,,,15.0,
2020-10-03,48,Texas,,
2020-10-10,48,Texas,,
2020-10-17,48,Texas,3.0,0.00958747308436775
2020-10-24,48,Texas,66.0,0.21092440785609048
2020-10-31,48,Texas,134.0,0.42824046443509284
2020-11-07,48,Texas,177.0,0.5656609119776972
2020-11-14,48,Texas,171.0,0.5464859658089617
2020-11-21,48,Texas,184.0,0.5880316825078886
2020-11-28,48,Texas,221.0,0.7062771838817575
2020-12-05,48,Texas,247.0,0.7893686172796114
2020-12-12,48,Texas,217.0,0.6934938864359339
2020-12-19,48,Texas,263.0,0.8405018070629061
2020-12-26,48,Texas,263.0,0.8405018070629061
2021-01-02,48,Texas,250.0,0.7989560903639792
2021-01-09,48,Texas,126.0,0.4026738695434455
2021-01-16,48,Texas,118.0,0.37710727465179816
2021-01-23,48,Texas,337.0,1.0769928098106438
2021-01-30,48,Texas,121.0,0.3866947477361659
2021-02-06,48,Texas,146.0,0.46659035677256383
2021-02-13,48,Texas,120.0,0.38349892337471
2021-02-20,48,Texas,107.0,0.34195320667578305
2021-02-27,48,Texas,77.0,0.24607847583210557
2021-03-06,48,Texas,81.0,0.25886177327792925
2021-03-13,48,Texas,120.0,0.38349892337471
2021-03-20,48,Texas,49.0,0.1565953937113399
2021-03-27,48,Texas,55.0,0.1757703398800754
2021-04-03,48,Texas,55.0,0.1757703398800754
2021-04-10,48,Texas,61.0,0.19494528604881092
2021-04-17,48,Texas,41.0,0.1310287988196926
2021-04-24,48,Texas,51.0,0.16298704243425174
2021-05-01,48,Texas,50.0,0.15979121807279584
2021-05-08,48,Texas,36.0,0.115049677012413
2021-05-15,48,Texas,35.0,0.11185385265095708
2021-05-22,48,Texas,41.0,0.1310287988196926
2021-05-29,48,Texas,38.0,0.12144132573532483
2021-06-05,48,Texas,45.0,0.14381209626551625
2021-06-12,48,Texas,39.0,0.12463715009678075
2021-06-19,48,Texas,34.0,0.10865802828950116
2021-06-26,48,Texas,36.0,0.115049677012413
2021-07-03,48,Texas,54.0,0.1725745155186195
2021-07-10,48,Texas,76.0,0.24288265147064966
2021-07-17,48,Texas,84.0,0.268449246362297
2021-07-24,48,Texas,74.0,0.23649100274773782
2021-07-31,48,Texas,41.0,0.1310287988196926
2021-08-07,48,Texas,25.0,0.07989560903639792
2021-08-14,48,Texas,16.0,0.05113318978329467
2021-08-21,48,Texas,14.0,0.04474154106038283
2021-08-28,48,Texas,11.0,0.035154067976015085
2021-09-04,48,Texas,15.0,0.04793736542183875
2021-09-11,48,Texas,20.0,0.06391648722911833
2021-09-18,48,Texas,17.0,0.05432901414475058
2021-09-25,48,Texas,13.0,0.04154571669892691
2021-10-02,48,Texas,15.0,0.04793736542183875
2025-10-04,48,Texas,101.0,0.32277826050704755
2025-10-11,48,Texas,131.0,0.4186529913507251
2025-10-18,48,Texas,135.0,0.4314362887965487
2025-10-25,48,Texas,139.0,0.4442195862423724
2025-11-01,48,Texas,169.0,0.5400943170860499
2025-11-08,48,Texas,232.0,0.7414312518577727
2025-11-15,48,Texas,295.0,0.9427681866294954
2025-11-22,48,Texas,442.0,1.412554367763515
2025-11-29,48,Texas,591.0,1.8887321976204468
2025-12-06,48,Texas,690.0,2.2051188094045826
2025-12-13,48,Texas,959.0,3.064795562636224
2025-12-20,48,Texas,1677.0,5.359397454161572
2025-12-27,48,Texas,2834.0,9.056966240366068
2026-01-03,48,Texas,2385.0,7.622041102072361
2026-01-10,48,Texas,1829.0,5.845162757102871
2026-01-17,48,Texas,1208.0,3.860555828638747
2026-01-24,48,Texas,1375.0,4.394258497001886
2026-01-31,48,Texas,1315.0,4.20250903531453
2026-02-07,48,Texas,1387.0,4.432608389339356
2026-02-14,48,Texas,1342.0,4.28879629307384
2026-02-21,48,Texas,1037.0,3.3140698628297853
2026-02-28,48,Texas,779.0,2.489547177574159
2026-03-07,48,Texas,721.0,2.304189364609716
2026-03-14,48,Texas,431.0,1.3774002997875001
2026-03-21,48,Texas,410.0,1.3102879881969258
2026-03-28,48,Texas,242.0,0.7733894954723318
2026-04-04,48,Texas,174.0,0.5560734388933295
2026-04-11,48,Texas,124.0,0.39628222082053366
2026-04-18,48,Texas,110.0,0.3515406797601508
2020-08-08,06,California,,
2020-08-15,06,California,,
2020-08-22,06,California,,
2020-08-29,06,California,,
2020-09-05,06,California,,
2020-09-12,06,California,,
2020-09-19,06,California,,
2020-09-26,06,California,,
2020-08-08,09,Connecticut,,
2020-08-15,09,Connecticut,,
2020-08-22,09,Connecticut,,
2020-08-29,09,Connecticut,,
2020-09-05,09,Connecticut,,
2020-09-12,09,Connecticut,,
2020-09-19,09,Connecticut,,
2020-09-26,09,Connecticut,0.0,0.0
2025-10-04,12,Florida,142.0,0.607559018261641
2025-10-11,12,Florida,171.0,0.7316379726953565
2025-10-18,12,Florida,196.0,0.8386025885864904
2025-10-25,12,Florida,221.0,0.9455672044776244
2025-11-01,12,Florida,236.0,1.0097459740123047
2025-11-08,12,Florida,301.0,1.287853975329253
2025-11-15,12,Florida,388.0,1.6600908386303994
2025-11-22,12,Florida,619.0,2.6484438894644775
2025-11-29,12,Florida,729.0,3.119088199385467
2025-12-06,12,Florida,881.0,3.7694330640035614
2025-12-13,12,Florida,912.0,3.902069187708568
2025-12-20,12,Florida,1536.0,6.571906000351272
2025-12-27,12,Florida,2185.0,9.34870742888511
2026-01-03,12,Florida,2604.0,11.141434391220516
2026-01-10,12,Florida,2469.0,10.563825465408392
2026-01-17,12,Florida,1788.0,7.650109328533902
2026-01-24,12,Florida,1533.0,6.559070246444335
2026-01-31,12,Florida,1571.0,6.721656462598859
2026-02-07,12,Florida,1922.0,8.22343966971038
2026-02-14,12,Florida,2476.0,10.59377555785791
2026-02-21,12,Florida,2018.0,8.634183794732335
2026-02-28,12,Florida,1296.0,5.545045687796385
2026-03-07,12,Florida,1034.0,4.424056513257302
2026-03-14,12,Florida,732.0,3.131923953292403
2026-03-21,12,Florida,490.0,2.096506471466226
2026-03-28,12,Florida,330.0,1.4119329297629686
2026-04-04,12,Florida,197.0,0.8428811732221357
2026-04-11,12,Florida,149.0,0.6375091107111586
2026-04-18,12,Florida,144.0,0.6161161875329317
2024-10-05,17,Illinois,2.0,0.01573544561759185
2024-10-12,17,Illinois,1.0,0.007867722808795925
2024-10-19,17,Illinois,5.0,0.039338614043979626
2024-10-26,17,Illinois,12.0,0.0944126737055511
2024-11-02,17,Illinois,27.0,0.21242851583748998
2024-11-09,17,Illinois,36.0,0.2832380211166533
2024-11-16,17,Illinois,34.0,0.2675025754990615
2024-11-23,17,Illinois,86.0,0.6766241615564496
2024-11-30,17,Illinois,83.0,0.6530209931300618
2024-12-07,17,Illinois,107.0,0.841846340541164
2024-12-14,17,Illinois,242.0,1.903988919728614
2024-12-21,17,Illinois,489.0,3.8473164535012074
2024-12-28,17,Illinois,1143.0,8.992807170453743
2025-01-04,17,Illinois,1595.0,12.549017880029501
2025-01-11,17,Illinois,1410.0,11.093489160402255
2025-01-18,17,Illinois,1383.0,10.881060644564764
2025-01-25,17,Illinois,1728.0,13.595425013599359
2025-02-01,17,Illinois,2146.0,16.884133147676057
2025-02-08,17,Illinois,2369.0,18.63863533403755
2025-02-15,17,Illinois,2064.0,16.23897987735479
2025-02-22,17,Illinois,1706.0,13.422335111805848
2025-03-01,17,Illinois,1311.0,10.314584602331458
2025-03-08,17,Illinois,960.0,7.553013896444088
2025-03-15,17,Illinois,718.0,5.6490249767154745
2025-03-22,17,Illinois,509.0,4.004670909677126
2025-03-29,17,Illinois,355.0,2.7930415971225533
2025-04-05,17,Illinois,297.0,2.33671367421239
2025-04-12,17,Illinois,156.0,1.2273647581721643
2025-04-19,17,Illinois,156.0,1.2273647581721643
2025-04-26,17,Illinois,124.0,0.9755976282906947
2025-05-03,17,Illinois,81.0,0.6372855475124699
2025-05-10,17,Illinois,58.0,0.45632792291016366
2025-05-17,17,Illinois,52.0,0.40912158605738813
2025-05-24,17,Illinois,74.0,0.5822114878508985
2025-05-31,17,Illinois,56.0,0.44059247729257184
2025-06-07,17,Illinois,28.0,0.22029623864628592
2025-06-14,17,Illinois,24.0,0.1888253474111022
2025-06-21,17,Illinois,23.0,0.18095762460230627
2025-06-28,17,Illinois,33.0,0.25963485269026554
2025-07-05,17,Illinois,42.0,0.33044435796942884
2025-07-12,17,Illinois,30.0,0.23603168426387774
2025-07-19,17,Illinois,11.0,0.08654495089675518
2025-07-26,17,Illinois,7.0,0.05507405966157148
2025-08-02,17,Illinois,14.0,0.11014811932314296
2025-08-09,17,Illinois,11.0,0.08654495089675518
2025-08-16,17,Illinois,16.0,0.1258835649407348
2025-08-23,17,Illinois,11.0,0.08654495089675518
2025-08-30,17,Illinois,7.0,0.05507405966157148
2025-09-06,17,Illinois,5.0,0.039338614043979626
2025-09-13,17,Illinois,12.0,0.0944126737055511
2025-09-20,17,Illinois,9.0,0.07080950527916333
2025-09-27,17,Illinois,7.0,0.05507405966157148
2022-10-08,21,Kentucky,7.0,0.15255955707165852
2022-10-15,21,Kentucky,23.0,0.5012671160925923
2022-10-22,21,Kentucky,13.0,0.2833248917045087
2022-10-29,21,Kentucky,66.0,1.438418680961352
2022-11-05,21,Kentucky,124.0,2.7024835824122366
2022-11-12,21,Kentucky,223.0,4.860111603854264
2022-11-19,21,Kentucky,291.0,6.342118729693233
2022-11-26,21,Kentucky,521.0,11.354789890619156
2022-12-03,21,Kentucky,849.0,18.5032948505483
2022-12-10,21,Kentucky,673.0,14.667511701318027
2022-12-17,21,Kentucky,429.0,9.349721426248788
2022-12-24,21,Kentucky,281.0,6.12417650530515
2022-12-31,21,Kentucky,243.0,5.295996052630432
2023-01-07,21,Kentucky,133.0,2.898631584361512
2023-01-14,21,Kentucky,63.0,1.373036013644927
2023-01-21,21,Kentucky,35.0,0.7627977853582927
2023-01-28,21,Kentucky,32.0,0.6974151180418676
2023-02-04,21,Kentucky,16.0,0.3487075590209338
2023-02-11,21,Kentucky,29.0,0.6320324507254425
2023-02-18,21,Kentucky,22.0,0.479472893653784
2023-02-25,21,Kentucky,7.0,0.15255955707165852
2023-03-04,21,Kentucky,11.0,0.239736446826892
2023-03-11,21,Kentucky,15.0,0.3269133365821254
2023-03-18,21,Kentucky,26.0,0.5666497834090174
2023-03-25,21,Kentucky,14.0,0.30511911414331705
2023-04-01,21,Kentucky,16.0,0.3487075590209338
2023-04-08,21,Kentucky,19.0,0.41409022633735887
2023-04-15,21,Kentucky,23.0,0.5012671160925923
2023-04-22,21,Kentucky,12.0,0.26153066926570034
2023-04-29,21,Kentucky,4.0,0.08717688975523345
2023-05-06,21,Kentucky,16.0,0.3487075590209338
2023-05-13,21,Kentucky,15.0,0.3269133365821254
2023-05-20,21,Kentucky,11.0,0.239736446826892
2023-05-27,21,Kentucky,11.0,0.239736446826892
2023-06-03,21,Kentucky,5.0,0.1089711121940418
2023-06-10,21,Kentucky,5.0,0.1089711121940418
2023-06-17,21,Kentucky,8.0,0.1743537795104669
2023-06-24,21,Kentucky,6.0,0.13076533463285017
2023-07-01,21,Kentucky,5.0,0.1089711121940418
2023-07-08,21,Kentucky,8.0,0.1743537795104669
2023-07-15,21,Kentucky,6.0,0.13076533463285017
2023-07-22,21,Kentucky,3.0,0.06538266731642509
2023-07-29,21,Kentucky,9.0,0.19614800194927526
2023-08-05,21,Kentucky,9.0,0.19614800194927526
2023-08-12,21,Kentucky,5.0,0.1089711121940418
2023-08-19,21,Kentucky,12.0,0.26153066926570034
2023-08-26,21,Kentucky,7.0,0.15255955707165852
2023-09-02,21,Kentucky,10.0,0.2179422243880836
2023-09-09,21,Kentucky,19.0,0.41409022633735887
2023-09-16,21,Kentucky,5.0,0.1089711121940418
2023-09-23,21,Kentucky,13.0,0.2833248917045087
2023-09-30,21,Kentucky,14.0,0.30511911414331705
2020-08-08,29,Missouri,,
2020-08-15,29,Missouri,,
2020-08-22,29,Missouri,,
2020-08-29,29,Missouri,,
2020-09-05,29,Missouri,,
2020-09-12,29,Missouri,,
2020-09-19,29,Missouri,,
2020-09-26,29,Missouri,,
2023-10-07,28,Mississippi,29.0,0.9853739919029441
2023-10-14,28,Mississippi,22.0,0.7475250973056817
2023-10-21,28,Mississippi,20.0,0.6795682702778925
2023-10-28,28,Mississippi,17.0,0.5776330297362086
2023-11-04,28,Mississippi,30.0,1.0193524054168386
2023-11-11,28,Mississippi,38.0,1.2911797135279957
2023-11-18,28,Mississippi,46.0,1.5630070216391527
2023-11-25,28,Mississippi,47.0,1.5969854351530473
2023-12-02,28,Mississippi,77.0,2.616337840569886
2023-12-09,28,Mississippi,71.0,2.4124673594865182
2023-12-16,28,Mississippi,96.0,3.261927697333884
2023-12-23,28,Mississippi,200.0,6.795682702778924
2023-12-30,28,Mississippi,297.0,10.091588813626704
2024-01-06,28,Mississippi,263.0,8.936322754154286
2024-01-13,28,Mississippi,230.0,7.815035108195763
2024-01-20,28,Mississippi,158.0,5.368589335195351
2024-01-27,28,Mississippi,161.0,5.470524575737034
2024-02-03,28,Mississippi,111.0,3.771603900042303
2024-02-10,28,Mississippi,86.0,2.9221435621949374
2024-02-17,28,Mississippi,94.0,3.1939708703060945
2024-02-24,28,Mississippi,55.0,1.8688127432642043
2024-03-02,28,Mississippi,67.0,2.2765537054309397
2024-03-09,28,Mississippi,61.0,2.072683224347572
2024-03-16,28,Mississippi,55.0,1.8688127432642043
2024-03-23,28,Mississippi,45.0,1.529028608125258
2024-03-30,28,Mississippi,47.0,1.5969854351530473
2024-04-06,28,Mississippi,53.0,1.800855916236415
2024-04-13,28,Mississippi,38.0,1.2911797135279957
2024-04-20,28,Mississippi,25.0,0.8494603378473655
2024-04-27,28,Mississippi,21.0,0.7135466837917871
2024-05-04,28,Mississippi,20.0,0.6795682702778925
2024-05-11,28,Mississippi,14.0,0.4756977891945247
2024-05-18,28,Mississippi,22.0,0.7475250973056817
2024-05-25,28,Mississippi,8.0,0.27182730811115696
2024-06-01,28,Mississippi,13.0,0.4417193756806301
2024-06-08,28,Mississippi,11.0,0.37376254865284086
2024-06-15,28,Mississippi,13.0,0.4417193756806301
2024-06-22,28,Mississippi,16.0,0.5436546162223139
2024-06-29,28,Mississippi,6.0,0.20387048108336775
2024-07-06,28,Mississippi,3.0,0.10193524054168387
2024-07-13,28,Mississippi,6.0,0.20387048108336775
2024-07-20,28,Mississippi,7.0,0.23784889459726236
2024-07-27,28,Mississippi,12.0,0.4077409621667355
2024-08-03,28,Mississippi,14.0,0.4756977891945247
2024-08-10,28,Mississippi,16.0,0.5436546162223139
2024-08-17,28,Mississippi,7.0,0.23784889459726236
2024-08-24,28,Mississippi,8.0,0.27182730811115696
2024-08-31,28,Mississippi,15.0,0.5096762027084193
2024-09-07,28,Mississippi,9.0,0.3058057216250516
2024-09-14,28,Mississippi,19.0,0.6455898567639978
2024-09-21,28,Mississippi,16.0,0.5436546162223139
2024-09-28,28,Mississippi,7.0,0.23784889459726236
2020-08-08,30,Montana,,
2020-08-15,30,Montana,,
2020-08-22,30,Montana,,
2020-08-29,30,Montana,,
2020-09-05,30,Montana,,
2020-09-12,30,Montana,,
2020-09-19,30,Montana,,
2020-09-26,30,Montana,,
2023-10-07,37,North Carolina,36.0,0.3259091235000033
2023-10-14,37,North Carolina,20.0,0.1810606241666685
2023-10-21,37,North Carolina,17.0,0.15390153054166822
2023-10-28,37,North Carolina,20.0,0.1810606241666685
2023-11-04,37,North Carolina,40.0,0.362121248333337
2023-11-11,37,North Carolina,49.0,0.44359852920833776
2023-11-18,37,North Carolina,88.0,0.7966667463333413
2023-11-25,37,North Carolina,153.0,1.3851137748750137
2023-12-02,37,North Carolina,213.0,1.9282956473750192
2023-12-09,37,North Carolina,312.0,2.824545737000028
2023-12-16,37,North Carolina,402.0,3.6393185457500365
2023-12-23,37,North Carolina,733.0,6.6358718757084
2023-12-30,37,North Carolina,1076.0,9.741061580166765
2024-01-06,37,North Carolina,779.0,7.052311311291737
2024-01-13,37,North Carolina,505.0,4.571780760208379
2024-01-20,37,North Carolina,310.0,2.8064396745833613
2024-01-27,37,North Carolina,308.0,2.7883336121666944
2024-02-03,37,North Carolina,255.0,2.3085229581250233
2024-02-10,37,North Carolina,174.0,1.5752274302500158
2024-02-17,37,North Carolina,179.0,1.6204925862916828
2024-02-24,37,North Carolina,160.0,1.448484993333348
2024-03-02,37,North Carolina,160.0,1.448484993333348
2024-03-09,37,North Carolina,132.0,1.195000119500012
2024-03-16,37,North Carolina,94.0,0.8509849335833418
2024-03-23,37,North Carolina,83.0,0.7514015902916742
2024-03-30,37,North Carolina,88.0,0.7966667463333413
2024-04-06,37,North Carolina,77.0,0.6970834030416736
2024-04-13,37,North Carolina,55.0,0.4979167164583383
2024-04-20,37,North Carolina,23.0,0.20821971779166876
2024-04-27,37,North Carolina,13.0,0.11768940570833451
2024-05-04,37,North Carolina,8.0,0.07242424966666738
2024-05-11,37,North Carolina,0.0,0.0
2024-05-18,37,North Carolina,0.0,0.0
2024-05-25,37,North Carolina,0.0,0.0
2024-06-01,37,North Carolina,0.0,0.0
2024-06-08,37,North Carolina,0.0,0.0
2024-06-15,37,North Carolina,0.0,0.0
2024-06-22,37,North Carolina,0.0,0.0
2024-06-29,37,North Carolina,0.0,0.0
2024-07-06,37,North Carolina,1.0,0.009053031208333423
2024-07-13,37,North Carolina,0.0,0.0
2024-07-20,37,North Carolina,2.0,0.018106062416666846
2024-07-27,37,North Carolina,0.0,0.0
2024-08-03,37,North Carolina,0.0,0.0
2024-08-10,37,North Carolina,1.0,0.009053031208333423
2024-08-17,37,North Carolina,0.0,0.0
2024-08-24,37,North Carolina,0.0,0.0
2024-08-31,37,North Carolina,0.0,0.0
2024-09-07,37,North Carolina,0.0,0.0
2024-09-14,37,North Carolina,0.0,0.0
2024-09-21,37,North Carolina,0.0,0.0
2024-09-28,37,North Carolina,0.0,0.0
2021-10-09,31,Nebraska,0.0,0.0
2021-10-16,31,Nebraska,1.0,0.04986374731047413
2021-10-23,31,Nebraska,0.0,0.0
2021-10-30,31,Nebraska,0.0,0.0
2021-11-06,31,Nebraska,0.0,0.0
2021-11-13,31,Nebraska,1.0,0.04986374731047413
2021-11-20,31,Nebraska,0.0,0.0
2021-11-27,31,Nebraska,3.0,0.1495912419314224
2021-12-04,31,Nebraska,18.0,0.8975474515885343
2021-12-11,31,Nebraska,22.0,1.0970024408304309
2021-12-18,31,Nebraska,11.0,0.5485012204152154
2021-12-25,31,Nebraska,30.0,1.495912419314224
2022-01-01,31,Nebraska,42.0,2.0942773870399134
2022-01-08,31,Nebraska,31.0,1.545776166624698
2022-01-15,31,Nebraska,28.0,1.3961849246932756
2022-01-22,31,Nebraska,18.0,0.8975474515885343
2022-01-29,31,Nebraska,24.0,1.1967299354513792
2022-02-05,31,Nebraska,34.0,1.6953674085561203
2022-02-12,31,Nebraska,29.0,1.4460486720037498
2022-02-19,31,Nebraska,32.0,1.5956399139351722
2022-02-26,31,Nebraska,40.0,1.994549892418965
2022-03-05,31,Nebraska,53.0,2.6427786074551287
2022-03-12,31,Nebraska,43.0,2.1441411343503876
2022-03-19,31,Nebraska,61.0,3.041688585938922
2022-03-26,31,Nebraska,60.0,2.991824838628448
2022-04-02,31,Nebraska,25.0,1.2465936827618533
2022-04-09,31,Nebraska,35.0,1.7452311558665945
2022-04-16,31,Nebraska,29.0,1.4460486720037498
2022-04-23,31,Nebraska,16.0,0.7978199569675861
2022-04-30,31,Nebraska,16.0,0.7978199569675861
2022-05-07,31,Nebraska,6.0,0.2991824838628448
2022-05-14,31,Nebraska,4.0,0.19945498924189653
2022-05-21,31,Nebraska,7.0,0.3490462311733189
2022-05-28,31,Nebraska,3.0,0.1495912419314224
2022-06-04,31,Nebraska,6.0,0.2991824838628448
2022-06-11,31,Nebraska,9.0,0.44877372579426716
2022-06-18,31,Nebraska,3.0,0.1495912419314224
2022-06-25,31,Nebraska,6.0,0.2991824838628448
2022-07-02,31,Nebraska,9.0,0.44877372579426716
2022-07-09,31,Nebraska,5.0,0.24931873655237063
2022-07-16,31,Nebraska,7.0,0.3490462311733189
2022-07-23,31,Nebraska,1.0,0.04986374731047413
2022-07-30,31,Nebraska,3.0,0.1495912419314224
2022-08-06,31,Nebraska,3.0,0.1495912419314224
2022-08-13,31,Nebraska,0.0,0.0
2022-08-20,31,Nebraska,6.0,0.2991824838628448
2022-08-27,31,Nebraska,9.0,0.44877372579426716
2022-09-03,31,Nebraska,8.0,0.39890997848379306
2022-09-10,31,Nebraska,2.0,0.09972749462094826
2022-09-17,31,Nebraska,9.0,0.44877372579426716
2022-09-24,31,Nebraska,2.0,0.09972749462094826
2022-10-01,31,Nebraska,18.0,0.8975474515885343
2021-10-09,36,New York,11.0,0.05536750736689853
2021-10-16,36,New York,7.0,0.03523386832438997
2021-10-23,36,New York,10.0,0.05033409760627139
2021-10-30,36,New York,13.0,0.0654343268881528
2021-11-06,36,New York,17.0,0.08556796593066136
2021-11-13,36,New York,16.0,0.08053455617003422
2021-11-20,36,New York,23.0,0.11576842449442419
2021-11-27,36,New York,24.0,0.12080183425505132
2021-12-04,36,New York,41.0,0.2063698001857127
2021-12-11,36,New York,79.0,0.39763937108954395
2021-12-18,36,New York,82.0,0.4127396003714254
2021-12-25,36,New York,61.0,0.30703799539825544
2022-01-01,36,New York,69.0,0.34730527348327256
2022-01-08,36,New York,29.0,0.14596888305818703
2022-01-15,36,New York,42.0,0.21140320994633982
2022-01-22,36,New York,27.0,0.13590206353693274
2022-01-29,36,New York,18.0,0.0906013756912885
2022-02-05,36,New York,15.0,0.07550114640940708
2022-02-12,36,New York,23.0,0.11576842449442419
2022-02-19,36,New York,39.0,0.19630298066445842
2022-02-26,36,New York,29.0,0.14596888305818703
2022-03-05,36,New York,57.0,0.2869043563557469
2022-03-12,36,New York,51.0,0.25670389779198405
2022-03-19,36,New York,84.0,0.42280641989267964
2022-03-26,36,New York,85.0,0.4278398296533068
2022-04-02,36,New York,163.0,0.8204457909822236
2022-04-09,36,New York,195.0,0.9815149033222921
2022-04-16,36,New York,226.0,1.1375506059017333
2022-04-23,36,New York,275.0,1.3841876841724632
2022-04-30,36,New York,271.0,1.3640540451299545
2022-05-07,36,New York,231.0,1.162717654704869
2022-05-14,36,New York,188.0,0.9462810349979021
2022-05-21,36,New York,182.0,0.9160805764341392
2022-05-28,36,New York,155.0,0.7801785128972065
2022-06-04,36,New York,124.0,0.6241428103177652
2022-06-11,36,New York,103.0,0.5184412053445953
2022-06-18,36,New York,92.0,0.46307369797769676
2022-06-25,36,New York,65.0,0.327171634440764
2022-07-02,36,New York,45.0,0.22650343922822125
2022-07-09,36,New York,36.0,0.181202751382577
2022-07-16,36,New York,38.0,0.19126957090383126
2022-07-23,36,New York,10.0,0.05033409760627139
2022-07-30,36,New York,17.0,0.08556796593066136
2022-08-06,36,New York,11.0,0.05536750736689853
2022-08-13,36,New York,11.0,0.05536750736689853
2022-08-20,36,New York,16.0,0.08053455617003422
2022-08-27,36,New York,24.0,0.12080183425505132
2022-09-03,36,New York,23.0,0.11576842449442419
2022-09-10,36,New York,15.0,0.07550114640940708
2022-09-17,36,New York,20.0,0.10066819521254278
2022-09-24,36,New York,21.0,0.10570160497316991
2022-10-01,36,New York,28.0,0.14093547329755987
2020-10-03,40,Oklahoma,,
2020-10-10,40,Oklahoma,0.0,0.0
2020-10-17,40,Oklahoma,0.0,0.0
2020-10-24,40,Oklahoma,12.0,0.29301217245817435
2020-10-31,40,Oklahoma,9.0,0.21975912934363076
2020-11-07,40,Oklahoma,9.0,0.21975912934363076
2020-11-14,40,Oklahoma,16.0,0.3906828966108991
2020-11-21,40,Oklahoma,8.0,0.19534144830544956
2020-11-28,40,Oklahoma,11.0,0.26859449141999314
2020-12-05,40,Oklahoma,21.0,0.5127713018018051
2020-12-12,40,Oklahoma,7.0,0.17092376726726838
2020-12-19,40,Oklahoma,23.0,0.5616066638781675
2020-12-26,40,Oklahoma,10.0,0.24417681038181197
2021-01-02,40,Oklahoma,22.0,0.5371889828399863
2021-01-09,40,Oklahoma,18.0,0.4395182586872615
2021-01-16,40,Oklahoma,9.0,0.21975912934363076
2021-01-23,40,Oklahoma,3.0,0.07325304311454359
2021-01-30,40,Oklahoma,9.0,0.21975912934363076
2021-02-06,40,Oklahoma,9.0,0.21975912934363076
2021-02-13,40,Oklahoma,2.0,0.04883536207636239
2021-02-20,40,Oklahoma,9.0,0.21975912934363076
2021-02-27,40,Oklahoma,10.0,0.24417681038181197
2021-03-06,40,Oklahoma,10.0,0.24417681038181197
2021-03-13,40,Oklahoma,3.0,0.07325304311454359
2021-03-20,40,Oklahoma,5.0,0.12208840519090598
2021-03-27,40,Oklahoma,4.0,0.09767072415272478
2021-04-03,40,Oklahoma,16.0,0.3906828966108991
2021-04-10,40,Oklahoma,8.0,0.19534144830544956
2021-04-17,40,Oklahoma,10.0,0.24417681038181197
2021-04-24,40,Oklahoma,5.0,0.12208840519090598
2021-05-01,40,Oklahoma,5.0,0.12208840519090598
2021-05-08,40,Oklahoma,8.0,0.19534144830544956
2021-05-15,40,Oklahoma,9.0,0.21975912934363076
2021-05-22,40,Oklahoma,8.0,0.19534144830544956
2021-05-29,40,Oklahoma,10.0,0.24417681038181197
2021-06-05,40,Oklahoma,9.0,0.21975912934363076
2021-06-12,40,Oklahoma,5.0,0.12208840519090598
2021-06-19,40,Oklahoma,6.0,0.14650608622908717
2021-06-26,40,Oklahoma,7.0,0.17092376726726838
2021-07-03,40,Oklahoma,5.0,0.12208840519090598
2021-07-10,40,Oklahoma,6.0,0.14650608622908717
2021-07-17,40,Oklahoma,9.0,0.21975912934363076
2021-07-24,40,Oklahoma,8.0,0.19534144830544956
2021-07-31,40,Oklahoma,9.0,0.21975912934363076
2021-08-07,40,Oklahoma,23.0,0.5616066638781675
2021-08-14,40,Oklahoma,10.0,0.24417681038181197
2021-08-21,40,Oklahoma,4.0,0.09767072415272478
2021-08-28,40,Oklahoma,8.0,0.19534144830544956
2021-09-04,40,Oklahoma,10.0,0.24417681038181197
2021-09-11,40,Oklahoma,12.0,0.29301217245817435
2021-09-18,40,Oklahoma,7.0,0.17092376726726838
2021-09-25,40,Oklahoma,12.0,0.29301217245817435
2021-10-02,40,Oklahoma,2.0,0.04883536207636239
2020-10-03,44,Rhode Island,,
2020-10-10,44,Rhode Island,,
2020-10-17,44,Rhode Island,,
2020-10-24,44,Rhode Island,2.0,0.17980631264002417
2020-10-31,44,Rhode Island,3.0,0.2697094689600362
2020-11-07,44,Rhode Island,2.0,0.17980631264002417
2020-11-14,44,Rhode Island,0.0,0.0
2020-11-21,44,Rhode Island,0.0,0.0
2020-11-28,44,Rhode Island,0.0,0.0
2020-12-05,44,Rhode Island,0.0,0.0
2020-12-12,44,Rhode Island,0.0,0.0
2020-12-19,44,Rhode Island,0.0,0.0
2020-12-26,44,Rhode Island,0.0,0.0
2021-01-02,44,Rhode Island,0.0,0.0
2021-01-09,44,Rhode Island,0.0,0.0
2021-01-16,44,Rhode Island,0.0,0.0
2021-01-23,44,Rhode Island,0.0,0.0
2021-01-30,44,Rhode Island,0.0,0.0
2021-02-06,44,Rhode Island,0.0,0.0
2021-02-13,44,Rhode Island,0.0,0.0
2021-02-20,44,Rhode Island,0.0,0.0
2021-02-27,44,Rhode Island,0.0,0.0
2021-03-06,44,Rhode Island,0.0,0.0
2021-03-13,44,Rhode Island,0.0,0.0
2021-03-20,44,Rhode Island,0.0,0.0
2021-03-27,44,Rhode Island,0.0,0.0
2021-04-03,44,Rhode Island,0.0,0.0
2021-04-10,44,Rhode Island,0.0,0.0
2021-04-17,44,Rhode Island,0.0,0.0
2021-04-24,44,Rhode Island,0.0,0.0
2021-05-01,44,Rhode Island,0.0,0.0
2021-05-08,44,Rhode Island,0.0,0.0
2021-05-15,44,Rhode Island,0.0,0.0
2021-05-22,44,Rhode Island,0.0,0.0
2021-05-29,44,Rhode Island,0.0,0.0
2021-06-05,44,Rhode Island,0.0,0.0
2021-06-12,44,Rhode Island,0.0,0.0
2021-06-19,44,Rhode Island,0.0,0.0
2021-06-26,44,Rhode Island,0.0,0.0
2021-07-03,44,Rhode Island,0.0,0.0
2021-07-10,44,Rhode Island,0.0,0.0
2021-07-17,44,Rhode Island,0.0,0.0
2021-07-24,44,Rhode Island,0.0,0.0
2021-07-31,44,Rhode Island,0.0,0.0
2021-08-07,44,Rhode Island,0.0,0.0
2021-08-14,44,Rhode Island,0.0,0.0
2021-08-21,44,Rhode Island,0.0,0.0
2021-08-28,44,Rhode Island,0.0,0.0
2021-09-04,44,Rhode Island,0.0,0.0
2021-09-11,44,Rhode Island,0.0,0.0
2021-09-18,44,Rhode Island,0.0,0.0
2021-09-25,44,Rhode Island,0.0,0.0
2021-10-02,44,Rhode Island,0.0,0.0
2025-10-04,,,103.0,
2025-10-11,,,91.0,
2025-10-18,,,151.0,
2025-10-25,,,109.0,
2025-11-01,,,155.0,
2025-11-08,,,218.0,
2025-11-15,,,363.0,
2025-11-22,,,582.0,
2025-11-29,,,1027.0,
2025-12-06,,,1717.0,
2025-12-13,,,2733.0,
2025-12-20,,,4499.0,
2025-12-27,,,5691.0,
2026-01-03,,,5902.0,
2026-01-10,,,3896.0,
2026-01-17,,,2180.0,
2026-01-24,,,1293.0,
2026-01-31,,,890.0,
2026-02-07,,,646.0,
2026-02-14,,,591.0,
2026-02-21,,,730.0,
2026-02-28,,,639.0,
2026-03-07,,,520.0,
2026-03-14,,,562.0,
2026-03-21,,,561.0,
2026-03-28,,,273.0,
2026-04-04,,,354.0,
2026-04-11,,,254.0,
2026-04-18,,,217.0,
2020-08-08,,,0.0,
2020-08-15,,,0.0,
2020-08-22,,,0.0,
2020-08-29,,,0.0,
2020-09-05,,,0.0,
2020-09-12,,,0.0,
2020-09-19,,,0.0,
2020-09-26,,,0.0,
2022-10-08,,,147.0,
2022-10-15,,,121.0,
2022-10-22,,,164.0,
2022-10-29,,,245.0,
2022-11-05,,,540.0,
2022-11-12,,,1106.0,
2022-11-19,,,1985.0,
2022-11-26,,,3478.0,
2022-12-03,,,4446.0,
2022-12-10,,,3675.0,
2022-12-17,,,2515.0,
2022-12-24,,,2434.0,
2022-12-31,,,2294.0,
2023-01-07,,,1426.0,
2023-01-14,,,620.0,
2023-01-21,,,349.0,
2023-01-28,,,204.0,
2023-02-04,,,191.0,
2023-02-11,,,171.0,
2023-02-18,,,127.0,
2023-02-25,,,131.0,
2023-03-04,,,116.0,
2023-03-11,,,96.0,
2023-03-18,,,128.0,
2023-03-25,,,81.0,
2023-04-01,,,64.0,
2023-04-08,,,94.0,
2023-04-15,,,90.0,
2023-04-22,,,76.0,
2023-04-29,,,72.0,
2023-05-06,,,64.0,
2023-05-13,,,95.0,
2023-05-20,,,85.0,
2023-05-27,,,94.0,
2023-06-03,,,124.0,
2023-06-10,,,124.0,
2023-06-17,,,103.0,
2023-06-24,,,92.0,
2023-07-01,,,96.0,
2023-07-08,,,74.0,
2023-07-15,,,98.0,
2023-07-22,,,64.0,
2023-07-29,,,61.0,
2023-08-05,,,67.0,
2023-08-12,,,55.0,
2023-08-19,,,47.0,
2023-08-26,,,58.0,
2023-09-02,,,66.0,
2023-09-09,,,61.0,
2023-09-16,,,62.0,
2023-09-23,,,67.0,
2023-09-30,,,82.0,
2023-10-07,,,76.0,
2023-10-14,,,107.0,
2023-10-21,,,127.0,
2023-10-28,,,155.0,
2023-11-04,,,179.0,
2023-11-11,,,411.0,
2023-11-18,,,617.0,
2023-11-25,,,735.0,
2023-12-02,,,1027.0,
2023-12-09,,,1366.0,
2023-12-16,,,1822.0,
2023-12-23,,,2899.0,
2023-12-30,,,3138.0,
2024-01-06,,,2562.0,
2024-01-13,,,1963.0,
2024-01-20,,,1882.0,
2024-01-27,,,1447.0,
2024-02-03,,,957.0,
2024-02-10,,,700.0,
2024-02-17,,,607.0,
2024-02-24,,,563.0,
2024-03-02,,,514.0,
2024-03-09,,,384.0,
2024-03-16,,,370.0,
2024-03-23,,,330.0,
2024-03-30,,,311.0,
2024-04-06,,,284.0,
2024-04-13,,,302.0,
2024-04-20,,,274.0,
2024-04-27,,,296.0,
2024-05-04,,,169.0,
2024-05-11,,,126.0,
2024-05-18,,,130.0,
2024-05-25,,,112.0,
2024-06-01,,,131.0,
2024-06-08,,,114.0,
2024-06-15,,,133.0,
2024-06-22,,,114.0,
2024-06-29,,,75.0,
2024-07-06,,,71.0,
2024-07-13,,,73.0,
2024-07-20,,,58.0,
2024-07-27,,,42.0,
2024-08-03,,,44.0,
2024-08-10,,,47.0,
2024-08-17,,,51.0,
2024-08-24,,,44.0,
2024-08-31,,,50.0,
2024-09-07,,,31.0,
2024-09-14,,,50.0,
2024-09-21,,,36.0,
2024-09-28,,,42.0,
2022-10-08,51,Virginia,48.0,0.5447615221317881
2022-10-15,51,Virginia,53.0,0.6015075140205159
2022-10-22,51,Virginia,77.0,0.87388827508641
2022-10-29,51,Virginia,172.0,1.9520621209722404
2022-11-05,51,Virginia,307.0,3.484203901967894
2022-11-12,51,Virginia,339.0,3.847378250055753
2022-11-19,51,Virginia,262.0,2.973489974969343
2022-11-26,51,Virginia,380.0,4.312695383543322
2022-12-03,51,Virginia,495.0,5.617853196984064
2022-12-10,51,Virginia,368.0,4.176505003010375
2022-12-17,51,Virginia,286.0,3.245870736035237
2022-12-24,51,Virginia,269.0,3.052934363613562
2022-12-31,51,Virginia,279.0,3.1664263473910177
2023-01-07,51,Virginia,233.0,2.644363222014721
2023-01-14,51,Virginia,119.0,1.3505546069517245
2023-01-21,51,Virginia,72.0,0.817142283197682
2023-01-28,51,Virginia,60.0,0.680951902664735
2023-02-04,51,Virginia,62.0,0.7036502994202262
2023-02-11,51,Virginia,64.0,0.7263486961757174
2023-02-18,51,Virginia,57.0,0.6469043075314983
2023-02-25,51,Virginia,61.0,0.6923011010424807
2023-03-04,51,Virginia,57.0,0.6469043075314983
2023-03-11,51,Virginia,40.0,0.45396793510982336
2023-03-18,51,Virginia,60.0,0.680951902664735
2023-03-25,51,Virginia,50.0,0.5674599188872792
2023-04-01,51,Virginia,50.0,0.5674599188872792
2023-04-08,51,Virginia,54.0,0.6128567123982616
2023-04-15,51,Virginia,35.0,0.39722194322109544
2023-04-22,51,Virginia,45.0,0.5107139269985512
2023-04-29,51,Virginia,31.0,0.3518251497101131
2023-05-06,51,Virginia,52.0,0.5901583156427703
2023-05-13,51,Virginia,44.0,0.49936472862080566
2023-05-20,51,Virginia,35.0,0.39722194322109544
2023-05-27,51,Virginia,50.0,0.5674599188872792
2023-06-03,51,Virginia,36.0,0.408571141598841
2023-06-10,51,Virginia,27.0,0.3064283561991308
2023-06-17,51,Virginia,27.0,0.3064283561991308
2023-06-24,51,Virginia,22.0,0.24968236431040283
2023-07-01,51,Virginia,39.0,0.44261873673207774
2023-07-08,51,Virginia,39.0,0.44261873673207774
2023-07-15,51,Virginia,30.0,0.3404759513323675
2023-07-22,51,Virginia,22.0,0.24968236431040283
2023-07-29,51,Virginia,19.0,0.2156347691771661
2023-08-05,51,Virginia,31.0,0.3518251497101131
2023-08-12,51,Virginia,32.0,0.3631743480878587
2023-08-19,51,Virginia,35.0,0.39722194322109544
2023-08-26,51,Virginia,28.0,0.31777755457687634
2023-09-02,51,Virginia,30.0,0.3404759513323675
2023-09-09,51,Virginia,40.0,0.45396793510982336
2023-09-16,51,Virginia,31.0,0.3518251497101131
2023-09-23,51,Virginia,40.0,0.45396793510982336
2023-09-30,51,Virginia,54.0,0.6128567123982616
2025-10-04,54,West Virginia,0.0,0.0
2025-10-11,54,West Virginia,3.0,0.16949353636399075
2025-10-18,54,West Virginia,1.0,0.05649784545466359
2025-10-25,54,West Virginia,1.0,0.05649784545466359
2025-11-01,54,West Virginia,1.0,0.05649784545466359
2025-11-08,54,West Virginia,2.0,0.11299569090932718
2025-11-15,54,West Virginia,0.0,0.0
2025-11-22,54,West Virginia,2.0,0.11299569090932718
2025-11-29,54,West Virginia,10.0,0.5649784545466359
2025-12-06,54,West Virginia,19.0,1.073459063638608
2025-12-13,54,West Virginia,26.0,1.4689439818212533
2025-12-20,54,West Virginia,65.0,3.672359954553133
2025-12-27,54,West Virginia,192.0,10.847586327295408
2026-01-03,54,West Virginia,229.0,12.938006609117961
2026-01-10,54,West Virginia,203.0,11.469062627296708
2026-01-17,54,West Virginia,170.0,9.604633727292809
2026-01-24,54,West Virginia,186.0,10.508599254567427
2026-01-31,54,West Virginia,218.0,12.316530309116661
2026-02-07,54,West Virginia,154.0,8.700668200018193
2026-02-14,54,West Virginia,123.0,6.949234990923621
2026-02-21,54,West Virginia,147.0,8.305183281835546
2026-02-28,54,West Virginia,133.0,7.514213445470257
2026-03-07,54,West Virginia,102.0,5.7627802363756855
2026-03-14,54,West Virginia,105.0,5.932273772739676
2026-03-21,54,West Virginia,68.0,3.841853490917124
2026-03-28,54,West Virginia,24.0,1.355948290911926
2026-04-04,54,West Virginia,18.0,1.0169612181839445
2026-04-11,54,West Virginia,11.0,0.6214763000012995
2026-04-18,54,West Virginia,29.0,1.638437518185244
2022-10-08,56,Wyoming,1.0,0.17017858540752664
2022-10-15,56,Wyoming,2.0,0.3403571708150533
2022-10-22,56,Wyoming,2.0,0.3403571708150533
2022-10-29,56,Wyoming,4.0,0.6807143416301066
2022-11-05,56,Wyoming,7.0,1.1912500978526865
2022-11-12,56,Wyoming,10.0,1.7017858540752666
2022-11-19,56,Wyoming,36.0,6.12642907467096
2022-11-26,56,Wyoming,37.0,6.296607660078486
2022-12-03,56,Wyoming,69.0,11.74232239311934
2022-12-10,56,Wyoming,41.0,6.977322001708593
2022-12-17,56,Wyoming,39.0,6.63696483089354
2022-12-24,56,Wyoming,50.0,8.508929270376333
2022-12-31,56,Wyoming,51.0,8.67910785578386
2023-01-07,56,Wyoming,30.0,5.1053575622258
2023-01-14,56,Wyoming,16.0,2.7228573665204263
2023-01-21,56,Wyoming,13.0,2.2123216102978467
2023-01-28,56,Wyoming,5.0,0.8508929270376333
2023-02-04,56,Wyoming,6.0,1.02107151244516
2023-02-11,56,Wyoming,2.0,0.3403571708150533
2023-02-18,56,Wyoming,2.0,0.3403571708150533
2023-02-25,56,Wyoming,0.0,0.0
2023-03-04,56,Wyoming,1.0,0.17017858540752664
2023-03-11,56,Wyoming,2.0,0.3403571708150533
2023-03-18,56,Wyoming,2.0,0.3403571708150533
2023-03-25,56,Wyoming,0.0,0.0
2023-04-01,56,Wyoming,1.0,0.17017858540752664
2023-04-08,56,Wyoming,2.0,0.3403571708150533
2023-04-15,56,Wyoming,3.0,0.51053575622258
2023-04-22,56,Wyoming,0.0,0.0
2023-04-29,56,Wyoming,1.0,0.17017858540752664
2023-05-06,56,Wyoming,2.0,0.3403571708150533
2023-05-13,56,Wyoming,1.0,0.17017858540752664
2023-05-20,56,Wyoming,1.0,0.17017858540752664
2023-05-27,56,Wyoming,0.0,0.0
2023-06-03,56,Wyoming,1.0,0.17017858540752664
2023-06-10,56,Wyoming,1.0,0.17017858540752664
2023-06-17,56,Wyoming,1.0,0.17017858540752664
2023-06-24,56,Wyoming,1.0,0.17017858540752664
2023-07-01,56,Wyoming,9.0,1.53160726866774
2023-07-08,56,Wyoming,1.0,0.17017858540752664
2023-07-15,56,Wyoming,0.0,0.0
2023-07-22,56,Wyoming,0.0,0.0
2023-07-29,56,Wyoming,2.0,0.3403571708150533
2023-08-05,56,Wyoming,0.0,0.0
2023-08-12,56,Wyoming,1.0,0.17017858540752664
2023-08-19,56,Wyoming,0.0,0.0
2023-08-26,56,Wyoming,0.0,0.0
2023-09-02,56,Wyoming,0.0,0.0
2023-09-09,56,Wyoming,0.0,0.0
2023-09-16,56,Wyoming,0.0,0.0
2023-09-23,56,Wyoming,0.0,0.0
2023-09-30,56,Wyoming,2.0,0.3403571708150533
2025-10-04,02,Alaska,2.0,0.2702217033965517
2025-10-11,02,Alaska,0.0,0.0
2025-10-18,02,Alaska,0.0,0.0
2025-10-25,02,Alaska,1.0,0.13511085169827586
2025-11-01,02,Alaska,0.0,0.0
2025-11-08,02,Alaska,3.0,0.4053325550948276
2025-11-15,02,Alaska,0.0,0.0
2025-11-22,02,Alaska,3.0,0.4053325550948276
2025-11-29,02,Alaska,8.0,1.0808868135862069
2025-12-06,02,Alaska,13.0,1.756441072077586
2025-12-13,02,Alaska,13.0,1.756441072077586
2025-12-20,02,Alaska,45.0,6.079988326422413
2025-12-27,02,Alaska,86.0,11.619533246051724
2026-01-03,02,Alaska,75.0,10.13331387737069
2026-01-10,02,Alaska,46.0,6.215099178120689
2026-01-17,02,Alaska,38.0,5.134212364534482
2026-01-24,02,Alaska,26.0,3.512882144155172
2026-01-31,02,Alaska,28.0,3.783103847551724
2026-02-07,02,Alaska,16.0,2.1617736271724137
2026-02-14,02,Alaska,12.0,1.6213302203793103
2026-02-21,02,Alaska,8.0,1.0808868135862069
2026-02-28,02,Alaska,3.0,0.4053325550948276
2026-03-07,02,Alaska,15.0,2.0266627754741378
2026-03-14,02,Alaska,10.0,1.3511085169827586
2026-03-21,02,Alaska,9.0,1.2159976652844826
2026-03-28,02,Alaska,9.0,1.2159976652844826
2026-04-04,02,Alaska,7.0,0.945775961887931
2026-04-11,02,Alaska,8.0,1.0808868135862069
2026-04-18,02,Alaska,1.0,0.13511085169827586
2025-10-04,01,Alabama,21.0,0.4071583083851927
2025-10-11,01,Alabama,14.0,0.27143887225679514
2025-10-18,01,Alabama,12.0,0.2326618905058244
2025-10-25,01,Alabama,11.0,0.21327339963033903
2025-11-01,01,Alabama,15.0,0.2908273631322805
2025-11-08,01,Alabama,18.0,0.3489928357587366
2025-11-15,01,Alabama,31.0,0.6010432171400464
2025-11-22,01,Alabama,37.0,0.7173741623929586
2025-11-29,01,Alabama,46.0,0.8918705802723269
2025-12-06,01,Alabama,67.0,1.2990288886575196
2025-12-13,01,Alabama,104.0,2.016403051050478
2025-12-20,01,Alabama,275.0,5.331834990758476
2025-12-27,01,Alabama,498.0,9.655468455991713
2026-01-03,01,Alabama,501.0,9.713633928618169
2026-01-10,01,Alabama,316.0,6.126763116653376
2026-01-17,01,Alabama,206.0,3.9940291203499854
2026-01-24,01,Alabama,250.0,4.847122718871342
2026-01-31,01,Alabama,262.0,5.079784609377166
2026-02-07,01,Alabama,355.0,6.882914260797305
2026-02-14,01,Alabama,437.0,8.472770512587106
2026-02-21,01,Alabama,333.0,6.456367461536627
2026-02-28,01,Alabama,180.0,3.489928357587366
2026-03-07,01,Alabama,145.0,2.8113311769453784
2026-03-14,01,Alabama,105.0,2.0357915419259633
2026-03-21,01,Alabama,58.0,1.1245324707781512
2026-03-28,01,Alabama,45.0,0.8724820893968415
2026-04-04,01,Alabama,30.0,0.581654726264561
2026-04-11,01,Alabama,33.0,0.639820198891017
2026-04-18,01,Alabama,22.0,0.42654679926067807
2021-10-09,08,Colorado,1.0,0.016785584137488704
2021-10-16,08,Colorado,0.0,0.0
2021-10-23,08,Colorado,0.0,0.0
2021-10-30,08,Colorado,2.0,0.03357116827497741
2021-11-06,08,Colorado,4.0,0.06714233654995481
2021-11-13,08,Colorado,3.0,0.050356752412466114
2021-11-20,08,Colorado,2.0,0.03357116827497741
2021-11-27,08,Colorado,4.0,0.06714233654995481
2021-12-04,08,Colorado,16.0,0.26856934619981926
2021-12-11,08,Colorado,26.0,0.43642518757470633
2021-12-18,08,Colorado,32.0,0.5371386923996385
2021-12-25,08,Colorado,47.0,0.7889224544619692
2022-01-01,08,Colorado,65.0,1.091062968936766
2022-01-08,08,Colorado,29.0,0.48678193998717245
2022-01-15,08,Colorado,24.0,0.4028540192997289
2022-01-22,08,Colorado,9.0,0.15107025723739834
2022-01-29,08,Colorado,9.0,0.15107025723739834
2022-02-05,08,Colorado,12.0,0.20142700964986446
2022-02-12,08,Colorado,27.0,0.45321077171219504
2022-02-19,08,Colorado,16.0,0.26856934619981926
2022-02-26,08,Colorado,24.0,0.4028540192997289
2022-03-05,08,Colorado,21.0,0.3524972668872628
2022-03-12,08,Colorado,38.0,0.6378521972245708
2022-03-19,08,Colorado,55.0,0.9232071275618788
2022-03-26,08,Colorado,82.0,1.3764178992740739
2022-04-02,08,Colorado,121.0,2.0310556806361335
2022-04-09,08,Colorado,104.0,1.7457007502988253
2022-04-16,08,Colorado,139.0,2.33319619511093
2022-04-23,08,Colorado,179.0,3.0046195606104784
2022-04-30,08,Colorado,163.0,2.736050214410659
2022-05-07,08,Colorado,258.0,4.330680707472086
2022-05-14,08,Colorado,173.0,2.903906055785546
2022-05-21,08,Colorado,120.0,2.014270096498645
2022-05-28,08,Colorado,87.0,1.4603458199615174
2022-06-04,08,Colorado,75.0,1.2589188103116529
2022-06-11,08,Colorado,39.0,0.6546377813620595
2022-06-18,08,Colorado,25.0,0.4196396034372176
2022-06-25,08,Colorado,9.0,0.15107025723739834
2022-07-02,08,Colorado,13.0,0.21821259378735317
2022-07-09,08,Colorado,11.0,0.18464142551237575
2022-07-16,08,Colorado,9.0,0.15107025723739834
2022-07-23,08,Colorado,9.0,0.15107025723739834
2022-07-30,08,Colorado,8.0,0.13428467309990963
2022-08-06,08,Colorado,12.0,0.20142700964986446
2022-08-13,08,Colorado,10.0,0.16785584137488704
2022-08-20,08,Colorado,10.0,0.16785584137488704
2022-08-27,08,Colorado,1.0,0.016785584137488704
2022-09-03,08,Colorado,1.0,0.016785584137488704
2022-09-10,08,Colorado,2.0,0.03357116827497741
2022-09-17,08,Colorado,3.0,0.050356752412466114
2022-09-24,08,Colorado,4.0,0.06714233654995481
2022-10-01,08,Colorado,3.0,0.050356752412466114
2021-10-09,12,Florida,35.0,0.14975046224758756
2021-10-16,12,Florida,16.0,0.06845735417032575
2021-10-23,12,Florida,28.0,0.11980036979807006
2021-10-30,12,Florida,27.0,0.1155217851624247
2021-11-06,12,Florida,29.0,0.12407895443371542
2021-11-13,12,Florida,49.0,0.2096506471466226
2021-11-20,12,Florida,49.0,0.2096506471466226
2021-11-27,12,Florida,64.0,0.273829416681303
2021-12-04,12,Florida,62.0,0.26527224741001226
2021-12-11,12,Florida,81.0,0.3465653554872741
2021-12-18,12,Florida,83.0,0.3551225247585648
2021-12-25,12,Florida,103.0,0.440694217471472
2022-01-01,12,Florida,111.0,0.4749228945566349
2022-01-08,12,Florida,72.0,0.30805809376646587
2022-01-15,12,Florida,102.0,0.43641563283582663
2022-01-22,12,Florida,69.0,0.2952223398595298
2022-01-29,12,Florida,43.0,0.18397913933275045
2022-02-05,12,Florida,56.0,0.23960073959614012
2022-02-12,12,Florida,47.0,0.20109347787533188
2022-02-19,12,Florida,47.0,0.20109347787533188
2022-02-26,12,Florida,55.0,0.23532215496049474
2022-03-05,12,Florida,59.0,0.2524364935030762
2022-03-12,12,Florida,47.0,0.20109347787533188
2022-03-19,12,Florida,58.0,0.24815790886743083
2022-03-26,12,Florida,84.0,0.35940110939421016
2022-04-02,12,Florida,78.0,0.33372960158033804
2022-04-09,12,Florida,83.0,0.3551225247585648
2022-04-16,12,Florida,147.0,0.6289519414398678
2022-04-23,12,Florida,140.0,0.5990018489903502
2022-04-30,12,Florida,164.0,0.701687880245839
2022-05-07,12,Florida,213.0,0.9113385273924616
2022-05-14,12,Florida,278.0,1.1894465287094098
2022-05-21,12,Florida,371.0,1.5873548998244282
2022-05-28,12,Florida,516.0,2.2077496719930054
2022-06-04,12,Florida,663.0,2.836701613432873
2022-06-11,12,Florida,551.0,2.357500134240593
2022-06-18,12,Florida,460.0,1.9681489323968653
2022-06-25,12,Florida,302.0,1.2921325599648985
2022-07-02,12,Florida,208.0,0.8899456042142347
2022-07-09,12,Florida,161.0,0.6888521263389028
2022-07-16,12,Florida,124.0,0.5305444948200245
2022-07-23,12,Florida,89.0,0.380794032572437
2022-07-30,12,Florida,74.0,0.3166152630377566
2022-08-06,12,Florida,69.0,0.2952223398595298
2022-08-13,12,Florida,74.0,0.3166152630377566
2022-08-20,12,Florida,60.0,0.2567150781387216
2022-08-27,12,Florida,65.0,0.27810800131694835
2022-09-03,12,Florida,53.0,0.22676498568920403
2022-09-10,12,Florida,50.0,0.21392923178226797
2022-09-17,12,Florida,79.0,0.3380081862159834
2022-09-24,12,Florida,78.0,0.33372960158033804
2022-10-01,12,Florida,78.0,0.33372960158033804
2023-10-07,12,Florida,226.0,0.9669601276558512
2023-10-14,12,Florida,213.0,0.9113385273924616
2023-10-21,12,Florida,290.0,1.2407895443371542
2023-10-28,12,Florida,313.0,1.3391969909569974
2023-11-04,12,Florida,443.0,1.895412993590894
2023-11-11,12,Florida,462.0,1.976706101668156
2023-11-18,12,Florida,651.0,2.785358597805129
2023-11-25,12,Florida,701.0,2.999287829587397
2023-12-02,12,Florida,743.0,3.178988384284502
2023-12-09,12,Florida,759.0,3.247445738454828
2023-12-16,12,Florida,842.0,3.6025682632133926
2023-12-23,12,Florida,988.0,4.227241620017615
2023-12-30,12,Florida,1350.0,5.776089258121235
2024-01-06,12,Florida,1411.0,6.037082920895602
2024-01-13,12,Florida,1069.0,4.573806975504889
2024-01-20,12,Florida,907.0,3.880676264530341
2024-01-27,12,Florida,833.0,3.5640610014925844
2024-02-03,12,Florida,711.0,3.0420736759438505
2024-02-10,12,Florida,827.0,3.538389493678712
2024-02-17,12,Florida,677.0,2.896601798331908
2024-02-24,12,Florida,617.0,2.6398867201931866
2024-03-02,12,Florida,536.0,2.2933213647059127
2024-03-09,12,Florida,533.0,2.2804856107989764
2024-03-16,12,Florida,516.0,2.2077496719930054
2024-03-23,12,Florida,419.0,1.7927269623354056
2024-03-30,12,Florida,402.0,1.7199910235294344
2024-04-06,12,Florida,311.0,1.3306398216857067
2024-04-13,12,Florida,324.0,1.3862614219490963
2024-04-20,12,Florida,237.0,1.0140245586479502
2024-04-27,12,Florida,260.0,1.1124320052677934
2024-05-04,12,Florida,140.0,0.5990018489903502
2024-05-11,12,Florida,85.0,0.36367969402985556
2024-05-18,12,Florida,91.0,0.3893512018437277
2024-05-25,12,Florida,97.0,0.41502270965759985
2024-06-01,12,Florida,77.0,0.32945101694469264
2024-06-08,12,Florida,81.0,0.3465653554872741
2024-06-15,12,Florida,80.0,0.34228677085162873
2024-06-22,12,Florida,64.0,0.273829416681303
2024-06-29,12,Florida,62.0,0.26527224741001226
2024-07-06,12,Florida,56.0,0.23960073959614012
2024-07-13,12,Florida,78.0,0.33372960158033804
2024-07-20,12,Florida,59.0,0.2524364935030762
2024-07-27,12,Florida,41.0,0.17542197006145974
2024-08-03,12,Florida,54.0,0.2310435703248494
2024-08-10,12,Florida,42.0,0.17970055469710508
2024-08-17,12,Florida,45.0,0.19253630860404117
2024-08-24,12,Florida,41.0,0.17542197006145974
2024-08-31,12,Florida,38.0,0.16258621615452365
2024-09-07,12,Florida,55.0,0.23532215496049474
2024-09-14,12,Florida,79.0,0.3380081862159834
2024-09-21,12,Florida,44.0,0.1882577239683958
2024-09-28,12,Florida,46.0,0.1968148932396865
2021-10-09,16,Idaho,0.0,0.0
2021-10-16,16,Idaho,0.0,0.0
2021-10-23,16,Idaho,0.0,0.0
2021-10-30,16,Idaho,0.0,0.0
2021-11-06,16,Idaho,0.0,0.0
2021-11-13,16,Idaho,0.0,0.0
2021-11-20,16,Idaho,2.0,0.09991911547602216
2021-11-27,16,Idaho,2.0,0.09991911547602216
2021-12-04,16,Idaho,0.0,0.0
2021-12-11,16,Idaho,0.0,0.0
2021-12-18,16,Idaho,2.0,0.09991911547602216
2021-12-25,16,Idaho,2.0,0.09991911547602216
2022-01-01,16,Idaho,4.0,0.1998382309520443
2022-01-08,16,Idaho,4.0,0.1998382309520443
2022-01-15,16,Idaho,3.0,0.14987867321403325
2022-01-22,16,Idaho,1.0,0.04995955773801108
2022-01-29,16,Idaho,2.0,0.09991911547602216
2022-02-05,16,Idaho,1.0,0.04995955773801108
2022-02-12,16,Idaho,1.0,0.04995955773801108
2022-02-19,16,Idaho,1.0,0.04995955773801108
2022-02-26,16,Idaho,3.0,0.14987867321403325
2022-03-05,16,Idaho,1.0,0.04995955773801108
2022-03-12,16,Idaho,13.0,0.649474250594144
2022-03-19,16,Idaho,16.0,0.7993529238081772
2022-03-26,16,Idaho,14.0,0.6994338083321551
2022-04-02,16,Idaho,19.0,0.9492315970222105
2022-04-09,16,Idaho,20.0,0.9991911547602216
2022-04-16,16,Idaho,16.0,0.7993529238081772
2022-04-23,16,Idaho,17.0,0.8493124815461883
2022-04-30,16,Idaho,15.0,0.7493933660701662
2022-05-07,16,Idaho,13.0,0.649474250594144
2022-05-14,16,Idaho,16.0,0.7993529238081772
2022-05-21,16,Idaho,12.0,0.599514692856133
2022-05-28,16,Idaho,3.0,0.14987867321403325
2022-06-04,16,Idaho,10.0,0.4995955773801108
2022-06-11,16,Idaho,7.0,0.34971690416607754
2022-06-18,16,Idaho,5.0,0.2497977886900554
2022-06-25,16,Idaho,2.0,0.09991911547602216
2022-07-02,16,Idaho,3.0,0.14987867321403325
2022-07-09,16,Idaho,3.0,0.14987867321403325
2022-07-16,16,Idaho,4.0,0.1998382309520443
2022-07-23,16,Idaho,0.0,0.0
2022-07-30,16,Idaho,1.0,0.04995955773801108
2022-08-06,16,Idaho,2.0,0.09991911547602216
2022-08-13,16,Idaho,0.0,0.0
2022-08-20,16,Idaho,1.0,0.04995955773801108
2022-08-27,16,Idaho,0.0,0.0
2022-09-03,16,Idaho,3.0,0.14987867321403325
2022-09-10,16,Idaho,0.0,0.0
2022-09-17,16,Idaho,0.0,0.0
2022-09-24,16,Idaho,3.0,0.14987867321403325
2022-10-01,16,Idaho,3.0,0.14987867321403325
2023-10-07,25,Massachusetts,12.0,0.1681574054209183
2023-10-14,25,Massachusetts,16.0,0.22420987389455774
2023-10-21,25,Massachusetts,14.0,0.19618363965773802
2023-10-28,25,Massachusetts,28.0,0.39236727931547605
2023-11-04,25,Massachusetts,33.0,0.46243286490752533
2023-11-11,25,Massachusetts,32.0,0.4484197477891155
2023-11-18,25,Massachusetts,38.0,0.5324984504995747
2023-11-25,25,Massachusetts,67.0,0.9388788469334606
2023-12-02,25,Massachusetts,99.0,1.387298594722576
2023-12-09,25,Massachusetts,148.0,2.073941333524659
2023-12-16,25,Massachusetts,216.0,3.0268332975765295
2023-12-23,25,Massachusetts,317.0,4.442158126535925
2023-12-30,25,Massachusetts,554.0,7.763266883599062
2024-01-06,25,Massachusetts,634.0,8.88431625307185
2024-01-13,25,Massachusetts,518.0,7.258794667336307
2024-01-20,25,Massachusetts,401.0,5.619259964482353
2024-01-27,25,Massachusetts,391.0,5.479128793298255
2024-02-03,25,Massachusetts,446.0,6.249850234810797
2024-02-10,25,Massachusetts,432.0,6.053666595153059
2024-02-17,25,Massachusetts,512.0,7.174715964625848
2024-02-24,25,Massachusetts,463.0,6.488073225823765
2024-03-02,25,Massachusetts,508.0,7.118663496152208
2024-03-09,25,Massachusetts,402.0,5.6332730816007635
2024-03-16,25,Massachusetts,323.0,4.526236829246384
2024-03-23,25,Massachusetts,240.0,3.363148108418366
2024-03-30,25,Massachusetts,228.0,3.1949907029974476
2024-04-06,25,Massachusetts,227.0,3.180977585879038
2024-04-13,25,Massachusetts,177.0,2.480321729958545
2024-04-20,25,Massachusetts,127.0,1.779665874038052
2024-04-27,25,Massachusetts,69.0,0.9669050811702803
2024-05-04,25,Massachusetts,58.0,0.8127607928677718
2024-05-11,25,Massachusetts,48.0,0.6726296216836732
2024-05-18,25,Massachusetts,,
2024-05-25,25,Massachusetts,,
2024-06-01,25,Massachusetts,,
2024-06-08,25,Massachusetts,,
2024-06-15,25,Massachusetts,,
2024-06-22,25,Massachusetts,,
2024-06-29,25,Massachusetts,0.0,0.0
2024-07-06,25,Massachusetts,0.0,0.0
2024-07-13,25,Massachusetts,0.0,0.0
2024-07-20,25,Massachusetts,0.0,0.0
2024-07-27,25,Massachusetts,,
2024-08-03,25,Massachusetts,,
2024-08-10,25,Massachusetts,,
2024-08-17,25,Massachusetts,,
2024-08-24,25,Massachusetts,,
2024-08-31,25,Massachusetts,,
2024-09-07,25,Massachusetts,,
2024-09-14,25,Massachusetts,,
2024-09-21,25,Massachusetts,,
2024-09-28,25,Massachusetts,,
2025-10-04,25,Massachusetts,17.0,0.2382229910129676
2025-10-11,25,Massachusetts,5.0,0.0700655855920493
2025-10-18,25,Massachusetts,10.0,0.1401311711840986
2025-10-25,25,Massachusetts,13.0,0.18217052253932817
2025-11-01,25,Massachusetts,18.0,0.2522361081313775
2025-11-08,25,Massachusetts,20.0,0.2802623423681972
2025-11-15,25,Massachusetts,36.0,0.504472216262755
2025-11-22,25,Massachusetts,50.0,0.700655855920493
2025-11-29,25,Massachusetts,72.0,1.00894443252551
2025-12-06,25,Massachusetts,129.0,1.8076921082748718
2025-12-13,25,Massachusetts,220.0,3.0828857660501687
2025-12-20,25,Massachusetts,455.0,6.375968288876486
2025-12-27,25,Massachusetts,878.0,12.303516829963856
2026-01-03,25,Massachusetts,1197.0,16.773701190736602
2026-01-10,25,Massachusetts,856.0,11.995228253358839
2026-01-17,25,Massachusetts,479.0,6.712283099718323
2026-01-24,25,Massachusetts,243.0,3.405187459773596
2026-01-31,25,Massachusetts,222.0,3.1109120002869886
2026-02-07,25,Massachusetts,113.0,1.583482234380314
2026-02-14,25,Massachusetts,80.0,1.1210493694727888
2026-02-21,25,Massachusetts,84.0,1.1771018379464282
2026-02-28,25,Massachusetts,75.0,1.0509837838807394
2026-03-07,25,Massachusetts,77.0,1.079010018117559
2026-03-14,25,Massachusetts,54.0,0.7567083243941324
2026-03-21,25,Massachusetts,37.0,0.5184853333811648
2026-03-28,25,Massachusetts,43.0,0.6025640360916239
2026-04-04,25,Massachusetts,35.0,0.49045909914434505
2026-04-11,25,Massachusetts,45.0,0.6305902703284436
2026-04-18,25,Massachusetts,41.0,0.5745378018548042
2023-10-07,24,Maryland,3.0,0.04789868470211808
2023-10-14,24,Maryland,3.0,0.04789868470211808
2023-10-21,24,Maryland,9.0,0.14369605410635425
2023-10-28,24,Maryland,10.0,0.1596622823403936
2023-11-04,24,Maryland,15.0,0.2394934235105904
2023-11-11,24,Maryland,19.0,0.3033583364467478
2023-11-18,24,Maryland,27.0,0.4310881623190627
2023-11-25,24,Maryland,22.0,0.3512570211488659
2023-12-02,24,Maryland,60.0,0.9579736940423615
2023-12-09,24,Maryland,78.0,1.24536580225507
2023-12-16,24,Maryland,115.0,1.8361162469145265
2023-12-23,24,Maryland,207.0,3.3050092444461474
2023-12-30,24,Maryland,328.0,5.23692286076491
2024-01-06,24,Maryland,322.0,5.141125491360674
2024-01-13,24,Maryland,245.0,3.911725917339643
2024-01-20,24,Maryland,198.0,3.161313190339793
2024-01-27,24,Maryland,171.0,2.7302250280207305
2024-02-03,24,Maryland,113.0,1.8041837904464477
2024-02-10,24,Maryland,111.0,1.772251333978369
2024-02-17,24,Maryland,123.0,1.9638460727868412
2024-02-24,24,Maryland,118.0,1.8840149316166446
2024-03-02,24,Maryland,176.0,2.8100561691909274
2024-03-09,24,Maryland,170.0,2.714258799786691
2024-03-16,24,Maryland,114.0,1.820150018680487
2024-03-23,24,Maryland,75.0,1.197467117552952
2024-03-30,24,Maryland,76.0,1.2134333457869912
2024-04-06,24,Maryland,88.0,1.4050280845954637
2024-04-13,24,Maryland,55.0,0.8781425528721648
2024-04-20,24,Maryland,38.0,0.6067166728934956
2024-04-27,24,Maryland,20.0,0.3193245646807872
2024-05-04,24,Maryland,10.0,0.1596622823403936
2024-05-11,24,Maryland,5.0,0.0798311411701968
2024-05-18,24,Maryland,0.0,0.0
2024-05-25,24,Maryland,0.0,0.0
2024-06-01,24,Maryland,5.0,0.0798311411701968
2024-06-08,24,Maryland,3.0,0.04789868470211808
2024-06-15,24,Maryland,0.0,0.0
2024-06-22,24,Maryland,0.0,0.0
2024-06-29,24,Maryland,2.0,0.03193245646807872
2024-07-06,24,Maryland,1.0,0.01596622823403936
2024-07-13,24,Maryland,0.0,0.0
2024-07-20,24,Maryland,0.0,0.0
2024-07-27,24,Maryland,0.0,0.0
2024-08-03,24,Maryland,1.0,0.01596622823403936
2024-08-10,24,Maryland,0.0,0.0
2024-08-17,24,Maryland,2.0,0.03193245646807872
2024-08-24,24,Maryland,2.0,0.03193245646807872
2024-08-31,24,Maryland,0.0,0.0
2024-09-07,24,Maryland,0.0,0.0
2024-09-14,24,Maryland,3.0,0.04789868470211808
2024-09-21,24,Maryland,5.0,0.0798311411701968
2024-09-28,24,Maryland,1.0,0.01596622823403936
2023-10-07,26,Michigan,17.0,0.16764527128407106
2023-10-14,26,Michigan,20.0,0.19722973092243654
2023-10-21,26,Michigan,21.0,0.20709121746855838
2023-10-28,26,Michigan,12.0,0.11833783855346193
2023-11-04,26,Michigan,34.0,0.3352905425681421
2023-11-11,26,Michigan,30.0,0.29584459638365485
2023-11-18,26,Michigan,52.0,0.512797300398335
2023-11-25,26,Michigan,88.0,0.8678108160587208
2023-12-02,26,Michigan,106.0,1.0453175738889138
2023-12-09,26,Michigan,173.0,1.7060371724790762
2023-12-16,26,Michigan,247.0,2.4357871768920916
2023-12-23,26,Michigan,271.0,2.6724628539990154
2023-12-30,26,Michigan,567.0,5.591462871651077
2024-01-06,26,Michigan,497.0,4.9011588134225486
2024-01-13,26,Michigan,381.0,3.7572263740724163
2024-01-20,26,Michigan,346.0,3.4120743449581523
2024-01-27,26,Michigan,388.0,3.826256779895269
2024-02-03,26,Michigan,483.0,4.763098001776843
2024-02-10,26,Michigan,664.0,6.548027066624893
2024-02-17,26,Michigan,770.0,7.593344640513807
2024-02-24,26,Michigan,974.0,9.60508789592266
2024-03-02,26,Michigan,1017.0,10.029131817405899
2024-03-09,26,Michigan,851.0,8.392125050749675
2024-03-16,26,Michigan,599.0,5.907030441126975
2024-03-23,26,Michigan,530.0,5.226587869444568
2024-03-30,26,Michigan,523.0,5.157557463621716
2024-04-06,26,Michigan,457.0,4.506699351577675
2024-04-13,26,Michigan,334.0,3.29373650640469
2024-04-20,26,Michigan,170.0,1.6764527128407107
2024-04-27,26,Michigan,123.0,1.2129628451729848
2024-05-04,26,Michigan,83.0,0.8185033833281117
2024-05-11,26,Michigan,50.0,0.49307432730609135
2024-05-18,26,Michigan,31.0,0.30570608292977663
2024-05-25,26,Michigan,29.0,0.285983109837533
2024-06-01,26,Michigan,15.0,0.14792229819182742
2024-06-08,26,Michigan,9.0,0.08875337891509645
2024-06-15,26,Michigan,9.0,0.08875337891509645
2024-06-22,26,Michigan,9.0,0.08875337891509645
2024-06-29,26,Michigan,11.0,0.1084763520073401
2024-07-06,26,Michigan,7.0,0.06903040582285279
2024-07-13,26,Michigan,9.0,0.08875337891509645
2024-07-20,26,Michigan,8.0,0.07889189236897462
2024-07-27,26,Michigan,7.0,0.06903040582285279
2024-08-03,26,Michigan,2.0,0.019722973092243655
2024-08-10,26,Michigan,5.0,0.049307432730609134
2024-08-17,26,Michigan,9.0,0.08875337891509645
2024-08-24,26,Michigan,12.0,0.11833783855346193
2024-08-31,26,Michigan,10.0,0.09861486546121827
2024-09-07,26,Michigan,9.0,0.08875337891509645
2024-09-14,26,Michigan,16.0,0.15778378473794924
2024-09-21,26,Michigan,11.0,0.1084763520073401
2024-09-28,26,Michigan,9.0,0.08875337891509645
2025-10-04,37,North Carolina,19.0,0.17200759295833506
2025-10-11,37,North Carolina,22.0,0.19916668658333533
2025-10-18,37,North Carolina,23.0,0.20821971779166876
2025-10-25,37,North Carolina,22.0,0.19916668658333533
2025-11-01,37,North Carolina,27.0,0.24443184262500245
2025-11-08,37,North Carolina,43.0,0.3892803419583372
2025-11-15,37,North Carolina,174.0,1.5752274302500158
2025-11-22,37,North Carolina,115.0,1.0410985889583437
2025-11-29,37,North Carolina,159.0,1.4394319621250145
2025-12-06,37,North Carolina,305.0,2.7611745185416945
2025-12-13,37,North Carolina,525.0,4.752841384375047
2025-12-20,37,North Carolina,1201.0,10.872690481208442
2025-12-27,37,North Carolina,2461.0,22.279509803708557
2026-01-03,37,North Carolina,2374.0,21.491896088583548
2026-01-10,37,North Carolina,1360.0,12.312122443333456
2026-01-17,37,North Carolina,617.0,5.585720255541722
2026-01-24,37,North Carolina,497.0,4.499356510541712
2026-01-31,37,North Carolina,418.0,3.7841670450833713
2026-02-07,37,North Carolina,369.0,3.3405685158750336
2026-02-14,37,North Carolina,266.0,2.408106301416691
2026-02-21,37,North Carolina,298.0,2.6978033000833603
2026-02-28,37,North Carolina,233.0,2.109356271541688
2026-03-07,37,North Carolina,199.0,1.8015532104583514
2026-03-14,37,North Carolina,137.0,1.240265275541679
2026-03-21,37,North Carolina,82.0,0.7423485590833407
2026-03-28,37,North Carolina,47.0,0.4254924667916709
2026-04-04,37,North Carolina,35.0,0.31685609229166983
2026-04-11,37,North Carolina,26.0,0.23537881141666903
2026-04-18,37,North Carolina,13.0,0.11768940570833451
2020-10-03,31,Nebraska,,
2020-10-10,31,Nebraska,,
2020-10-17,31,Nebraska,0.0,0.0
2020-10-24,31,Nebraska,0.0,0.0
2020-10-31,31,Nebraska,0.0,0.0
2020-11-07,31,Nebraska,2.0,0.09972749462094826
2020-11-14,31,Nebraska,3.0,0.1495912419314224
2020-11-21,31,Nebraska,1.0,0.04986374731047413
2020-11-28,31,Nebraska,0.0,0.0
2020-12-05,31,Nebraska,2.0,0.09972749462094826
2020-12-12,31,Nebraska,4.0,0.19945498924189653
2020-12-19,31,Nebraska,4.0,0.19945498924189653
2020-12-26,31,Nebraska,2.0,0.09972749462094826
2021-01-02,31,Nebraska,0.0,0.0
2021-01-09,31,Nebraska,2.0,0.09972749462094826
2021-01-16,31,Nebraska,4.0,0.19945498924189653
2021-01-23,31,Nebraska,1.0,0.04986374731047413
2021-01-30,31,Nebraska,1.0,0.04986374731047413
2021-02-06,31,Nebraska,0.0,0.0
2021-02-13,31,Nebraska,1.0,0.04986374731047413
2021-02-20,31,Nebraska,5.0,0.24931873655237063
2021-02-27,31,Nebraska,7.0,0.3490462311733189
2021-03-06,31,Nebraska,4.0,0.19945498924189653
2021-03-13,31,Nebraska,5.0,0.24931873655237063
2021-03-20,31,Nebraska,0.0,0.0
2021-03-27,31,Nebraska,1.0,0.04986374731047413
2021-04-03,31,Nebraska,4.0,0.19945498924189653
2021-04-10,31,Nebraska,1.0,0.04986374731047413
2021-04-17,31,Nebraska,6.0,0.2991824838628448
2021-04-24,31,Nebraska,5.0,0.24931873655237063
2021-05-01,31,Nebraska,0.0,0.0
2021-05-08,31,Nebraska,0.0,0.0
2021-05-15,31,Nebraska,0.0,0.0
2021-05-22,31,Nebraska,5.0,0.24931873655237063
2021-05-29,31,Nebraska,0.0,0.0
2021-06-05,31,Nebraska,0.0,0.0
2021-06-12,31,Nebraska,0.0,0.0
2021-06-19,31,Nebraska,0.0,0.0
2021-06-26,31,Nebraska,0.0,0.0
2021-07-03,31,Nebraska,0.0,0.0
2021-07-10,31,Nebraska,0.0,0.0
2021-07-17,31,Nebraska,0.0,0.0
2021-07-24,31,Nebraska,0.0,0.0
2021-07-31,31,Nebraska,0.0,0.0
2021-08-07,31,Nebraska,0.0,0.0
2021-08-14,31,Nebraska,0.0,0.0
2021-08-21,31,Nebraska,0.0,0.0
2021-08-28,31,Nebraska,1.0,0.04986374731047413
2021-09-04,31,Nebraska,0.0,0.0
2021-09-11,31,Nebraska,1.0,0.04986374731047413
2021-09-18,31,Nebraska,1.0,0.04986374731047413
2021-09-25,31,Nebraska,2.0,0.09972749462094826
2021-10-02,31,Nebraska,0.0,0.0
2020-10-03,35,New Mexico,,
2020-10-10,35,New Mexico,,
2020-10-17,35,New Mexico,,
2020-10-24,35,New Mexico,1.0,0.04694271486619449
2020-10-31,35,New Mexico,5.0,0.23471357433097242
2020-11-07,35,New Mexico,10.0,0.46942714866194485
2020-11-14,35,New Mexico,7.0,0.3285990040633614
2020-11-21,35,New Mexico,0.0,0.0
2020-11-28,35,New Mexico,1.0,0.04694271486619449
2020-12-05,35,New Mexico,0.0,0.0
2020-12-12,35,New Mexico,1.0,0.04694271486619449
2020-12-19,35,New Mexico,4.0,0.18777085946477795
2020-12-26,35,New Mexico,2.0,0.09388542973238898
2021-01-02,35,New Mexico,1.0,0.04694271486619449
2021-01-09,35,New Mexico,3.0,0.14082814459858345
2021-01-16,35,New Mexico,3.0,0.14082814459858345
2021-01-23,35,New Mexico,10.0,0.46942714866194485
2021-01-30,35,New Mexico,2.0,0.09388542973238898
2021-02-06,35,New Mexico,4.0,0.18777085946477795
2021-02-13,35,New Mexico,4.0,0.18777085946477795
2021-02-20,35,New Mexico,1.0,0.04694271486619449
2021-02-27,35,New Mexico,1.0,0.04694271486619449
2021-03-06,35,New Mexico,1.0,0.04694271486619449
2021-03-13,35,New Mexico,0.0,0.0
2021-03-20,35,New Mexico,1.0,0.04694271486619449
2021-03-27,35,New Mexico,0.0,0.0
2021-04-03,35,New Mexico,0.0,0.0
2021-04-10,35,New Mexico,2.0,0.09388542973238898
2021-04-17,35,New Mexico,1.0,0.04694271486619449
2021-04-24,35,New Mexico,0.0,0.0
2021-05-01,35,New Mexico,0.0,0.0
2021-05-08,35,New Mexico,0.0,0.0
2021-05-15,35,New Mexico,0.0,0.0
2021-05-22,35,New Mexico,1.0,0.04694271486619449
2021-05-29,35,New Mexico,0.0,0.0
2021-06-05,35,New Mexico,3.0,0.14082814459858345
2021-06-12,35,New Mexico,2.0,0.09388542973238898
2021-06-19,35,New Mexico,0.0,0.0
2021-06-26,35,New Mexico,1.0,0.04694271486619449
2021-07-03,35,New Mexico,0.0,0.0
2021-07-10,35,New Mexico,0.0,0.0
2021-07-17,35,New Mexico,0.0,0.0
2021-07-24,35,New Mexico,3.0,0.14082814459858345
2021-07-31,35,New Mexico,1.0,0.04694271486619449
2021-08-07,35,New Mexico,3.0,0.14082814459858345
2021-08-14,35,New Mexico,1.0,0.04694271486619449
2021-08-21,35,New Mexico,1.0,0.04694271486619449
2021-08-28,35,New Mexico,0.0,0.0
2021-09-04,35,New Mexico,2.0,0.09388542973238898
2021-09-11,35,New Mexico,0.0,0.0
2021-09-18,35,New Mexico,0.0,0.0
2021-09-25,35,New Mexico,1.0,0.04694271486619449
2021-10-02,35,New Mexico,2.0,0.09388542973238898
2020-08-08,39,Ohio,,
2020-08-15,39,Ohio,,
2020-08-22,39,Ohio,,
2020-08-29,39,Ohio,,
2020-09-05,39,Ohio,,
2020-09-12,39,Ohio,,
2020-09-19,39,Ohio,,
2020-09-26,39,Ohio,,
2021-10-09,,,4.0,
2021-10-16,,,1.0,
2021-10-23,,,2.0,
2021-10-30,,,3.0,
2021-11-06,,,0.0,
2021-11-13,,,0.0,
2021-11-20,,,4.0,
2021-11-27,,,8.0,
2021-12-04,,,5.0,
2021-12-11,,,6.0,
2021-12-18,,,11.0,
2021-12-25,,,18.0,
2022-01-01,,,23.0,
2022-01-08,,,12.0,
2022-01-15,,,25.0,
2022-01-22,,,24.0,
2022-01-29,,,10.0,
2022-02-05,,,10.0,
2022-02-12,,,11.0,
2022-02-19,,,12.0,
2022-02-26,,,13.0,
2022-03-05,,,16.0,
2022-03-12,,,34.0,
2022-03-19,,,56.0,
2022-03-26,,,65.0,
2022-04-02,,,49.0,
2022-04-09,,,60.0,
2022-04-16,,,63.0,
2022-04-23,,,80.0,
2022-04-30,,,81.0,
2022-05-07,,,106.0,
2022-05-14,,,102.0,
2022-05-21,,,126.0,
2022-05-28,,,107.0,
2022-06-04,,,105.0,
2022-06-11,,,88.0,
2022-06-18,,,62.0,
2022-06-25,,,77.0,
2022-07-02,,,63.0,
2022-07-09,,,37.0,
2022-07-16,,,41.0,
2022-07-23,,,24.0,
2022-07-30,,,15.0,
2022-08-06,,,20.0,
2022-08-13,,,18.0,
2022-08-20,,,14.0,
2022-08-27,,,8.0,
2022-09-03,,,20.0,
2022-09-10,,,16.0,
2022-09-17,,,16.0,
2022-09-24,,,12.0,
2022-10-01,,,17.0,
2020-10-03,45,South Carolina,0.0,0.0
2020-10-10,45,South Carolina,0.0,0.0
2020-10-17,45,South Carolina,0.0,0.0
2020-10-24,45,South Carolina,1.0,0.01825206873510061
2020-10-31,45,South Carolina,3.0,0.054756206205301826
2020-11-07,45,South Carolina,3.0,0.054756206205301826
2020-11-14,45,South Carolina,2.0,0.03650413747020122
2020-11-21,45,South Carolina,7.0,0.12776448114570427
2020-11-28,45,South Carolina,6.0,0.10951241241060365
2020-12-05,45,South Carolina,8.0,0.14601654988080487
2020-12-12,45,South Carolina,4.0,0.07300827494040243
2020-12-19,45,South Carolina,7.0,0.12776448114570427
2020-12-26,45,South Carolina,10.0,0.18252068735100607
2021-01-02,45,South Carolina,13.0,0.2372768935563079
2021-01-09,45,South Carolina,5.0,0.09126034367550304
2021-01-16,45,South Carolina,5.0,0.09126034367550304
2021-01-23,45,South Carolina,6.0,0.10951241241060365
2021-01-30,45,South Carolina,9.0,0.16426861861590547
2021-02-06,45,South Carolina,4.0,0.07300827494040243
2021-02-13,45,South Carolina,5.0,0.09126034367550304
2021-02-20,45,South Carolina,7.0,0.12776448114570427
2021-02-27,45,South Carolina,9.0,0.16426861861590547
2021-03-06,45,South Carolina,6.0,0.10951241241060365
2021-03-13,45,South Carolina,7.0,0.12776448114570427
2021-03-20,45,South Carolina,3.0,0.054756206205301826
2021-03-27,45,South Carolina,6.0,0.10951241241060365
2021-04-03,45,South Carolina,2.0,0.03650413747020122
2021-04-10,45,South Carolina,1.0,0.01825206873510061
2021-04-17,45,South Carolina,9.0,0.16426861861590547
2021-04-24,45,South Carolina,7.0,0.12776448114570427
2021-05-01,45,South Carolina,4.0,0.07300827494040243
2021-05-08,45,South Carolina,2.0,0.03650413747020122
2021-05-15,45,South Carolina,3.0,0.054756206205301826
2021-05-22,45,South Carolina,8.0,0.14601654988080487
2021-05-29,45,South Carolina,0.0,0.0
2021-06-05,45,South Carolina,2.0,0.03650413747020122
2021-06-12,45,South Carolina,0.0,0.0
2021-06-19,45,South Carolina,0.0,0.0
2021-06-26,45,South Carolina,0.0,0.0
2021-07-03,45,South Carolina,0.0,0.0
2021-07-10,45,South Carolina,0.0,0.0
2021-07-17,45,South Carolina,0.0,0.0
2021-07-24,45,South Carolina,0.0,0.0
2021-07-31,45,South Carolina,2.0,0.03650413747020122
2021-08-07,45,South Carolina,1.0,0.01825206873510061
2021-08-14,45,South Carolina,5.0,0.09126034367550304
2021-08-21,45,South Carolina,4.0,0.07300827494040243
2021-08-28,45,South Carolina,1.0,0.01825206873510061
2021-09-04,45,South Carolina,0.0,0.0
2021-09-11,45,South Carolina,0.0,0.0
2021-09-18,45,South Carolina,2.0,0.03650413747020122
2021-09-25,45,South Carolina,0.0,0.0
2021-10-02,45,South Carolina,0.0,0.0
2022-10-08,45,South Carolina,33.0,0.60231826825832
2022-10-15,45,South Carolina,42.0,0.7665868868742255
2022-10-22,45,South Carolina,70.0,1.2776448114570427
2022-10-29,45,South Carolina,156.0,2.847322722675695
2022-11-05,45,South Carolina,248.0,4.5265130463049505
2022-11-12,45,South Carolina,256.0,4.672529596185756
2022-11-19,45,South Carolina,228.0,4.161471671602938
2022-11-26,45,South Carolina,215.0,3.9241947780466306
2022-12-03,45,South Carolina,245.0,4.471756840099649
2022-12-10,45,South Carolina,160.0,2.920330997616097
2022-12-17,45,South Carolina,149.0,2.719558241529991
2022-12-24,45,South Carolina,118.0,2.1537441107418718
2022-12-31,45,South Carolina,157.0,2.8655747914107956
2023-01-07,45,South Carolina,161.0,2.938583066351198
2023-01-14,45,South Carolina,79.0,1.4419134300729481
2023-01-21,45,South Carolina,58.0,1.0586199866358352
2023-01-28,45,South Carolina,41.0,0.748334818139125
2023-02-04,45,South Carolina,40.0,0.7300827494040243
2023-02-11,45,South Carolina,46.0,0.839595161814628
2023-02-18,45,South Carolina,43.0,0.7848389556093261
2023-02-25,45,South Carolina,41.0,0.748334818139125
2023-03-04,45,South Carolina,29.0,0.5293099933179176
2023-03-11,45,South Carolina,31.0,0.5658141307881188
2023-03-18,45,South Carolina,21.0,0.38329344343711275
2023-03-25,45,South Carolina,24.0,0.4380496496424146
2023-04-01,45,South Carolina,20.0,0.36504137470201214
2023-04-08,45,South Carolina,24.0,0.4380496496424146
2023-04-15,45,South Carolina,22.0,0.4015455121722134
2023-04-22,45,South Carolina,21.0,0.38329344343711275
2023-04-29,45,South Carolina,27.0,0.4928058558477164
2023-05-06,45,South Carolina,17.0,0.31028516849671034
2023-05-13,45,South Carolina,23.0,0.419797580907314
2023-05-20,45,South Carolina,21.0,0.38329344343711275
2023-05-27,45,South Carolina,17.0,0.31028516849671034
2023-06-03,45,South Carolina,26.0,0.4745537871126158
2023-06-10,45,South Carolina,21.0,0.38329344343711275
2023-06-17,45,South Carolina,23.0,0.419797580907314
2023-06-24,45,South Carolina,23.0,0.419797580907314
2023-07-01,45,South Carolina,20.0,0.36504137470201214
2023-07-08,45,South Carolina,14.0,0.25552896229140853
2023-07-15,45,South Carolina,18.0,0.32853723723181094
2023-07-22,45,South Carolina,16.0,0.29203309976160974
2023-07-29,45,South Carolina,20.0,0.36504137470201214
2023-08-05,45,South Carolina,18.0,0.32853723723181094
2023-08-12,45,South Carolina,8.0,0.14601654988080487
2023-08-19,45,South Carolina,15.0,0.27378103102650914
2023-08-26,45,South Carolina,20.0,0.36504137470201214
2023-09-02,45,South Carolina,9.0,0.16426861861590547
2023-09-09,45,South Carolina,22.0,0.4015455121722134
2023-09-16,45,South Carolina,25.0,0.4563017183775152
2023-09-23,45,South Carolina,26.0,0.4745537871126158
2023-09-30,45,South Carolina,28.0,0.5110579245828171
2025-10-04,46,South Dakota,1.0,0.10814680712773976
2025-10-11,46,South Dakota,2.0,0.21629361425547952
2025-10-18,46,South Dakota,2.0,0.21629361425547952
2025-10-25,46,South Dakota,2.0,0.21629361425547952
2025-11-01,46,South Dakota,0.0,0.0
2025-11-08,46,South Dakota,0.0,0.0
2025-11-15,46,South Dakota,1.0,0.10814680712773976
2025-11-22,46,South Dakota,3.0,0.32444042138321927
2025-11-29,46,South Dakota,1.0,0.10814680712773976
2025-12-06,46,South Dakota,5.0,0.5407340356386988
2025-12-13,46,South Dakota,10.0,1.0814680712773976
2025-12-20,46,South Dakota,26.0,2.811816985321234
2025-12-27,46,South Dakota,60.0,6.488808427664386
2026-01-03,46,South Dakota,108.0,11.679855169795895
2026-01-10,46,South Dakota,64.0,6.921395656175345
2026-01-17,46,South Dakota,78.0,8.435450955963702
2026-01-24,46,South Dakota,67.0,7.245836077558565
2026-01-31,46,South Dakota,61.0,6.596955234792126
2026-02-07,46,South Dakota,57.0,6.164368006281166
2026-02-14,46,South Dakota,47.0,5.082899935003769
2026-02-21,46,South Dakota,55.0,5.948074392025687
2026-02-28,46,South Dakota,49.0,5.299193549259249
2026-03-07,46,South Dakota,40.0,4.3258722851095905
2026-03-14,46,South Dakota,20.0,2.1629361425547953
2026-03-21,46,South Dakota,27.0,2.9199637924489736
2026-03-28,46,South Dakota,13.0,1.405908492660617
2026-04-04,46,South Dakota,11.0,1.1896148784051375
2026-04-11,46,South Dakota,10.0,1.0814680712773976
2026-04-18,46,South Dakota,5.0,0.5407340356386988
2020-10-03,47,Tennessee,0.0,0.0
2020-10-10,47,Tennessee,,
2020-10-17,47,Tennessee,0.0,0.0
2020-10-24,47,Tennessee,20.0,0.2767112863615925
2020-10-31,47,Tennessee,30.0,0.4150669295423887
2020-11-07,47,Tennessee,28.0,0.38739580090622944
2020-11-14,47,Tennessee,44.0,0.6087648299955034
2020-11-21,47,Tennessee,50.0,0.6917782159039811
2020-11-28,47,Tennessee,38.0,0.5257514440870257
2020-12-05,47,Tennessee,24.0,0.332053543633911
2020-12-12,47,Tennessee,21.0,0.2905468506796721
2020-12-19,47,Tennessee,23.0,0.31821797931583135
2020-12-26,47,Tennessee,41.0,0.5672581370412646
2021-01-02,47,Tennessee,34.0,0.4704091868147072
2021-01-09,47,Tennessee,26.0,0.3597246722700702
2021-01-16,47,Tennessee,34.0,0.4704091868147072
2021-01-23,47,Tennessee,26.0,0.3597246722700702
2021-01-30,47,Tennessee,39.0,0.5395870084051053
2021-02-06,47,Tennessee,44.0,0.6087648299955034
2021-02-13,47,Tennessee,30.0,0.4150669295423887
2021-02-20,47,Tennessee,29.0,0.4012313652243091
2021-02-27,47,Tennessee,13.0,0.1798623361350351
2021-03-06,47,Tennessee,22.0,0.3043824149977517
2021-03-13,47,Tennessee,32.0,0.44273805817854794
2021-03-20,47,Tennessee,24.0,0.332053543633911
2021-03-27,47,Tennessee,33.0,0.4565736224966276
2021-04-03,47,Tennessee,25.0,0.34588910795199057
2021-04-10,47,Tennessee,22.0,0.3043824149977517
2021-04-17,47,Tennessee,28.0,0.38739580090622944
2021-04-24,47,Tennessee,22.0,0.3043824149977517
2021-05-01,47,Tennessee,17.0,0.2352045934073536
2021-05-08,47,Tennessee,14.0,0.19369790045311472
2021-05-15,47,Tennessee,24.0,0.332053543633911
2021-05-22,47,Tennessee,10.0,0.13835564318079624
2021-05-29,47,Tennessee,5.0,0.06917782159039812
2021-06-05,47,Tennessee,34.0,0.4704091868147072
2021-06-12,47,Tennessee,11.0,0.15219120749887585
2021-06-19,47,Tennessee,11.0,0.15219120749887585
2021-06-26,47,Tennessee,10.0,0.13835564318079624
2021-07-03,47,Tennessee,8.0,0.11068451454463699
2021-07-10,47,Tennessee,6.0,0.08301338590847775
2021-07-17,47,Tennessee,15.0,0.20753346477119436
2021-07-24,47,Tennessee,2.0,0.027671128636159247
2021-07-31,47,Tennessee,11.0,0.15219120749887585
2021-08-07,47,Tennessee,8.0,0.11068451454463699
2021-08-14,47,Tennessee,16.0,0.22136902908927397
2021-08-21,47,Tennessee,9.0,0.12452007886271661
2021-08-28,47,Tennessee,10.0,0.13835564318079624
2021-09-04,47,Tennessee,19.0,0.26287572204351284
2021-09-11,47,Tennessee,8.0,0.11068451454463699
2021-09-18,47,Tennessee,14.0,0.19369790045311472
2021-09-25,47,Tennessee,6.0,0.08301338590847775
2021-10-02,47,Tennessee,8.0,0.11068451454463699
2020-10-03,51,Virginia,,
2020-10-10,51,Virginia,,
2020-10-17,51,Virginia,0.0,0.0
2020-10-24,51,Virginia,0.0,0.0
2020-10-31,51,Virginia,21.0,0.23833316593265727
2020-11-07,51,Virginia,19.0,0.2156347691771661
2020-11-14,51,Virginia,22.0,0.24968236431040283
2020-11-21,51,Virginia,23.0,0.2610315626881484
2020-11-28,51,Virginia,33.0,0.37452354646560426
2020-12-05,51,Virginia,27.0,0.3064283561991308
2020-12-12,51,Virginia,30.0,0.3404759513323675
2020-12-19,51,Virginia,24.0,0.27238076106589404
2020-12-26,51,Virginia,39.0,0.44261873673207774
2021-01-02,51,Virginia,37.0,0.4199203399765866
2021-01-09,51,Virginia,30.0,0.3404759513323675
2021-01-16,51,Virginia,49.0,0.5561107205095336
2021-01-23,51,Virginia,28.0,0.31777755457687634
2021-01-30,51,Virginia,18.0,0.2042855707994205
2021-02-06,51,Virginia,27.0,0.3064283561991308
2021-02-13,51,Virginia,26.0,0.29507915782138516
2021-02-20,51,Virginia,23.0,0.2610315626881484
2021-02-27,51,Virginia,27.0,0.3064283561991308
2021-03-06,51,Virginia,33.0,0.37452354646560426
2021-03-13,51,Virginia,12.0,0.13619038053294702
2021-03-20,51,Virginia,25.0,0.2837299594436396
2021-03-27,51,Virginia,26.0,0.29507915782138516
2021-04-03,51,Virginia,14.0,0.15888877728843817
2021-04-10,51,Virginia,18.0,0.2042855707994205
2021-04-17,51,Virginia,18.0,0.2042855707994205
2021-04-24,51,Virginia,32.0,0.3631743480878587
2021-05-01,51,Virginia,22.0,0.24968236431040283
2021-05-08,51,Virginia,22.0,0.24968236431040283
2021-05-15,51,Virginia,20.0,0.22698396755491168
2021-05-22,51,Virginia,13.0,0.14753957891069258
2021-05-29,51,Virginia,11.0,0.12484118215520142
2021-06-05,51,Virginia,16.0,0.18158717404392935
2021-06-12,51,Virginia,13.0,0.14753957891069258
2021-06-19,51,Virginia,20.0,0.22698396755491168
2021-06-26,51,Virginia,18.0,0.2042855707994205
2021-07-03,51,Virginia,12.0,0.13619038053294702
2021-07-10,51,Virginia,19.0,0.2156347691771661
2021-07-17,51,Virginia,15.0,0.17023797566618376
2021-07-24,51,Virginia,21.0,0.23833316593265727
2021-07-31,51,Virginia,21.0,0.23833316593265727
2021-08-07,51,Virginia,16.0,0.18158717404392935
2021-08-14,51,Virginia,23.0,0.2610315626881484
2021-08-21,51,Virginia,24.0,0.27238076106589404
2021-08-28,51,Virginia,7.0,0.07944438864421909
2021-09-04,51,Virginia,9.0,0.10214278539971025
2021-09-11,51,Virginia,7.0,0.07944438864421909
2021-09-18,51,Virginia,17.0,0.19293637242167494
2021-09-25,51,Virginia,11.0,0.12484118215520142
2021-10-02,51,Virginia,6.0,0.06809519026647351
2020-08-08,55,Wisconsin,,
2020-08-15,55,Wisconsin,,
2020-08-22,55,Wisconsin,,
2020-08-29,55,Wisconsin,,
2020-09-05,55,Wisconsin,,
2020-09-12,55,Wisconsin,,
2020-09-19,55,Wisconsin,,
2020-09-26,55,Wisconsin,,
2020-10-03,01,Alabama,,
2020-10-10,01,Alabama,,
2020-10-17,01,Alabama,,
2020-10-24,01,Alabama,3.0,0.0581654726264561
2020-10-31,01,Alabama,18.0,0.3489928357587366
2020-11-07,01,Alabama,21.0,0.4071583083851927
2020-11-14,01,Alabama,25.0,0.48471227188713417
2020-11-21,01,Alabama,11.0,0.21327339963033903
2020-11-28,01,Alabama,17.0,0.32960434488325124
2020-12-05,01,Alabama,12.0,0.2326618905058244
2020-12-12,01,Alabama,6.0,0.1163309452529122
2020-12-19,01,Alabama,35.0,0.6785971806419878
2020-12-26,01,Alabama,19.0,0.36838132663422196
2021-01-02,01,Alabama,20.0,0.38776981750970735
2021-01-09,01,Alabama,33.0,0.639820198891017
2021-01-16,01,Alabama,42.0,0.8143166167703854
2021-01-23,01,Alabama,22.0,0.42654679926067807
2021-01-30,01,Alabama,46.0,0.8918705802723269
2021-02-06,01,Alabama,37.0,0.7173741623929586
2021-02-13,01,Alabama,33.0,0.639820198891017
2021-02-20,01,Alabama,29.0,0.5622662353890756
2021-02-27,01,Alabama,31.0,0.6010432171400464
2021-03-06,01,Alabama,29.0,0.5622662353890756
2021-03-13,01,Alabama,23.0,0.44593529013616345
2021-03-20,01,Alabama,28.0,0.5428777445135903
2021-03-27,01,Alabama,18.0,0.3489928357587366
2021-04-03,01,Alabama,10.0,0.19388490875485367
2021-04-10,01,Alabama,13.0,0.25205038138130975
2021-04-17,01,Alabama,11.0,0.21327339963033903
2021-04-24,01,Alabama,32.0,0.6204317080155317
2021-05-01,01,Alabama,20.0,0.38776981750970735
2021-05-08,01,Alabama,14.0,0.27143887225679514
2021-05-15,01,Alabama,19.0,0.36838132663422196
2021-05-22,01,Alabama,16.0,0.31021585400776586
2021-05-29,01,Alabama,15.0,0.2908273631322805
2021-06-05,01,Alabama,18.0,0.3489928357587366
2021-06-12,01,Alabama,22.0,0.42654679926067807
2021-06-19,01,Alabama,8.0,0.15510792700388293
2021-06-26,01,Alabama,7.0,0.13571943612839757
2021-07-03,01,Alabama,17.0,0.32960434488325124
2021-07-10,01,Alabama,7.0,0.13571943612839757
2021-07-17,01,Alabama,18.0,0.3489928357587366
2021-07-24,01,Alabama,14.0,0.27143887225679514
2021-07-31,01,Alabama,45.0,0.8724820893968415
2021-08-07,01,Alabama,29.0,0.5622662353890756
2021-08-14,01,Alabama,22.0,0.42654679926067807
2021-08-21,01,Alabama,30.0,0.581654726264561
2021-08-28,01,Alabama,41.0,0.7949281258949
2021-09-04,01,Alabama,47.0,0.9112590711478122
2021-09-11,01,Alabama,30.0,0.581654726264561
2021-09-18,01,Alabama,30.0,0.581654726264561
2021-09-25,01,Alabama,15.0,0.2908273631322805
2021-10-02,01,Alabama,7.0,0.13571943612839757
2024-10-05,08,Colorado,3.0,0.050356752412466114
2024-10-12,08,Colorado,0.0,0.0
2024-10-19,08,Colorado,2.0,0.03357116827497741
2024-10-26,08,Colorado,14.0,0.23499817792484187
2024-11-02,08,Colorado,25.0,0.4196396034372176
2024-11-09,08,Colorado,20.0,0.3357116827497741
2024-11-16,08,Colorado,29.0,0.48678193998717245
2024-11-23,08,Colorado,31.0,0.5203531082621499
2024-11-30,08,Colorado,67.0,1.1246341372117432
2024-12-07,08,Colorado,90.0,1.5107025723739835
2024-12-14,08,Colorado,129.0,2.165340353736043
2024-12-21,08,Colorado,179.0,3.0046195606104784
2024-12-28,08,Colorado,475.0,7.973152465307135
2025-01-04,08,Colorado,760.0,12.757043944491416
2025-01-11,08,Colorado,499.0,8.376006484606863
2025-01-18,08,Colorado,441.0,7.402442604632519
2025-01-25,08,Colorado,456.0,7.65422636669485
2025-02-01,08,Colorado,543.0,9.114572186656368
2025-02-08,08,Colorado,622.0,10.440633333517974
2025-02-15,08,Colorado,583.0,9.785995552155915
2025-02-22,08,Colorado,484.0,8.124222722544534
2025-03-01,08,Colorado,381.0,6.395307556383197
2025-03-08,08,Colorado,311.0,5.220316666758987
2025-03-15,08,Colorado,215.0,3.6089005895600716
2025-03-22,08,Colorado,162.0,2.7192646302731704
2025-03-29,08,Colorado,121.0,2.0310556806361335
2025-04-05,08,Colorado,86.0,1.4435602358240287
2025-04-12,08,Colorado,62.0,1.0407062165242997
2025-04-19,08,Colorado,40.0,0.6714233654995482
2025-04-26,08,Colorado,42.0,0.7049945337745256
2025-05-03,08,Colorado,30.0,0.5035675241246612
2025-05-10,08,Colorado,36.0,0.6042810289495933
2025-05-17,08,Colorado,19.0,0.3189260986122854
2025-05-24,08,Colorado,15.0,0.2517837620623306
2025-05-31,08,Colorado,19.0,0.3189260986122854
2025-06-07,08,Colorado,20.0,0.3357116827497741
2025-06-14,08,Colorado,17.0,0.28535493033730797
2025-06-21,08,Colorado,4.0,0.06714233654995481
2025-06-28,08,Colorado,4.0,0.06714233654995481
2025-07-05,08,Colorado,5.0,0.08392792068744352
2025-07-12,08,Colorado,8.0,0.13428467309990963
2025-07-19,08,Colorado,4.0,0.06714233654995481
2025-07-26,08,Colorado,2.0,0.03357116827497741
2025-08-02,08,Colorado,3.0,0.050356752412466114
2025-08-09,08,Colorado,5.0,0.08392792068744352
2025-08-16,08,Colorado,3.0,0.050356752412466114
2025-08-23,08,Colorado,0.0,0.0
2025-08-30,08,Colorado,4.0,0.06714233654995481
2025-09-06,08,Colorado,3.0,0.050356752412466114
2025-09-13,08,Colorado,1.0,0.016785584137488704
2025-09-20,08,Colorado,4.0,0.06714233654995481
2025-09-27,08,Colorado,9.0,0.15107025723739834
2022-10-08,11,District of Columbia,1.0,0.1423994304022784
2022-10-15,11,District of Columbia,2.0,0.2847988608045568
2022-10-22,11,District of Columbia,5.0,0.7119971520113919
2022-10-29,11,District of Columbia,11.0,1.5663937344250622
2022-11-05,11,District of Columbia,33.0,4.699181203275187
2022-11-12,11,District of Columbia,44.0,6.265574937700249
2022-11-19,11,District of Columbia,35.0,4.983980064079744
2022-11-26,11,District of Columbia,57.0,8.116767532929869
2022-12-03,11,District of Columbia,65.0,9.255962976148096
2022-12-10,11,District of Columbia,40.0,5.695977216091135
2022-12-17,11,District of Columbia,19.0,2.705589177643289
2022-12-24,11,District of Columbia,16.0,2.2783908864364544
2022-12-31,11,District of Columbia,30.0,4.271982912068352
2023-01-07,11,District of Columbia,17.0,2.420790316838733
2023-01-14,11,District of Columbia,5.0,0.7119971520113919
2023-01-21,11,District of Columbia,8.0,1.1391954432182272
2023-01-28,11,District of Columbia,7.0,0.9967960128159488
2023-02-04,11,District of Columbia,8.0,1.1391954432182272
2023-02-11,11,District of Columbia,5.0,0.7119971520113919
2023-02-18,11,District of Columbia,5.0,0.7119971520113919
2023-02-25,11,District of Columbia,4.0,0.5695977216091136
2023-03-04,11,District of Columbia,2.0,0.2847988608045568
2023-03-11,11,District of Columbia,2.0,0.2847988608045568
2023-03-18,11,District of Columbia,2.0,0.2847988608045568
2023-03-25,11,District of Columbia,2.0,0.2847988608045568
2023-04-01,11,District of Columbia,10.0,1.4239943040227838
2023-04-08,11,District of Columbia,4.0,0.5695977216091136
2023-04-15,11,District of Columbia,3.0,0.42719829120683517
2023-04-22,11,District of Columbia,3.0,0.42719829120683517
2023-04-29,11,District of Columbia,1.0,0.1423994304022784
2023-05-06,11,District of Columbia,0.0,0.0
2023-05-13,11,District of Columbia,1.0,0.1423994304022784
2023-05-20,11,District of Columbia,2.0,0.2847988608045568
2023-05-27,11,District of Columbia,6.0,0.8543965824136703
2023-06-03,11,District of Columbia,3.0,0.42719829120683517
2023-06-10,11,District of Columbia,1.0,0.1423994304022784
2023-06-17,11,District of Columbia,1.0,0.1423994304022784
2023-06-24,11,District of Columbia,2.0,0.2847988608045568
2023-07-01,11,District of Columbia,1.0,0.1423994304022784
2023-07-08,11,District of Columbia,2.0,0.2847988608045568
2023-07-15,11,District of Columbia,2.0,0.2847988608045568
2023-07-22,11,District of Columbia,1.0,0.1423994304022784
2023-07-29,11,District of Columbia,1.0,0.1423994304022784
2023-08-05,11,District of Columbia,0.0,0.0
2023-08-12,11,District of Columbia,1.0,0.1423994304022784
2023-08-19,11,District of Columbia,1.0,0.1423994304022784
2023-08-26,11,District of Columbia,1.0,0.1423994304022784
2023-09-02,11,District of Columbia,0.0,0.0
2023-09-09,11,District of Columbia,1.0,0.1423994304022784
2023-09-16,11,District of Columbia,0.0,0.0
2023-09-23,11,District of Columbia,1.0,0.1423994304022784
2023-09-30,11,District of Columbia,0.0,0.0
2020-08-08,13,Georgia,,
2020-08-15,13,Georgia,,
2020-08-22,13,Georgia,,
2020-08-29,13,Georgia,,
2020-09-05,13,Georgia,0.0,0.0
2020-09-12,13,Georgia,0.0,0.0
2020-09-19,13,Georgia,0.0,0.0
2020-09-26,13,Georgia,0.0,0.0
2025-10-04,19,Iowa,1.0,0.03085002936922796
2025-10-11,19,Iowa,4.0,0.12340011747691183
2025-10-18,19,Iowa,1.0,0.03085002936922796
2025-10-25,19,Iowa,1.0,0.03085002936922796
2025-11-01,19,Iowa,3.0,0.09255008810768388
2025-11-08,19,Iowa,9.0,0.2776502643230516
2025-11-15,19,Iowa,8.0,0.24680023495382367
2025-11-22,19,Iowa,5.0,0.1542501468461398
2025-11-29,19,Iowa,19.0,0.5861505580153312
2025-12-06,19,Iowa,22.0,0.6787006461230151
2025-12-13,19,Iowa,30.0,0.9255008810768388
2025-12-20,19,Iowa,90.0,2.776502643230516
2025-12-27,19,Iowa,263.0,8.113557724106954
2026-01-03,19,Iowa,382.0,11.78471121904508
2026-01-10,19,Iowa,280.0,8.638008223383828
2026-01-17,19,Iowa,261.0,8.051857665368498
2026-01-24,19,Iowa,241.0,7.4348570779839385
2026-01-31,19,Iowa,223.0,6.879556549337835
2026-02-07,19,Iowa,231.0,7.126356784291659
2026-02-14,19,Iowa,222.0,6.848706519968607
2026-02-21,19,Iowa,199.0,6.139155844476364
2026-02-28,19,Iowa,119.0,3.6711534949381273
2026-03-07,19,Iowa,77.0,2.375452261430553
2026-03-14,19,Iowa,112.0,3.4552032893535314
2026-03-21,19,Iowa,68.0,2.097801997107501
2026-03-28,19,Iowa,28.0,0.8638008223383828
2026-04-04,19,Iowa,20.0,0.6170005873845592
2026-04-11,19,Iowa,17.0,0.5244504992768753
2026-04-18,19,Iowa,15.0,0.4627504405384194
2023-10-07,17,Illinois,21.0,0.16522217898471442
2023-10-14,17,Illinois,18.0,0.14161901055832665
2023-10-21,17,Illinois,27.0,0.21242851583748998
2023-10-28,17,Illinois,21.0,0.16522217898471442
2023-11-04,17,Illinois,34.0,0.2675025754990615
2023-11-11,17,Illinois,54.0,0.42485703167497996
2023-11-18,17,Illinois,71.0,0.5586083194245107
2023-11-25,17,Illinois,102.0,0.8025077264971844
2023-12-02,17,Illinois,165.0,1.2981742634513276
2023-12-09,17,Illinois,205.0,1.6128831758031648
2023-12-16,17,Illinois,253.0,1.990533870625369
2023-12-23,17,Illinois,464.0,3.6506233832813093
2023-12-30,17,Illinois,576.0,4.531808337866453
2024-01-06,17,Illinois,511.0,4.020406355294718
2024-01-13,17,Illinois,380.0,2.9897346673424514
2024-01-20,17,Illinois,335.0,2.635687140946635
2024-01-27,17,Illinois,275.0,2.1636237724188794
2024-02-03,17,Illinois,272.0,2.140020603992492
2024-02-10,17,Illinois,250.0,1.9669307021989813
2024-02-17,17,Illinois,262.0,2.0613433759045323
2024-02-24,17,Illinois,318.0,2.501935853197104
2024-03-02,17,Illinois,331.0,2.604216249711451
2024-03-09,17,Illinois,267.0,2.100681989948512
2024-03-16,17,Illinois,250.0,1.9669307021989813
2024-03-23,17,Illinois,212.0,1.667957235464736
2024-03-30,17,Illinois,201.0,1.581412284567981
2024-04-06,17,Illinois,182.0,1.4319255512008584
2024-04-13,17,Illinois,186.0,1.4633964424360422
2024-04-20,17,Illinois,122.0,0.9598621826731029
2024-04-27,17,Illinois,88.0,0.6923596071740414
2024-05-04,17,Illinois,43.0,0.3383120807782248
2024-05-11,17,Illinois,13.0,0.10228039651434703
2024-05-18,17,Illinois,10.0,0.07867722808795925
2024-05-25,17,Illinois,9.0,0.07080950527916333
2024-06-01,17,Illinois,9.0,0.07080950527916333
2024-06-08,17,Illinois,8.0,0.0629417824703674
2024-06-15,17,Illinois,9.0,0.07080950527916333
2024-06-22,17,Illinois,6.0,0.04720633685277555
2024-06-29,17,Illinois,6.0,0.04720633685277555
2024-07-06,17,Illinois,8.0,0.0629417824703674
2024-07-13,17,Illinois,5.0,0.039338614043979626
2024-07-20,17,Illinois,4.0,0.0314708912351837
2024-07-27,17,Illinois,3.0,0.023603168426387777
2024-08-03,17,Illinois,4.0,0.0314708912351837
2024-08-10,17,Illinois,6.0,0.04720633685277555
2024-08-17,17,Illinois,1.0,0.007867722808795925
2024-08-24,17,Illinois,3.0,0.023603168426387777
2024-08-31,17,Illinois,3.0,0.023603168426387777
2024-09-07,17,Illinois,1.0,0.007867722808795925
2024-09-14,17,Illinois,6.0,0.04720633685277555
2024-09-21,17,Illinois,7.0,0.05507405966157148
2024-09-28,17,Illinois,4.0,0.0314708912351837
2021-10-09,24,Maryland,0.0,0.0
2021-10-16,24,Maryland,4.0,0.06386491293615744
2021-10-23,24,Maryland,4.0,0.06386491293615744
2021-10-30,24,Maryland,7.0,0.11176359763827552
2021-11-06,24,Maryland,3.0,0.04789868470211808
2021-11-13,24,Maryland,6.0,0.09579736940423617
2021-11-20,24,Maryland,3.0,0.04789868470211808
2021-11-27,24,Maryland,4.0,0.06386491293615744
2021-12-04,24,Maryland,7.0,0.11176359763827552
2021-12-11,24,Maryland,3.0,0.04789868470211808
2021-12-18,24,Maryland,27.0,0.4310881623190627
2021-12-25,24,Maryland,29.0,0.46302061878714146
2022-01-01,24,Maryland,11.0,0.17562851057443296
2022-01-08,24,Maryland,9.0,0.14369605410635425
2022-01-15,24,Maryland,16.0,0.25545965174462976
2022-01-22,24,Maryland,3.0,0.04789868470211808
2022-01-29,24,Maryland,6.0,0.09579736940423617
2022-02-05,24,Maryland,8.0,0.12772982587231488
2022-02-12,24,Maryland,6.0,0.09579736940423617
2022-02-19,24,Maryland,13.0,0.20756096704251167
2022-02-26,24,Maryland,15.0,0.2394934235105904
2022-03-05,24,Maryland,23.0,0.3672232493829053
2022-03-12,24,Maryland,16.0,0.25545965174462976
2022-03-19,24,Maryland,19.0,0.3033583364467478
2022-03-26,24,Maryland,30.0,0.4789868470211808
2022-04-02,24,Maryland,29.0,0.46302061878714146
2022-04-09,24,Maryland,47.0,0.75041272699985
2022-04-16,24,Maryland,51.0,0.8142776399360073
2022-04-23,24,Maryland,43.0,0.6865478140636925
2022-04-30,24,Maryland,51.0,0.8142776399360073
2022-05-07,24,Maryland,46.0,0.7344464987658106
2022-05-14,24,Maryland,54.0,0.8621763246381254
2022-05-21,24,Maryland,45.0,0.7184802705317712
2022-05-28,24,Maryland,29.0,0.46302061878714146
2022-06-04,24,Maryland,17.0,0.2714258799786691
2022-06-11,24,Maryland,17.0,0.2714258799786691
2022-06-18,24,Maryland,21.0,0.33529079291482655
2022-06-25,24,Maryland,20.0,0.3193245646807872
2022-07-02,24,Maryland,13.0,0.20756096704251167
2022-07-09,24,Maryland,12.0,0.19159473880847233
2022-07-16,24,Maryland,7.0,0.11176359763827552
2022-07-23,24,Maryland,3.0,0.04789868470211808
2022-07-30,24,Maryland,3.0,0.04789868470211808
2022-08-06,24,Maryland,2.0,0.03193245646807872
2022-08-13,24,Maryland,5.0,0.0798311411701968
2022-08-20,24,Maryland,6.0,0.09579736940423617
2022-08-27,24,Maryland,4.0,0.06386491293615744
2022-09-03,24,Maryland,0.0,0.0
2022-09-10,24,Maryland,3.0,0.04789868470211808
2022-09-17,24,Maryland,8.0,0.12772982587231488
2022-09-24,24,Maryland,3.0,0.04789868470211808
2022-10-01,24,Maryland,6.0,0.09579736940423617
2022-10-08,28,Mississippi,60.0,2.038704810833677
2022-10-15,28,Mississippi,67.0,2.2765537054309397
2022-10-22,28,Mississippi,88.0,2.990100389222727
2022-10-29,28,Mississippi,148.0,5.0288052000564045
2022-11-05,28,Mississippi,260.0,8.834387513612603
2022-11-12,28,Mississippi,244.0,8.290732897390289
2022-11-19,28,Mississippi,250.0,8.494603378473656
2022-11-26,28,Mississippi,272.0,9.242128475779337
2022-12-03,28,Mississippi,268.0,9.106214821723759
2022-12-10,28,Mississippi,179.0,6.082136018987137
2022-12-17,28,Mississippi,142.0,4.8249347189730365
2022-12-24,28,Mississippi,86.0,2.9221435621949374
2022-12-31,28,Mississippi,120.0,4.077409621667354
2023-01-07,28,Mississippi,88.0,2.990100389222727
2023-01-14,28,Mississippi,57.0,1.9367695702919936
2023-01-21,28,Mississippi,52.0,1.7668775027225203
2023-01-28,28,Mississippi,35.0,1.1892444729863119
2023-02-04,28,Mississippi,29.0,0.9853739919029441
2023-02-11,28,Mississippi,21.0,0.7135466837917871
2023-02-18,28,Mississippi,28.0,0.9513955783890494
2023-02-25,28,Mississippi,32.0,1.0873092324446278
2023-03-04,28,Mississippi,34.0,1.1552660594724171
2023-03-11,28,Mississippi,32.0,1.0873092324446278
2023-03-18,28,Mississippi,22.0,0.7475250973056817
2023-03-25,28,Mississippi,16.0,0.5436546162223139
2023-04-01,28,Mississippi,19.0,0.6455898567639978
2023-04-08,28,Mississippi,26.0,0.8834387513612602
2023-04-15,28,Mississippi,16.0,0.5436546162223139
2023-04-22,28,Mississippi,33.0,1.1212876459585226
2023-04-29,28,Mississippi,16.0,0.5436546162223139
2023-05-06,28,Mississippi,21.0,0.7135466837917871
2023-05-13,28,Mississippi,24.0,0.815481924333471
2023-05-20,28,Mississippi,22.0,0.7475250973056817
2023-05-27,28,Mississippi,20.0,0.6795682702778925
2023-06-03,28,Mississippi,10.0,0.33978413513894623
2023-06-10,28,Mississippi,17.0,0.5776330297362086
2023-06-17,28,Mississippi,14.0,0.4756977891945247
2023-06-24,28,Mississippi,13.0,0.4417193756806301
2023-07-01,28,Mississippi,15.0,0.5096762027084193
2023-07-08,28,Mississippi,14.0,0.4756977891945247
2023-07-15,28,Mississippi,14.0,0.4756977891945247
2023-07-22,28,Mississippi,10.0,0.33978413513894623
2023-07-29,28,Mississippi,17.0,0.5776330297362086
2023-08-05,28,Mississippi,9.0,0.3058057216250516
2023-08-12,28,Mississippi,27.0,0.9174171648751548
2023-08-19,28,Mississippi,34.0,1.1552660594724171
2023-08-26,28,Mississippi,40.0,1.359136540555785
2023-09-02,28,Mississippi,43.0,1.4610717810974687
2023-09-09,28,Mississippi,19.0,0.6455898567639978
2023-09-16,28,Mississippi,23.0,0.7815035108195764
2023-09-23,28,Mississippi,16.0,0.5436546162223139
2023-09-30,28,Mississippi,20.0,0.6795682702778925
2021-10-09,30,Montana,0.0,0.0
2021-10-16,30,Montana,0.0,0.0
2021-10-23,30,Montana,0.0,0.0
2021-10-30,30,Montana,0.0,0.0
2021-11-06,30,Montana,0.0,0.0
2021-11-13,30,Montana,0.0,0.0
2021-11-20,30,Montana,0.0,0.0
2021-11-27,30,Montana,0.0,0.0
2021-12-04,30,Montana,0.0,0.0
2021-12-11,30,Montana,1.0,0.08793272794581233
2021-12-18,30,Montana,2.0,0.17586545589162467
2021-12-25,30,Montana,1.0,0.08793272794581233
2022-01-01,30,Montana,20.0,1.7586545589162468
2022-01-08,30,Montana,21.0,1.846587286862059
2022-01-15,30,Montana,12.0,1.0551927353497481
2022-01-22,30,Montana,12.0,1.0551927353497481
2022-01-29,30,Montana,7.0,0.6155290956206864
2022-02-05,30,Montana,9.0,0.791394551512311
2022-02-12,30,Montana,13.0,1.1431254632955603
2022-02-19,30,Montana,7.0,0.6155290956206864
2022-02-26,30,Montana,16.0,1.4069236471329973
2022-03-05,30,Montana,21.0,1.846587286862059
2022-03-12,30,Montana,14.0,1.2310581912413727
2022-03-19,30,Montana,16.0,1.4069236471329973
2022-03-26,30,Montana,19.0,1.6707218309704344
2022-04-02,30,Montana,38.0,3.3414436619408687
2022-04-09,30,Montana,19.0,1.6707218309704344
2022-04-16,30,Montana,14.0,1.2310581912413727
2022-04-23,30,Montana,21.0,1.846587286862059
2022-04-30,30,Montana,18.0,1.582789103024622
2022-05-07,30,Montana,20.0,1.7586545589162468
2022-05-14,30,Montana,9.0,0.791394551512311
2022-05-21,30,Montana,11.0,0.9672600074039357
2022-05-28,30,Montana,14.0,1.2310581912413727
2022-06-04,30,Montana,23.0,2.022452742753684
2022-06-11,30,Montana,10.0,0.8793272794581234
2022-06-18,30,Montana,1.0,0.08793272794581233
2022-06-25,30,Montana,0.0,0.0
2022-07-02,30,Montana,4.0,0.35173091178324933
2022-07-09,30,Montana,2.0,0.17586545589162467
2022-07-16,30,Montana,2.0,0.17586545589162467
2022-07-23,30,Montana,0.0,0.0
2022-07-30,30,Montana,0.0,0.0
2022-08-06,30,Montana,0.0,0.0
2022-08-13,30,Montana,0.0,0.0
2022-08-20,30,Montana,1.0,0.08793272794581233
2022-08-27,30,Montana,0.0,0.0
2022-09-03,30,Montana,0.0,0.0
2022-09-10,30,Montana,0.0,0.0
2022-09-17,30,Montana,1.0,0.08793272794581233
2022-09-24,30,Montana,0.0,0.0
2022-10-01,30,Montana,2.0,0.17586545589162467
2021-10-09,34,New Jersey,5.0,0.052626864688226346
2021-10-16,34,New Jersey,2.0,0.02105074587529054
2021-10-23,34,New Jersey,11.0,0.11577910231409796
2021-10-30,34,New Jersey,2.0,0.02105074587529054
2021-11-06,34,New Jersey,3.0,0.03157611881293581
2021-11-13,34,New Jersey,7.0,0.07367761056351689
2021-11-20,34,New Jersey,12.0,0.12630447525174324
2021-11-27,34,New Jersey,17.0,0.1789313399399696
2021-12-04,34,New Jersey,36.0,0.37891342575522974
2021-12-11,34,New Jersey,47.0,0.4946925280693277
2021-12-18,34,New Jersey,69.0,0.7262507326975236
2021-12-25,34,New Jersey,50.0,0.5262686468822635
2022-01-01,34,New Jersey,53.0,0.5578447656951993
2022-01-08,34,New Jersey,43.0,0.4525910363187466
2022-01-15,34,New Jersey,26.0,0.273659696378777
2022-01-22,34,New Jersey,17.0,0.1789313399399696
2022-01-29,34,New Jersey,19.0,0.19998208581526014
2022-02-05,34,New Jersey,18.0,0.18945671287761487
2022-02-12,34,New Jersey,20.0,0.21050745875290539
2022-02-19,34,New Jersey,22.0,0.23155820462819593
2022-02-26,34,New Jersey,28.0,0.29471044225406756
2022-03-05,34,New Jersey,33.0,0.3473373069422939
2022-03-12,34,New Jersey,30.0,0.3157611881293581
2022-03-19,34,New Jersey,41.0,0.43154029044345604
2022-03-26,34,New Jersey,60.0,0.6315223762587162
2022-04-02,34,New Jersey,80.0,0.8420298350116215
2022-04-09,34,New Jersey,136.0,1.4314507195197568
2022-04-16,34,New Jersey,140.0,1.4735522112703379
2022-04-23,34,New Jersey,126.0,1.326196990143304
2022-04-30,34,New Jersey,125.0,1.3156716172056588
2022-05-07,34,New Jersey,119.0,1.252519379579787
2022-05-14,34,New Jersey,95.0,0.9999104290763007
2022-05-21,34,New Jersey,87.0,0.9157074455751385
2022-05-28,34,New Jersey,75.0,0.7894029703233952
2022-06-04,34,New Jersey,52.0,0.547319392757554
2022-06-11,34,New Jersey,42.0,0.4420656633811013
2022-06-18,34,New Jersey,43.0,0.4525910363187466
2022-06-25,34,New Jersey,23.0,0.2420835775658412
2022-07-02,34,New Jersey,11.0,0.11577910231409796
2022-07-09,34,New Jersey,15.0,0.15788059406467905
2022-07-16,34,New Jersey,17.0,0.1789313399399696
2022-07-23,34,New Jersey,8.0,0.08420298350116216
2022-07-30,34,New Jersey,9.0,0.09472835643880743
2022-08-06,34,New Jersey,16.0,0.16840596700232432
2022-08-13,34,New Jersey,9.0,0.09472835643880743
2022-08-20,34,New Jersey,7.0,0.07367761056351689
2022-08-27,34,New Jersey,12.0,0.12630447525174324
2022-09-03,34,New Jersey,8.0,0.08420298350116216
2022-09-10,34,New Jersey,7.0,0.07367761056351689
2022-09-17,34,New Jersey,10.0,0.10525372937645269
2022-09-24,34,New Jersey,15.0,0.15788059406467905
2022-10-01,34,New Jersey,21.0,0.22103283169055066
2024-10-05,34,New Jersey,17.0,0.1789313399399696
2024-10-12,34,New Jersey,0.0,0.0
2024-10-19,34,New Jersey,0.0,0.0
2024-10-26,34,New Jersey,2.0,0.02105074587529054
2024-11-02,34,New Jersey,28.0,0.29471044225406756
2024-11-09,34,New Jersey,30.0,0.3157611881293581
2024-11-16,34,New Jersey,37.0,0.389438798692875
2024-11-23,34,New Jersey,47.0,0.4946925280693277
2024-11-30,34,New Jersey,67.0,0.7051999868222331
2024-12-07,34,New Jersey,109.0,1.1472656502033345
2024-12-14,34,New Jersey,174.0,1.831414891150277
2024-12-21,34,New Jersey,335.0,3.5259999341111654
2024-12-28,34,New Jersey,723.0,7.60984463391753
2025-01-04,34,New Jersey,1326.0,13.956644515317628
2025-01-11,34,New Jersey,1078.0,11.3463520267816
2025-01-18,34,New Jersey,1259.0,13.251444528495394
2025-01-25,34,New Jersey,1591.0,16.745868343793624
2025-02-01,34,New Jersey,1794.0,18.882519050135613
2025-02-08,34,New Jersey,1888.0,19.87190410627427
2025-02-15,34,New Jersey,1517.0,15.966990746407875
2025-02-22,34,New Jersey,1205.0,12.68307438986255
2025-03-01,34,New Jersey,938.0,9.872799815511263
2025-03-08,34,New Jersey,630.0,6.63098495071652
2025-03-15,34,New Jersey,465.0,4.894298416005051
2025-03-22,34,New Jersey,345.0,3.6312536634876182
2025-03-29,34,New Jersey,282.0,2.968155168415966
2025-04-05,34,New Jersey,248.0,2.610292488536027
2025-04-12,34,New Jersey,161.0,1.6945850429608884
2025-04-19,34,New Jersey,137.0,1.4419760924574019
2025-04-26,34,New Jersey,72.0,0.7578268515104595
2025-05-03,34,New Jersey,70.0,0.7367761056351689
2025-05-10,34,New Jersey,40.0,0.42101491750581077
2025-05-17,34,New Jersey,43.0,0.4525910363187466
2025-05-24,34,New Jersey,25.0,0.26313432344113175
2025-05-31,34,New Jersey,30.0,0.3157611881293581
2025-06-07,34,New Jersey,26.0,0.273659696378777
2025-06-14,34,New Jersey,24.0,0.2526089505034865
2025-06-21,34,New Jersey,20.0,0.21050745875290539
2025-06-28,34,New Jersey,25.0,0.26313432344113175
2025-07-05,34,New Jersey,23.0,0.2420835775658412
2025-07-12,34,New Jersey,18.0,0.18945671287761487
2025-07-19,34,New Jersey,13.0,0.1368298481893885
2025-07-26,34,New Jersey,10.0,0.10525372937645269
2025-08-02,34,New Jersey,7.0,0.07367761056351689
2025-08-09,34,New Jersey,9.0,0.09472835643880743
2025-08-16,34,New Jersey,12.0,0.12630447525174324
2025-08-23,34,New Jersey,11.0,0.11577910231409796
2025-08-30,34,New Jersey,10.0,0.10525372937645269
2025-09-06,34,New Jersey,14.0,0.14735522112703378
2025-09-13,34,New Jersey,10.0,0.10525372937645269
2025-09-20,34,New Jersey,11.0,0.11577910231409796
2025-09-27,34,New Jersey,19.0,0.19998208581526014
2022-10-08,32,Nevada,35.0,1.0711661357253188
2022-10-15,32,Nevada,15.0,0.4590712010251366
2022-10-22,32,Nevada,15.0,0.4590712010251366
2022-10-29,32,Nevada,12.0,0.3672569608201093
2022-11-05,32,Nevada,35.0,1.0711661357253188
2022-11-12,32,Nevada,92.0,2.8156366996208377
2022-11-19,32,Nevada,162.0,4.957968971071475
2022-11-26,32,Nevada,265.0,8.110257884777413
2022-12-03,32,Nevada,478.0,14.629068939334353
2022-12-10,32,Nevada,445.0,13.619112297079052
2022-12-17,32,Nevada,318.0,9.732309461732896
2022-12-24,32,Nevada,226.0,6.916672762112058
2022-12-31,32,Nevada,179.0,5.47824966556663
2023-01-07,32,Nevada,116.0,3.5501506212610563
2023-01-14,32,Nevada,37.0,1.1323756291953369
2023-01-21,32,Nevada,21.0,0.6426996814351912
2023-01-28,32,Nevada,11.0,0.33665221408510015
2023-02-04,32,Nevada,4.0,0.12241898694003643
2023-02-11,32,Nevada,11.0,0.33665221408510015
2023-02-18,32,Nevada,12.0,0.3672569608201093
2023-02-25,32,Nevada,3.0,0.09181424020502732
2023-03-04,32,Nevada,4.0,0.12241898694003643
2023-03-11,32,Nevada,3.0,0.09181424020502732
2023-03-18,32,Nevada,6.0,0.18362848041005464
2023-03-25,32,Nevada,8.0,0.24483797388007286
2023-04-01,32,Nevada,4.0,0.12241898694003643
2023-04-08,32,Nevada,4.0,0.12241898694003643
2023-04-15,32,Nevada,8.0,0.24483797388007286
2023-04-22,32,Nevada,0.0,0.0
2023-04-29,32,Nevada,4.0,0.12241898694003643
2023-05-06,32,Nevada,7.0,0.21423322714506374
2023-05-13,32,Nevada,6.0,0.18362848041005464
2023-05-20,32,Nevada,3.0,0.09181424020502732
2023-05-27,32,Nevada,6.0,0.18362848041005464
2023-06-03,32,Nevada,6.0,0.18362848041005464
2023-06-10,32,Nevada,11.0,0.33665221408510015
2023-06-17,32,Nevada,8.0,0.24483797388007286
2023-06-24,32,Nevada,8.0,0.24483797388007286
2023-07-01,32,Nevada,7.0,0.21423322714506374
2023-07-08,32,Nevada,6.0,0.18362848041005464
2023-07-15,32,Nevada,10.0,0.3060474673500911
2023-07-22,32,Nevada,7.0,0.21423322714506374
2023-07-29,32,Nevada,4.0,0.12241898694003643
2023-08-05,32,Nevada,6.0,0.18362848041005464
2023-08-12,32,Nevada,6.0,0.18362848041005464
2023-08-19,32,Nevada,3.0,0.09181424020502732
2023-08-26,32,Nevada,4.0,0.12241898694003643
2023-09-02,32,Nevada,3.0,0.09181424020502732
2023-09-09,32,Nevada,4.0,0.12241898694003643
2023-09-16,32,Nevada,0.0,0.0
2023-09-23,32,Nevada,4.0,0.12241898694003643
2023-09-30,32,Nevada,3.0,0.09181424020502732
2020-10-03,36,New York,0.0,0.0
2020-10-10,36,New York,0.0,0.0
2020-10-17,36,New York,0.0,0.0
2020-10-24,36,New York,6.0,0.03020045856376283
2020-10-31,36,New York,12.0,0.06040091712752566
2020-11-07,36,New York,10.0,0.05033409760627139
2020-11-14,36,New York,11.0,0.05536750736689853
2020-11-21,36,New York,19.0,0.09563478545191563
2020-11-28,36,New York,20.0,0.10066819521254278
2020-12-05,36,New York,21.0,0.10570160497316991
2020-12-12,36,New York,31.0,0.1560357025794413
2020-12-19,36,New York,36.0,0.181202751382577
2020-12-26,36,New York,37.0,0.18623616114320413
2021-01-02,36,New York,21.0,0.10570160497316991
2021-01-09,36,New York,11.0,0.05536750736689853
2021-01-16,36,New York,18.0,0.0906013756912885
2021-01-23,36,New York,19.0,0.09563478545191563
2021-01-30,36,New York,23.0,0.11576842449442419
2021-02-06,36,New York,20.0,0.10066819521254278
2021-02-13,36,New York,13.0,0.0654343268881528
2021-02-20,36,New York,21.0,0.10570160497316991
2021-02-27,36,New York,10.0,0.05033409760627139
2021-03-06,36,New York,14.0,0.07046773664877994
2021-03-13,36,New York,17.0,0.08556796593066136
2021-03-20,36,New York,11.0,0.05536750736689853
2021-03-27,36,New York,13.0,0.0654343268881528
2021-04-03,36,New York,24.0,0.12080183425505132
2021-04-10,36,New York,27.0,0.13590206353693274
2021-04-17,36,New York,21.0,0.10570160497316991
2021-04-24,36,New York,21.0,0.10570160497316991
2021-05-01,36,New York,16.0,0.08053455617003422
2021-05-08,36,New York,12.0,0.06040091712752566
2021-05-15,36,New York,9.0,0.04530068784564425
2021-05-22,36,New York,23.0,0.11576842449442419
2021-05-29,36,New York,15.0,0.07550114640940708
2021-06-05,36,New York,14.0,0.07046773664877994
2021-06-12,36,New York,6.0,0.03020045856376283
2021-06-19,36,New York,2.0,0.010066819521254277
2021-06-26,36,New York,0.0,0.0
2021-07-03,36,New York,2.0,0.010066819521254277
2021-07-10,36,New York,1.0,0.0050334097606271385
2021-07-17,36,New York,3.0,0.015100229281881416
2021-07-24,36,New York,1.0,0.0050334097606271385
2021-07-31,36,New York,0.0,0.0
2021-08-07,36,New York,7.0,0.03523386832438997
2021-08-14,36,New York,7.0,0.03523386832438997
2021-08-21,36,New York,8.0,0.04026727808501711
2021-08-28,36,New York,7.0,0.03523386832438997
2021-09-04,36,New York,8.0,0.04026727808501711
2021-09-11,36,New York,8.0,0.04026727808501711
2021-09-18,36,New York,8.0,0.04026727808501711
2021-09-25,36,New York,9.0,0.04530068784564425
2021-10-02,36,New York,8.0,0.04026727808501711
2021-10-09,,,36.0,
2021-10-16,,,24.0,
2021-10-23,,,40.0,
2021-10-30,,,27.0,
2021-11-06,,,46.0,
2021-11-13,,,45.0,
2021-11-20,,,54.0,
2021-11-27,,,73.0,
2021-12-04,,,105.0,
2021-12-11,,,149.0,
2021-12-18,,,170.0,
2021-12-25,,,132.0,
2022-01-01,,,138.0,
2022-01-08,,,90.0,
2022-01-15,,,82.0,
2022-01-22,,,63.0,
2022-01-29,,,50.0,
2022-02-05,,,38.0,
2022-02-12,,,58.0,
2022-02-19,,,68.0,
2022-02-26,,,64.0,
2022-03-05,,,96.0,
2022-03-12,,,104.0,
2022-03-19,,,146.0,
2022-03-26,,,176.0,
2022-04-02,,,269.0,
2022-04-09,,,362.0,
2022-04-16,,,421.0,
2022-04-23,,,475.0,
2022-04-30,,,435.0,
2022-05-07,,,378.0,
2022-05-14,,,310.0,
2022-05-21,,,292.0,
2022-05-28,,,253.0,
2022-06-04,,,204.0,
2022-06-11,,,165.0,
2022-06-18,,,161.0,
2022-06-25,,,104.0,
2022-07-02,,,80.0,
2022-07-09,,,64.0,
2022-07-16,,,70.0,
2022-07-23,,,31.0,
2022-07-30,,,41.0,
2022-08-06,,,37.0,
2022-08-13,,,43.0,
2022-08-20,,,36.0,
2022-08-27,,,56.0,
2022-09-03,,,54.0,
2022-09-10,,,59.0,
2022-09-17,,,69.0,
2022-09-24,,,71.0,
2022-10-01,,,94.0,
2020-10-03,,,0.0,
2020-10-10,,,0.0,
2020-10-17,,,0.0,
2020-10-24,,,10.0,
2020-10-31,,,19.0,
2020-11-07,,,35.0,
2020-11-14,,,60.0,
2020-11-21,,,39.0,
2020-11-28,,,30.0,
2020-12-05,,,25.0,
2020-12-12,,,21.0,
2020-12-19,,,32.0,
2020-12-26,,,36.0,
2021-01-02,,,38.0,
2021-01-09,,,34.0,
2021-01-16,,,24.0,
2021-01-23,,,21.0,
2021-01-30,,,33.0,
2021-02-06,,,31.0,
2021-02-13,,,19.0,
2021-02-20,,,37.0,
2021-02-27,,,28.0,
2021-03-06,,,39.0,
2021-03-13,,,21.0,
2021-03-20,,,10.0,
2021-03-27,,,17.0,
2021-04-03,,,71.0,
2021-04-10,,,24.0,
2021-04-17,,,39.0,
2021-04-24,,,22.0,
2021-05-01,,,18.0,
2021-05-08,,,6.0,
2021-05-15,,,11.0,
2021-05-22,,,8.0,
2021-05-29,,,13.0,
2021-06-05,,,10.0,
2021-06-12,,,5.0,
2021-06-19,,,9.0,
2021-06-26,,,7.0,
2021-07-03,,,8.0,
2021-07-10,,,9.0,
2021-07-17,,,15.0,
2021-07-24,,,17.0,
2021-07-31,,,37.0,
2021-08-07,,,67.0,
2021-08-14,,,36.0,
2021-08-21,,,42.0,
2021-08-28,,,21.0,
2021-09-04,,,26.0,
2021-09-11,,,18.0,
2021-09-18,,,21.0,
2021-09-25,,,30.0,
2021-10-02,,,34.0,
2022-10-08,,,333.0,
2022-10-15,,,477.0,
2022-10-22,,,692.0,
2022-10-29,,,1121.0,
2022-11-05,,,1442.0,
2022-11-12,,,1756.0,
2022-11-19,,,1930.0,
2022-11-26,,,3043.0,
2022-12-03,,,4213.0,
2022-12-10,,,3717.0,
2022-12-17,,,3069.0,
2022-12-24,,,2695.0,
2022-12-31,,,2773.0,
2023-01-07,,,2254.0,
2023-01-14,,,1279.0,
2023-01-21,,,835.0,
2023-01-28,,,548.0,
2023-02-04,,,490.0,
2023-02-11,,,415.0,
2023-02-18,,,347.0,
2023-02-25,,,304.0,
2023-03-04,,,277.0,
2023-03-11,,,226.0,
2023-03-18,,,223.0,
2023-03-25,,,198.0,
2023-04-01,,,239.0,
2023-04-08,,,185.0,
2023-04-15,,,180.0,
2023-04-22,,,152.0,
2023-04-29,,,164.0,
2023-05-06,,,227.0,
2023-05-13,,,144.0,
2023-05-20,,,150.0,
2023-05-27,,,154.0,
2023-06-03,,,117.0,
2023-06-10,,,101.0,
2023-06-17,,,131.0,
2023-06-24,,,139.0,
2023-07-01,,,122.0,
2023-07-08,,,109.0,
2023-07-15,,,118.0,
2023-07-22,,,113.0,
2023-07-29,,,121.0,
2023-08-05,,,139.0,
2023-08-12,,,147.0,
2023-08-19,,,163.0,
2023-08-26,,,144.0,
2023-09-02,,,164.0,
2023-09-09,,,148.0,
2023-09-16,,,175.0,
2023-09-23,,,146.0,
2023-09-30,,,175.0,
2021-10-09,51,Virginia,12.0,0.13619038053294702
2021-10-16,51,Virginia,9.0,0.10214278539971025
2021-10-23,51,Virginia,16.0,0.18158717404392935
2021-10-30,51,Virginia,10.0,0.11349198377745584
2021-11-06,51,Virginia,6.0,0.06809519026647351
2021-11-13,51,Virginia,15.0,0.17023797566618376
2021-11-20,51,Virginia,14.0,0.15888877728843817
2021-11-27,51,Virginia,23.0,0.2610315626881484
2021-12-04,51,Virginia,33.0,0.37452354646560426
2021-12-11,51,Virginia,33.0,0.37452354646560426
2021-12-18,51,Virginia,35.0,0.39722194322109544
2021-12-25,51,Virginia,35.0,0.39722194322109544
2022-01-01,51,Virginia,50.0,0.5674599188872792
2022-01-08,51,Virginia,48.0,0.5447615221317881
2022-01-15,51,Virginia,37.0,0.4199203399765866
2022-01-22,51,Virginia,44.0,0.49936472862080566
2022-01-29,51,Virginia,40.0,0.45396793510982336
2022-02-05,51,Virginia,38.0,0.4312695383543322
2022-02-12,51,Virginia,34.0,0.3858727448433499
2022-02-19,51,Virginia,31.0,0.3518251497101131
2022-02-26,51,Virginia,27.0,0.3064283561991308
2022-03-05,51,Virginia,27.0,0.3064283561991308
2022-03-12,51,Virginia,18.0,0.2042855707994205
2022-03-19,51,Virginia,32.0,0.3631743480878587
2022-03-26,51,Virginia,35.0,0.39722194322109544
2022-04-02,51,Virginia,39.0,0.44261873673207774
2022-04-09,51,Virginia,35.0,0.39722194322109544
2022-04-16,51,Virginia,51.0,0.5788091172650248
2022-04-23,51,Virginia,42.0,0.47666633186531454
2022-04-30,51,Virginia,57.0,0.6469043075314983
2022-05-07,51,Virginia,44.0,0.49936472862080566
2022-05-14,51,Virginia,41.0,0.4653171334875689
2022-05-21,51,Virginia,35.0,0.39722194322109544
2022-05-28,51,Virginia,35.0,0.39722194322109544
2022-06-04,51,Virginia,41.0,0.4653171334875689
2022-06-11,51,Virginia,40.0,0.45396793510982336
2022-06-18,51,Virginia,29.0,0.32912675295462196
2022-06-25,51,Virginia,35.0,0.39722194322109544
2022-07-02,51,Virginia,39.0,0.44261873673207774
2022-07-09,51,Virginia,20.0,0.22698396755491168
2022-07-16,51,Virginia,19.0,0.2156347691771661
2022-07-23,51,Virginia,33.0,0.37452354646560426
2022-07-30,51,Virginia,27.0,0.3064283561991308
2022-08-06,51,Virginia,15.0,0.17023797566618376
2022-08-13,51,Virginia,28.0,0.31777755457687634
2022-08-20,51,Virginia,16.0,0.18158717404392935
2022-08-27,51,Virginia,14.0,0.15888877728843817
2022-09-03,51,Virginia,24.0,0.27238076106589404
2022-09-10,51,Virginia,20.0,0.22698396755491168
2022-09-17,51,Virginia,27.0,0.3064283561991308
2022-09-24,51,Virginia,16.0,0.18158717404392935
2022-10-01,51,Virginia,29.0,0.32912675295462196
